1984,1,January,1,Actual Outturn,1,Customs,8888
1984,1,January,1,Actual Outturn,2,Excise Duty,100210
1984,1,January,1,Actual Outturn,3,Capital Gains Tax,2220
1984,1,January,1,Actual Outturn,5,Stamps,9683
1984,1,January,1,Actual Outturn,6,Income Tax,203590
1984,1,January,1,Actual Outturn,7,Corporation Tax,13318
1984,1,January,1,Actual Outturn,8,Valued Added Tax,150982
1984,1,January,1,Actual Outturn,9,Training and Employment Levy,10542
1984,1,January,1,Actual Outturn,21,Motor Vehicle Duties,11136
1984,2,February,1,Actual Outturn,1,Customs,9523
1984,2,February,1,Actual Outturn,2,Excise Duty,113701
1984,2,February,1,Actual Outturn,3,Capital Gains Tax,2617
1984,2,February,1,Actual Outturn,5,Stamps,10955
1984,2,February,1,Actual Outturn,6,Income Tax,188239
1984,2,February,1,Actual Outturn,7,Corporation Tax,13387
1984,2,February,1,Actual Outturn,8,Valued Added Tax,143272
1984,2,February,1,Actual Outturn,9,Training and Employment Levy,7988
1984,2,February,1,Actual Outturn,21,Motor Vehicle Duties,16278
1984,3,March,1,Actual Outturn,1,Customs,9523
1984,3,March,1,Actual Outturn,2,Excise Duty,120959
1984,3,March,1,Actual Outturn,3,Capital Gains Tax,2746
1984,3,March,1,Actual Outturn,5,Stamps,8652
1984,3,March,1,Actual Outturn,6,Income Tax,250169
1984,3,March,1,Actual Outturn,7,Corporation Tax,10705
1984,3,March,1,Actual Outturn,8,Valued Added Tax,155572
1984,3,March,1,Actual Outturn,9,Training and Employment Levy,9109
1984,3,March,1,Actual Outturn,21,Motor Vehicle Duties,13722
1984,4,April,1,Actual Outturn,1,Customs,10793
1984,4,April,1,Actual Outturn,2,Excise Duty,108851
1984,4,April,1,Actual Outturn,3,Capital Gains Tax,2448
1984,4,April,1,Actual Outturn,5,Stamps,5942
1984,4,April,1,Actual Outturn,6,Income Tax,205460
1984,4,April,1,Actual Outturn,7,Corporation Tax,12701
1984,4,April,1,Actual Outturn,8,Valued Added Tax,92486
1984,4,April,1,Actual Outturn,9,Training and Employment Levy,7691
1984,4,April,1,Actual Outturn,21,Motor Vehicle Duties,10935
1984,5,May,1,Actual Outturn,1,Customs,10793
1984,5,May,1,Actual Outturn,2,Excise Duty,139832
1984,5,May,1,Actual Outturn,3,Capital Gains Tax,3501
1984,5,May,1,Actual Outturn,5,Stamps,11024
1984,5,May,1,Actual Outturn,6,Income Tax,214197
1984,5,May,1,Actual Outturn,7,Corporation Tax,15285
1984,5,May,1,Actual Outturn,8,Valued Added Tax,150408
1984,5,May,1,Actual Outturn,9,Training and Employment Levy,11858
1984,5,May,1,Actual Outturn,21,Motor Vehicle Duties,13595
1984,6,June,1,Actual Outturn,1,Customs,8403
1984,6,June,1,Actual Outturn,2,Excise Duty,129016
1984,6,June,1,Actual Outturn,3,Capital Gains Tax,2955
1984,6,June,1,Actual Outturn,5,Stamps,8366
1984,6,June,1,Actual Outturn,6,Income Tax,202172
1984,6,June,1,Actual Outturn,7,Corporation Tax,7362
1984,6,June,1,Actual Outturn,8,Valued Added Tax,110024
1984,6,June,1,Actual Outturn,9,Training and Employment Levy,12172
1984,6,June,1,Actual Outturn,21,Motor Vehicle Duties,10468
1984,7,July,1,Actual Outturn,1,Customs,9777
1984,7,July,1,Actual Outturn,2,Excise Duty,140284
1984,7,July,1,Actual Outturn,3,Capital Gains Tax,2834
1984,7,July,1,Actual Outturn,5,Stamps,9042
1984,7,July,1,Actual Outturn,6,Income Tax,214770
1984,7,July,1,Actual Outturn,7,Corporation Tax,59097
1984,7,July,1,Actual Outturn,8,Valued Added Tax,187655
1984,7,July,1,Actual Outturn,9,Training and Employment Levy,1590
1984,7,July,1,Actual Outturn,21,Motor Vehicle Duties,11161
1984,8,August,1,Actual Outturn,1,Customs,11428
1984,8,August,1,Actual Outturn,2,Excise Duty,139500
1984,8,August,1,Actual Outturn,3,Capital Gains Tax,6267
1984,8,August,1,Actual Outturn,5,Stamps,13613
1984,8,August,1,Actual Outturn,6,Income Tax,191398
1984,8,August,1,Actual Outturn,7,Corporation Tax,43626
1984,8,August,1,Actual Outturn,8,Valued Added Tax,104885
1984,8,August,1,Actual Outturn,9,Training and Employment Levy,18664
1984,8,August,1,Actual Outturn,21,Motor Vehicle Duties,12347
1984,9,September,1,Actual Outturn,1,Customs,6707
1984,9,September,1,Actual Outturn,2,Excise Duty,139450
1984,9,September,1,Actual Outturn,3,Capital Gains Tax,1389
1984,9,September,1,Actual Outturn,5,Stamps,39521
1984,9,September,1,Actual Outturn,6,Income Tax,211960
1984,9,September,1,Actual Outturn,7,Corporation Tax,19074
1984,9,September,1,Actual Outturn,8,Valued Added Tax,179430
1984,9,September,1,Actual Outturn,9,Training and Employment Levy,9671
1984,9,September,1,Actual Outturn,21,Motor Vehicle Duties,9725
1984,10,October,1,Actual Outturn,1,Customs,11428
1984,10,October,1,Actual Outturn,2,Excise Duty,136311
1984,10,October,1,Actual Outturn,3,Capital Gains Tax,4128
1984,10,October,1,Actual Outturn,5,Stamps,7728
1984,10,October,1,Actual Outturn,6,Income Tax,193393
1984,10,October,1,Actual Outturn,7,Corporation Tax,28470
1984,10,October,1,Actual Outturn,8,Valued Added Tax,116316
1984,10,October,1,Actual Outturn,9,Training and Employment Levy,744
1984,10,October,1,Actual Outturn,21,Motor Vehicle Duties,10886
1984,11,November,1,Actual Outturn,1,Customs,11174
1984,11,November,1,Actual Outturn,2,Excise Duty,125735
1984,11,November,1,Actual Outturn,3,Capital Gains Tax,3196
1984,11,November,1,Actual Outturn,5,Stamps,10607
1984,11,November,1,Actual Outturn,6,Income Tax,245345
1984,11,November,1,Actual Outturn,7,Corporation Tax,33600
1984,11,November,1,Actual Outturn,8,Valued Added Tax,213837
1984,11,November,1,Actual Outturn,9,Training and Employment Levy,18224
1984,11,November,1,Actual Outturn,21,Motor Vehicle Duties,10780
1984,12,December  ,1,Actual Outturn,1,Customs,9127
1984,12,December  ,1,Actual Outturn,2,Excise Duty,182652
1984,12,December  ,1,Actual Outturn,3,Capital Gains Tax,3965
1984,12,December  ,1,Actual Outturn,5,Stamps,7364
1984,12,December  ,1,Actual Outturn,6,Income Tax,275447
1984,12,December  ,1,Actual Outturn,7,Corporation Tax,9606
1984,12,December  ,1,Actual Outturn,8,Valued Added Tax,124053
1984,12,December  ,1,Actual Outturn,9,Training and Employment Levy,19570
1984,12,December  ,1,Actual Outturn,21,Motor Vehicle Duties,9690
1985,1,January,1,Actual Outturn,1,Customs,12063
1985,1,January,1,Actual Outturn,2,Excise Duty,103184
1985,1,January,1,Actual Outturn,3,Capital Gains Tax,2644
1985,1,January,1,Actual Outturn,5,Stamps,9482
1985,1,January,1,Actual Outturn,6,Income Tax,237722
1985,1,January,1,Actual Outturn,7,Corporation Tax,15123
1985,1,January,1,Actual Outturn,8,Valued Added Tax,185144
1985,1,January,1,Actual Outturn,9,Training and Employment Levy,9088
1985,1,January,1,Actual Outturn,21,Motor Vehicle Duties,12504
1985,2,February,1,Actual Outturn,1,Customs,14983
1985,2,February,1,Actual Outturn,2,Excise Duty,119649
1985,2,February,1,Actual Outturn,3,Capital Gains Tax,3507
1985,2,February,1,Actual Outturn,5,Stamps,11562
1985,2,February,1,Actual Outturn,6,Income Tax,184598
1985,2,February,1,Actual Outturn,7,Corporation Tax,11100
1985,2,February,1,Actual Outturn,8,Valued Added Tax,120132
1985,2,February,1,Actual Outturn,9,Training and Employment Levy,9582
1985,2,February,1,Actual Outturn,21,Motor Vehicle Duties,15509
1985,3,March,1,Actual Outturn,1,Customs,10158
1985,3,March,1,Actual Outturn,2,Excise Duty,132874
1985,3,March,1,Actual Outturn,3,Capital Gains Tax,2953
1985,3,March,1,Actual Outturn,5,Stamps,7406
1985,3,March,1,Actual Outturn,6,Income Tax,193264
1985,3,March,1,Actual Outturn,7,Corporation Tax,9292
1985,3,March,1,Actual Outturn,8,Valued Added Tax,166149
1985,3,March,1,Actual Outturn,9,Training and Employment Levy,8232
1985,3,March,1,Actual Outturn,21,Motor Vehicle Duties,13816
1985,4,April,1,Actual Outturn,1,Customs,11428
1985,4,April,1,Actual Outturn,2,Excise Duty,108158
1985,4,April,1,Actual Outturn,3,Capital Gains Tax,2719
1985,4,April,1,Actual Outturn,5,Stamps,7277
1985,4,April,1,Actual Outturn,6,Income Tax,207586
1985,4,April,1,Actual Outturn,7,Corporation Tax,17816
1985,4,April,1,Actual Outturn,8,Valued Added Tax,109548
1985,4,April,1,Actual Outturn,9,Training and Employment Levy,616
1985,4,April,1,Actual Outturn,21,Motor Vehicle Duties,14445
1985,5,May,1,Actual Outturn,1,Customs,10793
1985,5,May,1,Actual Outturn,2,Excise Duty,147984
1985,5,May,1,Actual Outturn,3,Capital Gains Tax,2892
1985,5,May,1,Actual Outturn,5,Stamps,15079
1985,5,May,1,Actual Outturn,6,Income Tax,236114
1985,5,May,1,Actual Outturn,7,Corporation Tax,12663
1985,5,May,1,Actual Outturn,8,Valued Added Tax,181350
1985,5,May,1,Actual Outturn,9,Training and Employment Levy,18328
1985,5,May,1,Actual Outturn,21,Motor Vehicle Duties,14182
1985,6,June,1,Actual Outturn,1,Customs,8429
1985,6,June,1,Actual Outturn,2,Excise Duty,142011
1985,6,June,1,Actual Outturn,3,Capital Gains Tax,6382
1985,6,June,1,Actual Outturn,5,Stamps,9009
1985,6,June,1,Actual Outturn,6,Income Tax,222114
1985,6,June,1,Actual Outturn,7,Corporation Tax,9642
1985,6,June,1,Actual Outturn,8,Valued Added Tax,125789
1985,6,June,1,Actual Outturn,9,Training and Employment Levy,4678
1985,6,June,1,Actual Outturn,21,Motor Vehicle Duties,11000
1985,7,July,1,Actual Outturn,1,Customs,11428
1985,7,July,1,Actual Outturn,2,Excise Duty,139638
1985,7,July,1,Actual Outturn,3,Capital Gains Tax,4016
1985,7,July,1,Actual Outturn,5,Stamps,9912
1985,7,July,1,Actual Outturn,6,Income Tax,251374
1985,7,July,1,Actual Outturn,7,Corporation Tax,52905
1985,7,July,1,Actual Outturn,8,Valued Added Tax,163770
1985,7,July,1,Actual Outturn,9,Training and Employment Levy,8518
1985,7,July,1,Actual Outturn,21,Motor Vehicle Duties,14599
1985,8,August,1,Actual Outturn,1,Customs,7999
1985,8,August,1,Actual Outturn,2,Excise Duty,144584
1985,8,August,1,Actual Outturn,3,Capital Gains Tax,3791
1985,8,August,1,Actual Outturn,5,Stamps,12734
1985,8,August,1,Actual Outturn,6,Income Tax,226465
1985,8,August,1,Actual Outturn,7,Corporation Tax,53461
1985,8,August,1,Actual Outturn,8,Valued Added Tax,99046
1985,8,August,1,Actual Outturn,9,Training and Employment Levy,19997
1985,8,August,1,Actual Outturn,21,Motor Vehicle Duties,11720
1985,9,September,1,Actual Outturn,1,Customs,5793
1985,9,September,1,Actual Outturn,2,Excise Duty,149166
1985,9,September,1,Actual Outturn,3,Capital Gains Tax,3323
1985,9,September,1,Actual Outturn,5,Stamps,41098
1985,9,September,1,Actual Outturn,6,Income Tax,235147
1985,9,September,1,Actual Outturn,7,Corporation Tax,19311
1985,9,September,1,Actual Outturn,8,Valued Added Tax,193240
1985,9,September,1,Actual Outturn,9,Training and Employment Levy,11264
1985,9,September,1,Actual Outturn,21,Motor Vehicle Duties,12783
1985,10,October,1,Actual Outturn,1,Customs,11047
1985,10,October,1,Actual Outturn,2,Excise Duty,145219
1985,10,October,1,Actual Outturn,3,Capital Gains Tax,3539
1985,10,October,1,Actual Outturn,5,Stamps,7764
1985,10,October,1,Actual Outturn,6,Income Tax,206406
1985,10,October,1,Actual Outturn,7,Corporation Tax,28616
1985,10,October,1,Actual Outturn,8,Valued Added Tax,115207
1985,10,October,1,Actual Outturn,9,Training and Employment Levy,11755
1985,10,October,1,Actual Outturn,21,Motor Vehicle Duties,13156
1985,11,November,1,Actual Outturn,1,Customs,11428
1985,11,November,1,Actual Outturn,2,Excise Duty,125917
1985,11,November,1,Actual Outturn,3,Capital Gains Tax,3201
1985,11,November,1,Actual Outturn,5,Stamps,12022
1985,11,November,1,Actual Outturn,6,Income Tax,287052
1985,11,November,1,Actual Outturn,7,Corporation Tax,29783
1985,11,November,1,Actual Outturn,8,Valued Added Tax,195791
1985,11,November,1,Actual Outturn,9,Training and Employment Levy,9479
1985,11,November,1,Actual Outturn,21,Motor Vehicle Duties,11433
1985,12,December  ,1,Actual Outturn,1,Customs,7389
1985,12,December  ,1,Actual Outturn,2,Excise Duty,212663
1985,12,December  ,1,Actual Outturn,3,Capital Gains Tax,2470
1985,12,December  ,1,Actual Outturn,5,Stamps,8423
1985,12,December  ,1,Actual Outturn,6,Income Tax,276404
1985,12,December  ,1,Actual Outturn,7,Corporation Tax,16079
1985,12,December  ,1,Actual Outturn,8,Valued Added Tax,125398
1985,12,December  ,1,Actual Outturn,9,Training and Employment Levy,12195
1985,12,December  ,1,Actual Outturn,21,Motor Vehicle Duties,9850
1986,1,January,1,Actual Outturn,1,Customs,11428
1986,1,January,1,Actual Outturn,2,Excise Duty,111869
1986,1,January,1,Actual Outturn,3,Capital Gains Tax,2310
1986,1,January,1,Actual Outturn,5,Stamps,10039
1986,1,January,1,Actual Outturn,6,Income Tax,276449
1986,1,January,1,Actual Outturn,7,Corporation Tax,16429
1986,1,January,1,Actual Outturn,8,Valued Added Tax,211789
1986,1,January,1,Actual Outturn,9,Training and Employment Levy,10677
1986,1,January,1,Actual Outturn,21,Motor Vehicle Duties,14249
1986,2,February,1,Actual Outturn,1,Customs,8634
1986,2,February,1,Actual Outturn,2,Excise Duty,134334
1986,2,February,1,Actual Outturn,3,Capital Gains Tax,2663
1986,2,February,1,Actual Outturn,5,Stamps,9955
1986,2,February,1,Actual Outturn,6,Income Tax,222099
1986,2,February,1,Actual Outturn,7,Corporation Tax,10230
1986,2,February,1,Actual Outturn,8,Valued Added Tax,105388
1986,2,February,1,Actual Outturn,9,Training and Employment Levy,650
1986,2,February,1,Actual Outturn,21,Motor Vehicle Duties,18049
1986,3,March,1,Actual Outturn,1,Customs,5904
1986,3,March,1,Actual Outturn,2,Excise Duty,127195
1986,3,March,1,Actual Outturn,3,Capital Gains Tax,2989
1986,3,March,1,Actual Outturn,5,Stamps,9364
1986,3,March,1,Actual Outturn,6,Income Tax,213619
1986,3,March,1,Actual Outturn,7,Corporation Tax,6416
1986,3,March,1,Actual Outturn,8,Valued Added Tax,174688
1986,3,March,1,Actual Outturn,9,Training and Employment Levy,19524
1986,3,March,1,Actual Outturn,21,Motor Vehicle Duties,14223
1986,4,April,1,Actual Outturn,1,Customs,9650
1986,4,April,1,Actual Outturn,2,Excise Duty,132704
1986,4,April,1,Actual Outturn,3,Capital Gains Tax,3729
1986,4,April,1,Actual Outturn,5,Stamps,8616
1986,4,April,1,Actual Outturn,6,Income Tax,250133
1986,4,April,1,Actual Outturn,7,Corporation Tax,21758
1986,4,April,1,Actual Outturn,8,Valued Added Tax,135428
1986,4,April,1,Actual Outturn,9,Training and Employment Levy,752
1986,4,April,1,Actual Outturn,21,Motor Vehicle Duties,15221
1986,5,May,1,Actual Outturn,1,Customs,11428
1986,5,May,1,Actual Outturn,2,Excise Duty,135592
1986,5,May,1,Actual Outturn,3,Capital Gains Tax,4425
1986,5,May,1,Actual Outturn,5,Stamps,14796
1986,5,May,1,Actual Outturn,6,Income Tax,214082
1986,5,May,1,Actual Outturn,7,Corporation Tax,25419
1986,5,May,1,Actual Outturn,8,Valued Added Tax,201271
1986,5,May,1,Actual Outturn,9,Training and Employment Levy,17807
1986,5,May,1,Actual Outturn,21,Motor Vehicle Duties,15189
1986,6,June,1,Actual Outturn,1,Customs,6349
1986,6,June,1,Actual Outturn,2,Excise Duty,149119
1986,6,June,1,Actual Outturn,3,Capital Gains Tax,2562
1986,6,June,1,Actual Outturn,5,Stamps,8456
1986,6,June,1,Actual Outturn,6,Income Tax,249576
1986,6,June,1,Actual Outturn,7,Corporation Tax,38473
1986,6,June,1,Actual Outturn,8,Valued Added Tax,110000
1986,6,June,1,Actual Outturn,9,Training and Employment Levy,10418
1986,6,June,1,Actual Outturn,21,Motor Vehicle Duties,11332
1986,7,July,1,Actual Outturn,1,Customs,9523
1986,7,July,1,Actual Outturn,2,Excise Duty,150680
1986,7,July,1,Actual Outturn,3,Capital Gains Tax,5660
1986,7,July,1,Actual Outturn,5,Stamps,10837
1986,7,July,1,Actual Outturn,6,Income Tax,255820
1986,7,July,1,Actual Outturn,7,Corporation Tax,66668
1986,7,July,1,Actual Outturn,8,Valued Added Tax,215523
1986,7,July,1,Actual Outturn,9,Training and Employment Levy,14008
1986,7,July,1,Actual Outturn,21,Motor Vehicle Duties,15552
1986,8,August,1,Actual Outturn,1,Customs,9142
1986,8,August,1,Actual Outturn,2,Excise Duty,149736
1986,8,August,1,Actual Outturn,3,Capital Gains Tax,3305
1986,8,August,1,Actual Outturn,5,Stamps,14005
1986,8,August,1,Actual Outturn,6,Income Tax,217844
1986,8,August,1,Actual Outturn,7,Corporation Tax,40408
1986,8,August,1,Actual Outturn,8,Valued Added Tax,86439
1986,8,August,1,Actual Outturn,9,Training and Employment Levy,10440
1986,8,August,1,Actual Outturn,21,Motor Vehicle Duties,13740
1986,9,September,1,Actual Outturn,1,Customs,4902
1986,9,September,1,Actual Outturn,2,Excise Duty,159160
1986,9,September,1,Actual Outturn,3,Capital Gains Tax,4656
1986,9,September,1,Actual Outturn,5,Stamps,48551
1986,9,September,1,Actual Outturn,6,Income Tax,227705
1986,9,September,1,Actual Outturn,7,Corporation Tax,18637
1986,9,September,1,Actual Outturn,8,Valued Added Tax,225922
1986,9,September,1,Actual Outturn,9,Training and Employment Levy,2304
1986,9,September,1,Actual Outturn,21,Motor Vehicle Duties,12241
1986,10,October,1,Actual Outturn,1,Customs,11047
1986,10,October,1,Actual Outturn,2,Excise Duty,142952
1986,10,October,1,Actual Outturn,3,Capital Gains Tax,3521
1986,10,October,1,Actual Outturn,5,Stamps,13193
1986,10,October,1,Actual Outturn,6,Income Tax,396873
1986,10,October,1,Actual Outturn,7,Corporation Tax,26698
1986,10,October,1,Actual Outturn,8,Valued Added Tax,116441
1986,10,October,1,Actual Outturn,9,Training and Employment Levy,22190
1986,10,October,1,Actual Outturn,21,Motor Vehicle Duties,13018
1986,11,November,1,Actual Outturn,1,Customs,7618
1986,11,November,1,Actual Outturn,2,Excise Duty,144344
1986,11,November,1,Actual Outturn,3,Capital Gains Tax,3273
1986,11,November,1,Actual Outturn,5,Stamps,42780
1986,11,November,1,Actual Outturn,6,Income Tax,274610
1986,11,November,1,Actual Outturn,7,Corporation Tax,43581
1986,11,November,1,Actual Outturn,8,Valued Added Tax,220199
1986,11,November,1,Actual Outturn,9,Training and Employment Levy,10005
1986,11,November,1,Actual Outturn,21,Motor Vehicle Duties,12941
1986,12,December  ,1,Actual Outturn,1,Customs,7824
1986,12,December  ,1,Actual Outturn,2,Excise Duty,214982
1986,12,December  ,1,Actual Outturn,3,Capital Gains Tax,3803
1986,12,December  ,1,Actual Outturn,5,Stamps,10794
1986,12,December  ,1,Actual Outturn,6,Income Tax,275674
1986,12,December  ,1,Actual Outturn,7,Corporation Tax,12837
1986,12,December  ,1,Actual Outturn,8,Valued Added Tax,135933
1986,12,December  ,1,Actual Outturn,9,Training and Employment Levy,13509
1986,12,December  ,1,Actual Outturn,21,Motor Vehicle Duties,10303
1987,1,January,1,Actual Outturn,1,Customs,9777
1987,1,January,1,Actual Outturn,2,Excise Duty,96819
1987,1,January,1,Actual Outturn,3,Capital Gains Tax,2627
1987,1,January,1,Actual Outturn,5,Stamps,9180
1987,1,January,1,Actual Outturn,6,Income Tax,202349
1987,1,January,1,Actual Outturn,7,Corporation Tax,7996
1987,1,January,1,Actual Outturn,8,Valued Added Tax,187177
1987,1,January,1,Actual Outturn,9,Training and Employment Levy,10175
1987,1,January,1,Actual Outturn,21,Motor Vehicle Duties,14272
1987,2,February,1,Actual Outturn,1,Customs,8253
1987,2,February,1,Actual Outturn,2,Excise Duty,151616
1987,2,February,1,Actual Outturn,3,Capital Gains Tax,2840
1987,2,February,1,Actual Outturn,5,Stamps,14272
1987,2,February,1,Actual Outturn,6,Income Tax,270369
1987,2,February,1,Actual Outturn,7,Corporation Tax,18249
1987,2,February,1,Actual Outturn,8,Valued Added Tax,171323
1987,2,February,1,Actual Outturn,9,Training and Employment Levy,8790
1987,2,February,1,Actual Outturn,21,Motor Vehicle Duties,19321
1987,3,March,1,Actual Outturn,1,Customs,5714
1987,3,March,1,Actual Outturn,2,Excise Duty,133846
1987,3,March,1,Actual Outturn,3,Capital Gains Tax,3551
1987,3,March,1,Actual Outturn,5,Stamps,23314
1987,3,March,1,Actual Outturn,6,Income Tax,231706
1987,3,March,1,Actual Outturn,7,Corporation Tax,15850
1987,3,March,1,Actual Outturn,8,Valued Added Tax,187730
1987,3,March,1,Actual Outturn,9,Training and Employment Levy,10380
1987,3,March,1,Actual Outturn,21,Motor Vehicle Duties,15455
1987,4,April,1,Actual Outturn,1,Customs,10158
1987,4,April,1,Actual Outturn,2,Excise Duty,136357
1987,4,April,1,Actual Outturn,3,Capital Gains Tax,4223
1987,4,April,1,Actual Outturn,5,Stamps,7046
1987,4,April,1,Actual Outturn,6,Income Tax,390941
1987,4,April,1,Actual Outturn,7,Corporation Tax,22543
1987,4,April,1,Actual Outturn,8,Valued Added Tax,122894
1987,4,April,1,Actual Outturn,9,Training and Employment Levy,11061
1987,4,April,1,Actual Outturn,21,Motor Vehicle Duties,14782
1987,5,May,1,Actual Outturn,1,Customs,8888
1987,5,May,1,Actual Outturn,2,Excise Duty,135735
1987,5,May,1,Actual Outturn,3,Capital Gains Tax,7966
1987,5,May,1,Actual Outturn,5,Stamps,13905
1987,5,May,1,Actual Outturn,6,Income Tax,261256
1987,5,May,1,Actual Outturn,7,Corporation Tax,23086
1987,5,May,1,Actual Outturn,8,Valued Added Tax,197444
1987,5,May,1,Actual Outturn,9,Training and Employment Levy,11084
1987,5,May,1,Actual Outturn,21,Motor Vehicle Duties,14016
1987,6,June,1,Actual Outturn,1,Customs,10158
1987,6,June,1,Actual Outturn,2,Excise Duty,151115
1987,6,June,1,Actual Outturn,3,Capital Gains Tax,3036
1987,6,June,1,Actual Outturn,5,Stamps,13398
1987,6,June,1,Actual Outturn,6,Income Tax,250170
1987,6,June,1,Actual Outturn,7,Corporation Tax,23108
1987,6,June,1,Actual Outturn,8,Valued Added Tax,116584
1987,6,June,1,Actual Outturn,9,Training and Employment Levy,11371
1987,6,June,1,Actual Outturn,21,Motor Vehicle Duties,14447
1987,7,July,1,Actual Outturn,1,Customs,11555
1987,7,July,1,Actual Outturn,2,Excise Duty,152749
1987,7,July,1,Actual Outturn,3,Capital Gains Tax,5620
1987,7,July,1,Actual Outturn,5,Stamps,20588
1987,7,July,1,Actual Outturn,6,Income Tax,241431
1987,7,July,1,Actual Outturn,7,Corporation Tax,66864
1987,7,July,1,Actual Outturn,8,Valued Added Tax,236904
1987,7,July,1,Actual Outturn,9,Training and Employment Levy,13215
1987,7,July,1,Actual Outturn,21,Motor Vehicle Duties,15137
1987,8,August,1,Actual Outturn,1,Customs,10920
1987,8,August,1,Actual Outturn,2,Excise Duty,148619
1987,8,August,1,Actual Outturn,3,Capital Gains Tax,3565
1987,8,August,1,Actual Outturn,5,Stamps,23243
1987,8,August,1,Actual Outturn,6,Income Tax,243734
1987,8,August,1,Actual Outturn,7,Corporation Tax,48994
1987,8,August,1,Actual Outturn,8,Valued Added Tax,107829
1987,8,August,1,Actual Outturn,9,Training and Employment Levy,12531
1987,8,August,1,Actual Outturn,21,Motor Vehicle Duties,13489
1987,9,September,1,Actual Outturn,1,Customs,9269
1987,9,September,1,Actual Outturn,2,Excise Duty,145624
1987,9,September,1,Actual Outturn,3,Capital Gains Tax,3251
1987,9,September,1,Actual Outturn,5,Stamps,46574
1987,9,September,1,Actual Outturn,6,Income Tax,263660
1987,9,September,1,Actual Outturn,7,Corporation Tax,27214
1987,9,September,1,Actual Outturn,8,Valued Added Tax,221009
1987,9,September,1,Actual Outturn,9,Training and Employment Levy,807
1987,9,September,1,Actual Outturn,21,Motor Vehicle Duties,14189
1987,10,October,1,Actual Outturn,1,Customs,10793
1987,10,October,1,Actual Outturn,2,Excise Duty,152414
1987,10,October,1,Actual Outturn,3,Capital Gains Tax,6938
1987,10,October,1,Actual Outturn,5,Stamps,14189
1987,10,October,1,Actual Outturn,6,Income Tax,465090
1987,10,October,1,Actual Outturn,7,Corporation Tax,28281
1987,10,October,1,Actual Outturn,8,Valued Added Tax,104163
1987,10,October,1,Actual Outturn,9,Training and Employment Levy,11978
1987,10,October,1,Actual Outturn,21,Motor Vehicle Duties,11148
1987,11,November,1,Actual Outturn,1,Customs,11682
1987,11,November,1,Actual Outturn,2,Excise Duty,142362
1987,11,November,1,Actual Outturn,3,Capital Gains Tax,4664
1987,11,November,1,Actual Outturn,5,Stamps,18882
1987,11,November,1,Actual Outturn,6,Income Tax,331515
1987,11,November,1,Actual Outturn,7,Corporation Tax,34901
1987,11,November,1,Actual Outturn,8,Valued Added Tax,255677
1987,11,November,1,Actual Outturn,9,Training and Employment Levy,19614
1987,11,November,1,Actual Outturn,21,Motor Vehicle Duties,13358
1987,12,December  ,1,Actual Outturn,1,Customs,4571
1987,12,December  ,1,Actual Outturn,2,Excise Duty,219187
1987,12,December  ,1,Actual Outturn,3,Capital Gains Tax,2966
1987,12,December  ,1,Actual Outturn,5,Stamps,9844
1987,12,December  ,1,Actual Outturn,6,Income Tax,296250
1987,12,December  ,1,Actual Outturn,7,Corporation Tax,9933
1987,12,December  ,1,Actual Outturn,8,Valued Added Tax,103639
1987,12,December  ,1,Actual Outturn,9,Training and Employment Levy,16017
1987,12,December  ,1,Actual Outturn,21,Motor Vehicle Duties,17026
1988,1,January,1,Actual Outturn,1,Customs,7999
1988,1,January,1,Actual Outturn,2,Excise Duty,114779
1988,1,January,1,Actual Outturn,3,Capital Gains Tax,4850
1988,1,January,1,Actual Outturn,5,Stamps,16918
1988,1,January,1,Actual Outturn,6,Income Tax,291429
1988,1,January,1,Actual Outturn,7,Corporation Tax,20044
1988,1,January,1,Actual Outturn,8,Valued Added Tax,277551
1988,1,January,1,Actual Outturn,9,Training and Employment Levy,10265
1988,1,January,1,Actual Outturn,21,Motor Vehicle Duties,14528
1988,2,February,1,Actual Outturn,1,Customs,10666
1988,2,February,1,Actual Outturn,2,Excise Duty,105454
1988,2,February,1,Actual Outturn,3,Capital Gains Tax,3694
1988,2,February,1,Actual Outturn,5,Stamps,19671
1988,2,February,1,Actual Outturn,6,Income Tax,256135
1988,2,February,1,Actual Outturn,7,Corporation Tax,14018
1988,2,February,1,Actual Outturn,8,Valued Added Tax,101010
1988,2,February,1,Actual Outturn,9,Training and Employment Levy,9873
1988,2,February,1,Actual Outturn,21,Motor Vehicle Duties,17128
1988,3,March,1,Actual Outturn,1,Customs,9523
1988,3,March,1,Actual Outturn,2,Excise Duty,187865
1988,3,March,1,Actual Outturn,3,Capital Gains Tax,3650
1988,3,March,1,Actual Outturn,5,Stamps,21765
1988,3,March,1,Actual Outturn,6,Income Tax,265872
1988,3,March,1,Actual Outturn,7,Corporation Tax,18429
1988,3,March,1,Actual Outturn,8,Valued Added Tax,202314
1988,3,March,1,Actual Outturn,9,Training and Employment Levy,10212
1988,3,March,1,Actual Outturn,21,Motor Vehicle Duties,16595
1988,4,April,1,Actual Outturn,1,Customs,8634
1988,4,April,1,Actual Outturn,2,Excise Duty,137241
1988,4,April,1,Actual Outturn,3,Capital Gains Tax,3720
1988,4,April,1,Actual Outturn,5,Stamps,10280
1988,4,April,1,Actual Outturn,6,Income Tax,367904
1988,4,April,1,Actual Outturn,7,Corporation Tax,13821
1988,4,April,1,Actual Outturn,8,Valued Added Tax,130767
1988,4,April,1,Actual Outturn,9,Training and Employment Levy,10401
1988,4,April,1,Actual Outturn,21,Motor Vehicle Duties,14012
1988,5,May,1,Actual Outturn,1,Customs,10412
1988,5,May,1,Actual Outturn,2,Excise Duty,160561
1988,5,May,1,Actual Outturn,3,Capital Gains Tax,4875
1988,5,May,1,Actual Outturn,5,Stamps,16477
1988,5,May,1,Actual Outturn,6,Income Tax,293575
1988,5,May,1,Actual Outturn,7,Corporation Tax,24263
1988,5,May,1,Actual Outturn,8,Valued Added Tax,246419
1988,5,May,1,Actual Outturn,9,Training and Employment Levy,14182
1988,5,May,1,Actual Outturn,21,Motor Vehicle Duties,17529
1988,6,June,1,Actual Outturn,1,Customs,11809
1988,6,June,1,Actual Outturn,2,Excise Duty,151197
1988,6,June,1,Actual Outturn,3,Capital Gains Tax,6544
1988,6,June,1,Actual Outturn,5,Stamps,15029
1988,6,June,1,Actual Outturn,6,Income Tax,281051
1988,6,June,1,Actual Outturn,7,Corporation Tax,32865
1988,6,June,1,Actual Outturn,8,Valued Added Tax,96410
1988,6,June,1,Actual Outturn,9,Training and Employment Levy,12580
1988,6,June,1,Actual Outturn,21,Motor Vehicle Duties,13949
1988,7,July,1,Actual Outturn,1,Customs,18030
1988,7,July,1,Actual Outturn,2,Excise Duty,159532
1988,7,July,1,Actual Outturn,3,Capital Gains Tax,8390
1988,7,July,1,Actual Outturn,5,Stamps,14252
1988,7,July,1,Actual Outturn,6,Income Tax,271555
1988,7,July,1,Actual Outturn,7,Corporation Tax,52558
1988,7,July,1,Actual Outturn,8,Valued Added Tax,237582
1988,7,July,1,Actual Outturn,9,Training and Employment Levy,12045
1988,7,July,1,Actual Outturn,21,Motor Vehicle Duties,14824
1988,8,August,1,Actual Outturn,1,Customs,10666
1988,8,August,1,Actual Outturn,2,Excise Duty,175056
1988,8,August,1,Actual Outturn,3,Capital Gains Tax,5191
1988,8,August,1,Actual Outturn,5,Stamps,32256
1988,8,August,1,Actual Outturn,6,Income Tax,226881
1988,8,August,1,Actual Outturn,7,Corporation Tax,64272
1988,8,August,1,Actual Outturn,8,Valued Added Tax,111460
1988,8,August,1,Actual Outturn,9,Training and Employment Levy,11523
1988,8,August,1,Actual Outturn,21,Motor Vehicle Duties,15151
1988,9,September,1,Actual Outturn,1,Customs,11809
1988,9,September,1,Actual Outturn,2,Excise Duty,141863
1988,9,September,1,Actual Outturn,3,Capital Gains Tax,8279
1988,9,September,1,Actual Outturn,5,Stamps,59701
1988,9,September,1,Actual Outturn,6,Income Tax,270231
1988,9,September,1,Actual Outturn,7,Corporation Tax,36024
1988,9,September,1,Actual Outturn,8,Valued Added Tax,273146
1988,9,September,1,Actual Outturn,9,Training and Employment Levy,10078
1988,9,September,1,Actual Outturn,21,Motor Vehicle Duties,13927
1988,10,October,1,Actual Outturn,1,Customs,13840
1988,10,October,1,Actual Outturn,2,Excise Duty,160499
1988,10,October,1,Actual Outturn,3,Capital Gains Tax,11843
1988,10,October,1,Actual Outturn,5,Stamps,15185
1988,10,October,1,Actual Outturn,6,Income Tax,524653
1988,10,October,1,Actual Outturn,7,Corporation Tax,62410
1988,10,October,1,Actual Outturn,8,Valued Added Tax,189324
1988,10,October,1,Actual Outturn,9,Training and Employment Levy,13497
1988,10,October,1,Actual Outturn,20,Unallocated Tax Receipts,285809
1988,10,October,1,Actual Outturn,21,Motor Vehicle Duties,13182
1988,11,November,1,Actual Outturn,1,Customs,11301
1988,11,November,1,Actual Outturn,2,Excise Duty,193360
1988,11,November,1,Actual Outturn,3,Capital Gains Tax,9950
1988,11,November,1,Actual Outturn,5,Stamps,21968
1988,11,November,1,Actual Outturn,6,Income Tax,569864
1988,11,November,1,Actual Outturn,7,Corporation Tax,76372
1988,11,November,1,Actual Outturn,8,Valued Added Tax,280888
1988,11,November,1,Actual Outturn,9,Training and Employment Levy,21718
1988,11,November,1,Actual Outturn,20,Unallocated Tax Receipts,-157679
1988,11,November,1,Actual Outturn,21,Motor Vehicle Duties,14125
1988,12,December  ,1,Actual Outturn,1,Customs,11858
1988,12,December  ,1,Actual Outturn,2,Excise Duty,193748
1988,12,December  ,1,Actual Outturn,3,Capital Gains Tax,7837
1988,12,December  ,1,Actual Outturn,5,Stamps,8319
1988,12,December  ,1,Actual Outturn,6,Income Tax,259359
1988,12,December  ,1,Actual Outturn,7,Corporation Tax,8602
1988,12,December  ,1,Actual Outturn,8,Valued Added Tax,145032
1988,12,December  ,1,Actual Outturn,9,Training and Employment Levy,40524
1988,12,December  ,1,Actual Outturn,20,Unallocated Tax Receipts,-128131
1988,12,December  ,1,Actual Outturn,21,Motor Vehicle Duties,12846
1989,1,January,1,Actual Outturn,1,Customs,11174
1989,1,January,1,Actual Outturn,2,Excise Duty,133484
1989,1,January,1,Actual Outturn,3,Capital Gains Tax,4021
1989,1,January,1,Actual Outturn,5,Stamps,27393
1989,1,January,1,Actual Outturn,6,Income Tax,330028
1989,1,January,1,Actual Outturn,7,Corporation Tax,21211
1989,1,January,1,Actual Outturn,8,Valued Added Tax,274571
1989,1,January,1,Actual Outturn,9,Training and Employment Levy,12017
1989,1,January,1,Actual Outturn,21,Motor Vehicle Duties,17929
1989,2,February,1,Actual Outturn,1,Customs,14475
1989,2,February,1,Actual Outturn,2,Excise Duty,152711
1989,2,February,1,Actual Outturn,3,Capital Gains Tax,10140
1989,2,February,1,Actual Outturn,5,Stamps,20382
1989,2,February,1,Actual Outturn,6,Income Tax,259157
1989,2,February,1,Actual Outturn,7,Corporation Tax,16714
1989,2,February,1,Actual Outturn,8,Valued Added Tax,156723
1989,2,February,1,Actual Outturn,9,Training and Employment Levy,10623
1989,2,February,1,Actual Outturn,21,Motor Vehicle Duties,16901
1989,3,March,1,Actual Outturn,1,Customs,7999
1989,3,March,1,Actual Outturn,2,Excise Duty,169835
1989,3,March,1,Actual Outturn,3,Capital Gains Tax,5966
1989,3,March,1,Actual Outturn,5,Stamps,31290
1989,3,March,1,Actual Outturn,6,Income Tax,255580
1989,3,March,1,Actual Outturn,7,Corporation Tax,18550
1989,3,March,1,Actual Outturn,8,Valued Added Tax,239329
1989,3,March,1,Actual Outturn,9,Training and Employment Levy,10472
1989,3,March,1,Actual Outturn,21,Motor Vehicle Duties,16637
1989,4,April,1,Actual Outturn,1,Customs,15999
1989,4,April,1,Actual Outturn,2,Excise Duty,155493
1989,4,April,1,Actual Outturn,3,Capital Gains Tax,5636
1989,4,April,1,Actual Outturn,5,Stamps,15523
1989,4,April,1,Actual Outturn,6,Income Tax,299362
1989,4,April,1,Actual Outturn,7,Corporation Tax,23159
1989,4,April,1,Actual Outturn,8,Valued Added Tax,146036
1989,4,April,1,Actual Outturn,9,Training and Employment Levy,10104
1989,4,April,1,Actual Outturn,21,Motor Vehicle Duties,15488
1989,5,May,1,Actual Outturn,1,Customs,21839
1989,5,May,1,Actual Outturn,2,Excise Duty,162862
1989,5,May,1,Actual Outturn,3,Capital Gains Tax,5761
1989,5,May,1,Actual Outturn,5,Stamps,29448
1989,5,May,1,Actual Outturn,6,Income Tax,291721
1989,5,May,1,Actual Outturn,7,Corporation Tax,12724
1989,5,May,1,Actual Outturn,8,Valued Added Tax,245668
1989,5,May,1,Actual Outturn,9,Training and Employment Levy,14537
1989,5,May,1,Actual Outturn,21,Motor Vehicle Duties,17721
1989,6,June,1,Actual Outturn,1,Customs,17141
1989,6,June,1,Actual Outturn,2,Excise Duty,163354
1989,6,June,1,Actual Outturn,3,Capital Gains Tax,4312
1989,6,June,1,Actual Outturn,5,Stamps,22511
1989,6,June,1,Actual Outturn,6,Income Tax,245550
1989,6,June,1,Actual Outturn,7,Corporation Tax,16048
1989,6,June,1,Actual Outturn,8,Valued Added Tax,149799
1989,6,June,1,Actual Outturn,9,Training and Employment Levy,12052
1989,6,June,1,Actual Outturn,21,Motor Vehicle Duties,16535
1989,7,July,1,Actual Outturn,1,Customs,15237
1989,7,July,1,Actual Outturn,2,Excise Duty,170424
1989,7,July,1,Actual Outturn,3,Capital Gains Tax,4208
1989,7,July,1,Actual Outturn,5,Stamps,30428
1989,7,July,1,Actual Outturn,6,Income Tax,299835
1989,7,July,1,Actual Outturn,7,Corporation Tax,55472
1989,7,July,1,Actual Outturn,8,Valued Added Tax,263859
1989,7,July,1,Actual Outturn,9,Training and Employment Levy,15841
1989,7,July,1,Actual Outturn,21,Motor Vehicle Duties,15663
1989,8,August,1,Actual Outturn,1,Customs,14221
1989,8,August,1,Actual Outturn,2,Excise Duty,183743
1989,8,August,1,Actual Outturn,3,Capital Gains Tax,4863
1989,8,August,1,Actual Outturn,5,Stamps,37481
1989,8,August,1,Actual Outturn,6,Income Tax,276341
1989,8,August,1,Actual Outturn,7,Corporation Tax,73726
1989,8,August,1,Actual Outturn,8,Valued Added Tax,136557
1989,8,August,1,Actual Outturn,9,Training and Employment Levy,12016
1989,8,August,1,Actual Outturn,21,Motor Vehicle Duties,15149
1989,9,September,1,Actual Outturn,1,Customs,13205
1989,9,September,1,Actual Outturn,2,Excise Duty,177612
1989,9,September,1,Actual Outturn,3,Capital Gains Tax,9146
1989,9,September,1,Actual Outturn,5,Stamps,70709
1989,9,September,1,Actual Outturn,6,Income Tax,251175
1989,9,September,1,Actual Outturn,7,Corporation Tax,34330
1989,9,September,1,Actual Outturn,8,Valued Added Tax,271008
1989,9,September,1,Actual Outturn,9,Training and Employment Levy,13519
1989,9,September,1,Actual Outturn,21,Motor Vehicle Duties,13272
1989,10,October,1,Actual Outturn,1,Customs,11682
1989,10,October,1,Actual Outturn,2,Excise Duty,165800
1989,10,October,1,Actual Outturn,3,Capital Gains Tax,12864
1989,10,October,1,Actual Outturn,5,Stamps,21890
1989,10,October,1,Actual Outturn,6,Income Tax,429057
1989,10,October,1,Actual Outturn,7,Corporation Tax,59407
1989,10,October,1,Actual Outturn,8,Valued Added Tax,186758
1989,10,October,1,Actual Outturn,9,Training and Employment Levy,11623
1989,10,October,1,Actual Outturn,21,Motor Vehicle Duties,15512
1989,11,November,1,Actual Outturn,1,Customs,5587
1989,11,November,1,Actual Outturn,2,Excise Duty,186372
1989,11,November,1,Actual Outturn,3,Capital Gains Tax,5560
1989,11,November,1,Actual Outturn,5,Stamps,23589
1989,11,November,1,Actual Outturn,6,Income Tax,433368
1989,11,November,1,Actual Outturn,7,Corporation Tax,38374
1989,11,November,1,Actual Outturn,8,Valued Added Tax,235488
1989,11,November,1,Actual Outturn,9,Training and Employment Levy,21467
1989,11,November,1,Actual Outturn,21,Motor Vehicle Duties,13675
1989,12,December  ,1,Actual Outturn,1,Customs,19300
1989,12,December  ,1,Actual Outturn,2,Excise Duty,232377
1989,12,December  ,1,Actual Outturn,3,Capital Gains Tax,3487
1989,12,December  ,1,Actual Outturn,5,Stamps,24163
1989,12,December  ,1,Actual Outturn,6,Income Tax,222793
1989,12,December  ,1,Actual Outturn,7,Corporation Tax,15038
1989,12,December  ,1,Actual Outturn,8,Valued Added Tax,160857
1989,12,December  ,1,Actual Outturn,9,Training and Employment Levy,20180
1989,12,December  ,1,Actual Outturn,21,Motor Vehicle Duties,13176
1990,1,January,1,Actual Outturn,1,Customs,5587
1990,1,January,1,Actual Outturn,2,Excise Duty,128584
1990,1,January,1,Actual Outturn,3,Capital Gains Tax,11004
1990,1,January,1,Actual Outturn,5,Stamps,31829
1990,1,January,1,Actual Outturn,6,Income Tax,358975
1990,1,January,1,Actual Outturn,7,Corporation Tax,28724
1990,1,January,1,Actual Outturn,8,Valued Added Tax,291329
1990,1,January,1,Actual Outturn,9,Training and Employment Levy,12758
1990,1,January,1,Actual Outturn,20,Unallocated Tax Receipts,15572
1990,1,January,1,Actual Outturn,21,Motor Vehicle Duties,20884
1990,2,February,1,Actual Outturn,1,Customs,21078
1990,2,February,1,Actual Outturn,2,Excise Duty,171354
1990,2,February,1,Actual Outturn,3,Capital Gains Tax,4256
1990,2,February,1,Actual Outturn,5,Stamps,24599
1990,2,February,1,Actual Outturn,6,Income Tax,226044
1990,2,February,1,Actual Outturn,7,Corporation Tax,39852
1990,2,February,1,Actual Outturn,8,Valued Added Tax,169523
1990,2,February,1,Actual Outturn,9,Training and Employment Levy,609
1990,2,February,1,Actual Outturn,20,Unallocated Tax Receipts,7627
1990,2,February,1,Actual Outturn,21,Motor Vehicle Duties,17170
1990,3,March,1,Actual Outturn,1,Customs,13332
1990,3,March,1,Actual Outturn,2,Excise Duty,147734
1990,3,March,1,Actual Outturn,3,Capital Gains Tax,4996
1990,3,March,1,Actual Outturn,5,Stamps,34336
1990,3,March,1,Actual Outturn,6,Income Tax,266764
1990,3,March,1,Actual Outturn,7,Corporation Tax,12107
1990,3,March,1,Actual Outturn,8,Valued Added Tax,247726
1990,3,March,1,Actual Outturn,9,Training and Employment Levy,502
1990,3,March,1,Actual Outturn,20,Unallocated Tax Receipts,-4631
1990,3,March,1,Actual Outturn,21,Motor Vehicle Duties,17368
1990,4,April,1,Actual Outturn,1,Customs,14856
1990,4,April,1,Actual Outturn,2,Excise Duty,158080
1990,4,April,1,Actual Outturn,3,Capital Gains Tax,5396
1990,4,April,1,Actual Outturn,5,Stamps,16452
1990,4,April,1,Actual Outturn,6,Income Tax,412434
1990,4,April,1,Actual Outturn,7,Corporation Tax,18195
1990,4,April,1,Actual Outturn,8,Valued Added Tax,138034
1990,4,April,1,Actual Outturn,9,Training and Employment Levy,31374
1990,4,April,1,Actual Outturn,20,Unallocated Tax Receipts,4125
1990,4,April,1,Actual Outturn,21,Motor Vehicle Duties,17919
1990,5,May,1,Actual Outturn,1,Customs,12063
1990,5,May,1,Actual Outturn,2,Excise Duty,192613
1990,5,May,1,Actual Outturn,3,Capital Gains Tax,11012
1990,5,May,1,Actual Outturn,5,Stamps,29590
1990,5,May,1,Actual Outturn,6,Income Tax,304992
1990,5,May,1,Actual Outturn,7,Corporation Tax,16908
1990,5,May,1,Actual Outturn,8,Valued Added Tax,275015
1990,5,May,1,Actual Outturn,9,Training and Employment Levy,13936
1990,5,May,1,Actual Outturn,20,Unallocated Tax Receipts,-6317
1990,5,May,1,Actual Outturn,21,Motor Vehicle Duties,18912
1990,6,June,1,Actual Outturn,1,Customs,11428
1990,6,June,1,Actual Outturn,2,Excise Duty,177055
1990,6,June,1,Actual Outturn,3,Capital Gains Tax,4569
1990,6,June,1,Actual Outturn,5,Stamps,19482
1990,6,June,1,Actual Outturn,6,Income Tax,245726
1990,6,June,1,Actual Outturn,7,Corporation Tax,33647
1990,6,June,1,Actual Outturn,8,Valued Added Tax,162044
1990,6,June,1,Actual Outturn,9,Training and Employment Levy,17053
1990,6,June,1,Actual Outturn,20,Unallocated Tax Receipts,791
1990,6,June,1,Actual Outturn,21,Motor Vehicle Duties,17424
1990,7,July,1,Actual Outturn,1,Customs,12697
1990,7,July,1,Actual Outturn,2,Excise Duty,187990
1990,7,July,1,Actual Outturn,3,Capital Gains Tax,8555
1990,7,July,1,Actual Outturn,5,Stamps,27830
1990,7,July,1,Actual Outturn,6,Income Tax,301802
1990,7,July,1,Actual Outturn,7,Corporation Tax,167424
1990,7,July,1,Actual Outturn,8,Valued Added Tax,230035
1990,7,July,1,Actual Outturn,9,Training and Employment Levy,13605
1990,7,July,1,Actual Outturn,20,Unallocated Tax Receipts,8715
1990,7,July,1,Actual Outturn,21,Motor Vehicle Duties,17238
1990,8,August,1,Actual Outturn,1,Customs,10793
1990,8,August,1,Actual Outturn,2,Excise Duty,201341
1990,8,August,1,Actual Outturn,3,Capital Gains Tax,11198
1990,8,August,1,Actual Outturn,5,Stamps,22417
1990,8,August,1,Actual Outturn,6,Income Tax,240557
1990,8,August,1,Actual Outturn,7,Corporation Tax,115514
1990,8,August,1,Actual Outturn,8,Valued Added Tax,158173
1990,8,August,1,Actual Outturn,9,Training and Employment Levy,15788
1990,8,August,1,Actual Outturn,20,Unallocated Tax Receipts,10224
1990,8,August,1,Actual Outturn,21,Motor Vehicle Duties,15711
1990,9,September,1,Actual Outturn,1,Customs,12336
1990,9,September,1,Actual Outturn,2,Excise Duty,168433
1990,9,September,1,Actual Outturn,3,Capital Gains Tax,6082
1990,9,September,1,Actual Outturn,5,Stamps,80592
1990,9,September,1,Actual Outturn,6,Income Tax,292413
1990,9,September,1,Actual Outturn,7,Corporation Tax,16146
1990,9,September,1,Actual Outturn,8,Valued Added Tax,233827
1990,9,September,1,Actual Outturn,9,Training and Employment Levy,13046
1990,9,September,1,Actual Outturn,20,Unallocated Tax Receipts,-27646
1990,9,September,1,Actual Outturn,21,Motor Vehicle Duties,13994
1990,10,October,1,Actual Outturn,1,Customs,11174
1990,10,October,1,Actual Outturn,2,Excise Duty,182049
1990,10,October,1,Actual Outturn,3,Capital Gains Tax,10819
1990,10,October,1,Actual Outturn,5,Stamps,25766
1990,10,October,1,Actual Outturn,6,Income Tax,508045
1990,10,October,1,Actual Outturn,7,Corporation Tax,70639
1990,10,October,1,Actual Outturn,8,Valued Added Tax,173925
1990,10,October,1,Actual Outturn,9,Training and Employment Levy,13918
1990,10,October,1,Actual Outturn,20,Unallocated Tax Receipts,17129
1990,10,October,1,Actual Outturn,21,Motor Vehicle Duties,18263
1990,11,November,1,Actual Outturn,1,Customs,8126
1990,11,November,1,Actual Outturn,2,Excise Duty,178742
1990,11,November,1,Actual Outturn,3,Capital Gains Tax,6647
1990,11,November,1,Actual Outturn,5,Stamps,18423
1990,11,November,1,Actual Outturn,6,Income Tax,470504
1990,11,November,1,Actual Outturn,7,Corporation Tax,57787
1990,11,November,1,Actual Outturn,8,Valued Added Tax,280206
1990,11,November,1,Actual Outturn,9,Training and Employment Levy,22653
1990,11,November,1,Actual Outturn,20,Unallocated Tax Receipts,-6703
1990,11,November,1,Actual Outturn,21,Motor Vehicle Duties,13877
1990,12,December  ,1,Actual Outturn,1,Customs,11682
1990,12,December  ,1,Actual Outturn,2,Excise Duty,231869
1990,12,December  ,1,Actual Outturn,3,Capital Gains Tax,5979
1990,12,December  ,1,Actual Outturn,5,Stamps,12351
1990,12,December  ,1,Actual Outturn,6,Income Tax,211347
1990,12,December  ,1,Actual Outturn,7,Corporation Tax,25002
1990,12,December  ,1,Actual Outturn,8,Valued Added Tax,153101
1990,12,December  ,1,Actual Outturn,9,Training and Employment Levy,16347
1990,12,December  ,1,Actual Outturn,20,Unallocated Tax Receipts,-18887
1990,12,December  ,1,Actual Outturn,21,Motor Vehicle Duties,14923
1991,1,January,1,Actual Outturn,1,Customs,11428
1991,1,January,1,Actual Outturn,2,Excise Duty,152987
1991,1,January,1,Actual Outturn,3,Capital Gains Tax,8385
1991,1,January,1,Actual Outturn,5,Stamps,29120
1991,1,January,1,Actual Outturn,6,Income Tax,354285
1991,1,January,1,Actual Outturn,7,Corporation Tax,33238
1991,1,January,1,Actual Outturn,8,Valued Added Tax,296320
1991,1,January,1,Actual Outturn,9,Training and Employment Levy,14811
1991,1,January,1,Actual Outturn,20,Unallocated Tax Receipts,20567
1991,1,January,1,Actual Outturn,21,Motor Vehicle Duties,17683
1991,2,February,1,Actual Outturn,1,Customs,14094
1991,2,February,1,Actual Outturn,2,Excise Duty,149457
1991,2,February,1,Actual Outturn,3,Capital Gains Tax,4463
1991,2,February,1,Actual Outturn,5,Stamps,15187
1991,2,February,1,Actual Outturn,6,Income Tax,263210
1991,2,February,1,Actual Outturn,7,Corporation Tax,23512
1991,2,February,1,Actual Outturn,8,Valued Added Tax,148279
1991,2,February,1,Actual Outturn,9,Training and Employment Levy,11767
1991,2,February,1,Actual Outturn,20,Unallocated Tax Receipts,-2859
1991,2,February,1,Actual Outturn,21,Motor Vehicle Duties,17887
1991,3,March,1,Actual Outturn,1,Customs,11936
1991,3,March,1,Actual Outturn,2,Excise Duty,146413
1991,3,March,1,Actual Outturn,3,Capital Gains Tax,3017
1991,3,March,1,Actual Outturn,5,Stamps,27990
1991,3,March,1,Actual Outturn,6,Income Tax,261203
1991,3,March,1,Actual Outturn,7,Corporation Tax,12330
1991,3,March,1,Actual Outturn,8,Valued Added Tax,244897
1991,3,March,1,Actual Outturn,9,Training and Employment Levy,10868
1991,3,March,1,Actual Outturn,20,Unallocated Tax Receipts,828
1991,3,March,1,Actual Outturn,21,Motor Vehicle Duties,19132
1991,4,April,1,Actual Outturn,1,Customs,13332
1991,4,April,1,Actual Outturn,2,Excise Duty,159821
1991,4,April,1,Actual Outturn,3,Capital Gains Tax,8582
1991,4,April,1,Actual Outturn,5,Stamps,18194
1991,4,April,1,Actual Outturn,6,Income Tax,415974
1991,4,April,1,Actual Outturn,7,Corporation Tax,16112
1991,4,April,1,Actual Outturn,8,Valued Added Tax,148167
1991,4,April,1,Actual Outturn,9,Training and Employment Levy,11311
1991,4,April,1,Actual Outturn,20,Unallocated Tax Receipts,-1917
1991,4,April,1,Actual Outturn,21,Motor Vehicle Duties,20164
1991,5,May,1,Actual Outturn,1,Customs,12189
1991,5,May,1,Actual Outturn,2,Excise Duty,196534
1991,5,May,1,Actual Outturn,3,Capital Gains Tax,10454
1991,5,May,1,Actual Outturn,5,Stamps,24737
1991,5,May,1,Actual Outturn,6,Income Tax,319312
1991,5,May,1,Actual Outturn,7,Corporation Tax,36657
1991,5,May,1,Actual Outturn,8,Valued Added Tax,243894
1991,5,May,1,Actual Outturn,9,Training and Employment Levy,18328
1991,5,May,1,Actual Outturn,20,Unallocated Tax Receipts,3719
1991,5,May,1,Actual Outturn,21,Motor Vehicle Duties,26220
1991,6,June,1,Actual Outturn,1,Customs,13205
1991,6,June,1,Actual Outturn,2,Excise Duty,199539
1991,6,June,1,Actual Outturn,3,Capital Gains Tax,9152
1991,6,June,1,Actual Outturn,5,Stamps,20684
1991,6,June,1,Actual Outturn,6,Income Tax,270929
1991,6,June,1,Actual Outturn,7,Corporation Tax,29643
1991,6,June,1,Actual Outturn,8,Valued Added Tax,150621
1991,6,June,1,Actual Outturn,9,Training and Employment Levy,12924
1991,6,June,1,Actual Outturn,20,Unallocated Tax Receipts,12949
1991,6,June,1,Actual Outturn,21,Motor Vehicle Duties,17621
1991,7,July,1,Actual Outturn,1,Customs,13205
1991,7,July,1,Actual Outturn,2,Excise Duty,180449
1991,7,July,1,Actual Outturn,3,Capital Gains Tax,12527
1991,7,July,1,Actual Outturn,5,Stamps,25542
1991,7,July,1,Actual Outturn,6,Income Tax,306048
1991,7,July,1,Actual Outturn,7,Corporation Tax,214060
1991,7,July,1,Actual Outturn,8,Valued Added Tax,276656
1991,7,July,1,Actual Outturn,9,Training and Employment Levy,24069
1991,7,July,1,Actual Outturn,20,Unallocated Tax Receipts,-7428
1991,7,July,1,Actual Outturn,21,Motor Vehicle Duties,24349
1991,8,August,1,Actual Outturn,1,Customs,18792
1991,8,August,1,Actual Outturn,2,Excise Duty,180883
1991,8,August,1,Actual Outturn,3,Capital Gains Tax,5608
1991,8,August,1,Actual Outturn,5,Stamps,18026
1991,8,August,1,Actual Outturn,6,Income Tax,290583
1991,8,August,1,Actual Outturn,7,Corporation Tax,148121
1991,8,August,1,Actual Outturn,8,Valued Added Tax,131311
1991,8,August,1,Actual Outturn,9,Training and Employment Levy,15793
1991,8,August,1,Actual Outturn,20,Unallocated Tax Receipts,16048
1991,8,August,1,Actual Outturn,21,Motor Vehicle Duties,16522
1991,9,September,1,Actual Outturn,1,Customs,10412
1991,9,September,1,Actual Outturn,2,Excise Duty,184584
1991,9,September,1,Actual Outturn,3,Capital Gains Tax,9202
1991,9,September,1,Actual Outturn,5,Stamps,73824
1991,9,September,1,Actual Outturn,6,Income Tax,288568
1991,9,September,1,Actual Outturn,7,Corporation Tax,53352
1991,9,September,1,Actual Outturn,8,Valued Added Tax,290670
1991,9,September,1,Actual Outturn,9,Training and Employment Levy,5245
1991,9,September,1,Actual Outturn,20,Unallocated Tax Receipts,-15679
1991,9,September,1,Actual Outturn,21,Motor Vehicle Duties,19056
1991,10,October,1,Actual Outturn,1,Customs,11682
1991,10,October,1,Actual Outturn,2,Excise Duty,186738
1991,10,October,1,Actual Outturn,3,Capital Gains Tax,25823
1991,10,October,1,Actual Outturn,5,Stamps,29728
1991,10,October,1,Actual Outturn,6,Income Tax,545504
1991,10,October,1,Actual Outturn,7,Corporation Tax,81912
1991,10,October,1,Actual Outturn,8,Valued Added Tax,150821
1991,10,October,1,Actual Outturn,9,Training and Employment Levy,16161
1991,10,October,1,Actual Outturn,20,Unallocated Tax Receipts,27740
1991,10,October,1,Actual Outturn,21,Motor Vehicle Duties,17492
1991,11,November,1,Actual Outturn,1,Customs,14602
1991,11,November,1,Actual Outturn,2,Excise Duty,159738
1991,11,November,1,Actual Outturn,3,Capital Gains Tax,28608
1991,11,November,1,Actual Outturn,5,Stamps,23564
1991,11,November,1,Actual Outturn,6,Income Tax,485294
1991,11,November,1,Actual Outturn,7,Corporation Tax,82318
1991,11,November,1,Actual Outturn,8,Valued Added Tax,323684
1991,11,November,1,Actual Outturn,9,Training and Employment Levy,23347
1991,11,November,1,Actual Outturn,20,Unallocated Tax Receipts,-2967
1991,11,November,1,Actual Outturn,21,Motor Vehicle Duties,15561
1991,12,December  ,1,Actual Outturn,1,Customs,7111
1991,12,December  ,1,Actual Outturn,2,Excise Duty,289253
1991,12,December  ,1,Actual Outturn,3,Capital Gains Tax,5460
1991,12,December  ,1,Actual Outturn,5,Stamps,11090
1991,12,December  ,1,Actual Outturn,6,Income Tax,301848
1991,12,December  ,1,Actual Outturn,7,Corporation Tax,21605
1991,12,December  ,1,Actual Outturn,8,Valued Added Tax,146242
1991,12,December  ,1,Actual Outturn,9,Training and Employment Levy,18502
1991,12,December  ,1,Actual Outturn,20,Unallocated Tax Receipts,-51000
1991,12,December  ,1,Actual Outturn,21,Motor Vehicle Duties,22102
1992,1,January,1,Actual Outturn,1,Customs,12189
1992,1,January,1,Actual Outturn,2,Excise Duty,121847
1992,1,January,1,Actual Outturn,3,Capital Gains Tax,8403
1992,1,January,1,Actual Outturn,5,Stamps,36835
1992,1,January,1,Actual Outturn,6,Income Tax,369169
1992,1,January,1,Actual Outturn,7,Corporation Tax,60144
1992,1,January,1,Actual Outturn,8,Valued Added Tax,291118
1992,1,January,1,Actual Outturn,9,Training and Employment Levy,15015
1992,1,January,1,Actual Outturn,20,Unallocated Tax Receipts,38022
1992,1,January,1,Actual Outturn,21,Motor Vehicle Duties,20024
1992,2,February,1,Actual Outturn,1,Customs,12316
1992,2,February,1,Actual Outturn,2,Excise Duty,164204
1992,2,February,1,Actual Outturn,3,Capital Gains Tax,1483
1992,2,February,1,Actual Outturn,5,Stamps,18412
1992,2,February,1,Actual Outturn,6,Income Tax,316119
1992,2,February,1,Actual Outturn,7,Corporation Tax,27081
1992,2,February,1,Actual Outturn,8,Valued Added Tax,136469
1992,2,February,1,Actual Outturn,9,Training and Employment Levy,12852
1992,2,February,1,Actual Outturn,20,Unallocated Tax Receipts,-77
1992,2,February,1,Actual Outturn,21,Motor Vehicle Duties,22344
1992,3,March,1,Actual Outturn,1,Customs,16507
1992,3,March,1,Actual Outturn,2,Excise Duty,164120
1992,3,March,1,Actual Outturn,3,Capital Gains Tax,5343
1992,3,March,1,Actual Outturn,5,Stamps,30179
1992,3,March,1,Actual Outturn,6,Income Tax,305865
1992,3,March,1,Actual Outturn,7,Corporation Tax,9560
1992,3,March,1,Actual Outturn,8,Valued Added Tax,287165
1992,3,March,1,Actual Outturn,9,Training and Employment Levy,409
1992,3,March,1,Actual Outturn,20,Unallocated Tax Receipts,1530
1992,3,March,1,Actual Outturn,21,Motor Vehicle Duties,24485
1992,4,April,1,Actual Outturn,1,Customs,12443
1992,4,April,1,Actual Outturn,2,Excise Duty,166756
1992,4,April,1,Actual Outturn,3,Capital Gains Tax,5958
1992,4,April,1,Actual Outturn,5,Stamps,18164
1992,4,April,1,Actual Outturn,6,Income Tax,446121
1992,4,April,1,Actual Outturn,7,Corporation Tax,33233
1992,4,April,1,Actual Outturn,8,Valued Added Tax,182284
1992,4,April,1,Actual Outturn,9,Training and Employment Levy,24660
1992,4,April,1,Actual Outturn,20,Unallocated Tax Receipts,-3447
1992,4,April,1,Actual Outturn,21,Motor Vehicle Duties,22228
1992,5,May,1,Actual Outturn,1,Customs,13967
1992,5,May,1,Actual Outturn,2,Excise Duty,188260
1992,5,May,1,Actual Outturn,3,Capital Gains Tax,3169
1992,5,May,1,Actual Outturn,5,Stamps,22486
1992,5,May,1,Actual Outturn,6,Income Tax,211363
1992,5,May,1,Actual Outturn,7,Corporation Tax,46964
1992,5,May,1,Actual Outturn,8,Valued Added Tax,223278
1992,5,May,1,Actual Outturn,9,Training and Employment Levy,11437
1992,5,May,1,Actual Outturn,20,Unallocated Tax Receipts,106851
1992,5,May,1,Actual Outturn,21,Motor Vehicle Duties,24103
1992,6,June,1,Actual Outturn,1,Customs,15872
1992,6,June,1,Actual Outturn,2,Excise Duty,194585
1992,6,June,1,Actual Outturn,3,Capital Gains Tax,5423
1992,6,June,1,Actual Outturn,5,Stamps,29143
1992,6,June,1,Actual Outturn,6,Income Tax,347240
1992,6,June,1,Actual Outturn,7,Corporation Tax,70881
1992,6,June,1,Actual Outturn,8,Valued Added Tax,222183
1992,6,June,1,Actual Outturn,9,Training and Employment Levy,20215
1992,6,June,1,Actual Outturn,20,Unallocated Tax Receipts,-28978
1992,6,June,1,Actual Outturn,21,Motor Vehicle Duties,25279
1992,7,July,1,Actual Outturn,1,Customs,13840
1992,7,July,1,Actual Outturn,2,Excise Duty,198334
1992,7,July,1,Actual Outturn,3,Capital Gains Tax,8919
1992,7,July,1,Actual Outturn,5,Stamps,34720
1992,7,July,1,Actual Outturn,6,Income Tax,369871
1992,7,July,1,Actual Outturn,7,Corporation Tax,280771
1992,7,July,1,Actual Outturn,8,Valued Added Tax,325656
1992,7,July,1,Actual Outturn,9,Training and Employment Levy,17930
1992,7,July,1,Actual Outturn,20,Unallocated Tax Receipts,-60424
1992,7,July,1,Actual Outturn,21,Motor Vehicle Duties,26813
1992,8,August,1,Actual Outturn,1,Customs,11428
1992,8,August,1,Actual Outturn,2,Excise Duty,186234
1992,8,August,1,Actual Outturn,3,Capital Gains Tax,3830
1992,8,August,1,Actual Outturn,5,Stamps,21801
1992,8,August,1,Actual Outturn,6,Income Tax,329404
1992,8,August,1,Actual Outturn,7,Corporation Tax,215947
1992,8,August,1,Actual Outturn,8,Valued Added Tax,161503
1992,8,August,1,Actual Outturn,9,Training and Employment Levy,15514
1992,8,August,1,Actual Outturn,20,Unallocated Tax Receipts,-15332
1992,8,August,1,Actual Outturn,21,Motor Vehicle Duties,21988
1992,9,September,1,Actual Outturn,1,Customs,14221
1992,9,September,1,Actual Outturn,2,Excise Duty,198793
1992,9,September,1,Actual Outturn,3,Capital Gains Tax,5634
1992,9,September,1,Actual Outturn,5,Stamps,64054
1992,9,September,1,Actual Outturn,6,Income Tax,272572
1992,9,September,1,Actual Outturn,7,Corporation Tax,39498
1992,9,September,1,Actual Outturn,8,Valued Added Tax,282526
1992,9,September,1,Actual Outturn,9,Training and Employment Levy,15893
1992,9,September,1,Actual Outturn,20,Unallocated Tax Receipts,-6262
1992,9,September,1,Actual Outturn,21,Motor Vehicle Duties,20805
1992,10,October,1,Actual Outturn,1,Customs,12697
1992,10,October,1,Actual Outturn,2,Excise Duty,185307
1992,10,October,1,Actual Outturn,3,Capital Gains Tax,15377
1992,10,October,1,Actual Outturn,5,Stamps,22292
1992,10,October,1,Actual Outturn,6,Income Tax,575690
1992,10,October,1,Actual Outturn,7,Corporation Tax,86597
1992,10,October,1,Actual Outturn,8,Valued Added Tax,162309
1992,10,October,1,Actual Outturn,9,Training and Employment Levy,15738
1992,10,October,1,Actual Outturn,20,Unallocated Tax Receipts,1710
1992,10,October,1,Actual Outturn,21,Motor Vehicle Duties,22722
1992,11,November,1,Actual Outturn,1,Customs,10158
1992,11,November,1,Actual Outturn,2,Excise Duty,152737
1992,11,November,1,Actual Outturn,3,Capital Gains Tax,53693
1992,11,November,1,Actual Outturn,5,Stamps,18824
1992,11,November,1,Actual Outturn,6,Income Tax,510672
1992,11,November,1,Actual Outturn,7,Corporation Tax,50548
1992,11,November,1,Actual Outturn,8,Valued Added Tax,325868
1992,11,November,1,Actual Outturn,9,Training and Employment Levy,23924
1992,11,November,1,Actual Outturn,20,Unallocated Tax Receipts,17210
1992,11,November,1,Actual Outturn,21,Motor Vehicle Duties,20438
1992,12,December  ,1,Actual Outturn,1,Customs,13341
1992,12,December  ,1,Actual Outturn,2,Excise Duty,281072
1992,12,December  ,1,Actual Outturn,3,Capital Gains Tax,6991
1992,12,December  ,1,Actual Outturn,5,Stamps,8445
1992,12,December  ,1,Actual Outturn,6,Income Tax,279497
1992,12,December  ,1,Actual Outturn,7,Corporation Tax,17280
1992,12,December  ,1,Actual Outturn,8,Valued Added Tax,163351
1992,12,December  ,1,Actual Outturn,9,Training and Employment Levy,19785
1992,12,December  ,1,Actual Outturn,20,Unallocated Tax Receipts,-50802
1992,12,December  ,1,Actual Outturn,21,Motor Vehicle Duties,22542
1993,1,January,1,Actual Outturn,1,Customs,14602
1993,1,January,1,Actual Outturn,2,Excise Duty,134402
1993,1,January,1,Actual Outturn,3,Capital Gains Tax,4221
1993,1,January,1,Actual Outturn,5,Stamps,25675
1993,1,January,1,Actual Outturn,6,Income Tax,387015
1993,1,January,1,Actual Outturn,7,Corporation Tax,41745
1993,1,January,1,Actual Outturn,8,Valued Added Tax,308774
1993,1,January,1,Actual Outturn,9,Training and Employment Levy,16008
1993,1,January,1,Actual Outturn,20,Unallocated Tax Receipts,50745
1993,1,January,1,Actual Outturn,21,Motor Vehicle Duties,21964
1993,2,February,1,Actual Outturn,1,Customs,5079
1993,2,February,1,Actual Outturn,2,Excise Duty,171507
1993,2,February,1,Actual Outturn,3,Capital Gains Tax,6769
1993,2,February,1,Actual Outturn,5,Stamps,17609
1993,2,February,1,Actual Outturn,6,Income Tax,353509
1993,2,February,1,Actual Outturn,7,Corporation Tax,46590
1993,2,February,1,Actual Outturn,8,Valued Added Tax,59864
1993,2,February,1,Actual Outturn,9,Training and Employment Levy,13655
1993,2,February,1,Actual Outturn,20,Unallocated Tax Receipts,-6313
1993,2,February,1,Actual Outturn,21,Motor Vehicle Duties,26339
1993,3,March,1,Actual Outturn,1,Customs,28061
1993,3,March,1,Actual Outturn,2,Excise Duty,172036
1993,3,March,1,Actual Outturn,3,Capital Gains Tax,9260
1993,3,March,1,Actual Outturn,5,Stamps,22187
1993,3,March,1,Actual Outturn,6,Income Tax,331052
1993,3,March,1,Actual Outturn,7,Corporation Tax,25143
1993,3,March,1,Actual Outturn,8,Valued Added Tax,342406
1993,3,March,1,Actual Outturn,9,Training and Employment Levy,13590
1993,3,March,1,Actual Outturn,20,Unallocated Tax Receipts,2717
1993,3,March,1,Actual Outturn,21,Motor Vehicle Duties,32827
1993,4,April,1,Actual Outturn,1,Customs,20570
1993,4,April,1,Actual Outturn,2,Excise Duty,168009
1993,4,April,1,Actual Outturn,3,Capital Gains Tax,6504
1993,4,April,1,Actual Outturn,5,Stamps,12442
1993,4,April,1,Actual Outturn,6,Income Tax,523555
1993,4,April,1,Actual Outturn,7,Corporation Tax,43721
1993,4,April,1,Actual Outturn,8,Valued Added Tax,42032
1993,4,April,1,Actual Outturn,9,Training and Employment Levy,379
1993,4,April,1,Actual Outturn,20,Unallocated Tax Receipts,12049
1993,4,April,1,Actual Outturn,21,Motor Vehicle Duties,25120
1993,5,May,1,Actual Outturn,1,Customs,16634
1993,5,May,1,Actual Outturn,2,Excise Duty,171982
1993,5,May,1,Actual Outturn,3,Capital Gains Tax,4309
1993,5,May,1,Actual Outturn,5,Stamps,18707
1993,5,May,1,Actual Outturn,6,Income Tax,342427
1993,5,May,1,Actual Outturn,7,Corporation Tax,60376
1993,5,May,1,Actual Outturn,8,Valued Added Tax,394132
1993,5,May,1,Actual Outturn,9,Training and Employment Levy,29929
1993,5,May,1,Actual Outturn,20,Unallocated Tax Receipts,3314
1993,5,May,1,Actual Outturn,21,Motor Vehicle Duties,26131
1993,6,June,1,Actual Outturn,1,Customs,15491
1993,6,June,1,Actual Outturn,2,Excise Duty,171759
1993,6,June,1,Actual Outturn,3,Capital Gains Tax,5635
1993,6,June,1,Actual Outturn,5,Stamps,23707
1993,6,June,1,Actual Outturn,6,Income Tax,358602
1993,6,June,1,Actual Outturn,7,Corporation Tax,82670
1993,6,June,1,Actual Outturn,8,Valued Added Tax,78343
1993,6,June,1,Actual Outturn,9,Training and Employment Levy,19778
1993,6,June,1,Actual Outturn,20,Unallocated Tax Receipts,-6044
1993,6,June,1,Actual Outturn,21,Motor Vehicle Duties,25473
1993,7,July,1,Actual Outturn,1,Customs,17776
1993,7,July,1,Actual Outturn,2,Excise Duty,225875
1993,7,July,1,Actual Outturn,3,Capital Gains Tax,15925
1993,7,July,1,Actual Outturn,5,Stamps,22716
1993,7,July,1,Actual Outturn,6,Income Tax,350194
1993,7,July,1,Actual Outturn,7,Corporation Tax,339040
1993,7,July,1,Actual Outturn,8,Valued Added Tax,398975
1993,7,July,1,Actual Outturn,9,Training and Employment Levy,17172
1993,7,July,1,Actual Outturn,20,Unallocated Tax Receipts,5210
1993,7,July,1,Actual Outturn,21,Motor Vehicle Duties,25324
1993,8,August,1,Actual Outturn,1,Customs,15872
1993,8,August,1,Actual Outturn,2,Excise Duty,201086
1993,8,August,1,Actual Outturn,3,Capital Gains Tax,9691
1993,8,August,1,Actual Outturn,5,Stamps,26285
1993,8,August,1,Actual Outturn,6,Income Tax,356762
1993,8,August,1,Actual Outturn,7,Corporation Tax,300914
1993,8,August,1,Actual Outturn,8,Valued Added Tax,95773
1993,8,August,1,Actual Outturn,9,Training and Employment Levy,16406
1993,8,August,1,Actual Outturn,20,Unallocated Tax Receipts,4788
1993,8,August,1,Actual Outturn,21,Motor Vehicle Duties,23989
1993,9,September,1,Actual Outturn,1,Customs,15999
1993,9,September,1,Actual Outturn,2,Excise Duty,195532
1993,9,September,1,Actual Outturn,3,Capital Gains Tax,6347
1993,9,September,1,Actual Outturn,5,Stamps,63478
1993,9,September,1,Actual Outturn,6,Income Tax,321674
1993,9,September,1,Actual Outturn,7,Corporation Tax,63034
1993,9,September,1,Actual Outturn,8,Valued Added Tax,404784
1993,9,September,1,Actual Outturn,9,Training and Employment Levy,18912
1993,9,September,1,Actual Outturn,20,Unallocated Tax Receipts,-20670
1993,9,September,1,Actual Outturn,21,Motor Vehicle Duties,24776
1993,10,October,1,Actual Outturn,1,Customs,16634
1993,10,October,1,Actual Outturn,2,Excise Duty,181913
1993,10,October,1,Actual Outturn,3,Capital Gains Tax,12558
1993,10,October,1,Actual Outturn,5,Stamps,19381
1993,10,October,1,Actual Outturn,6,Income Tax,526497
1993,10,October,1,Actual Outturn,7,Corporation Tax,65804
1993,10,October,1,Actual Outturn,8,Valued Added Tax,132100
1993,10,October,1,Actual Outturn,9,Training and Employment Levy,15488
1993,10,October,1,Actual Outturn,20,Unallocated Tax Receipts,7160
1993,10,October,1,Actual Outturn,21,Motor Vehicle Duties,22671
1993,11,November,1,Actual Outturn,1,Customs,15237
1993,11,November,1,Actual Outturn,2,Excise Duty,189868
1993,11,November,1,Actual Outturn,3,Capital Gains Tax,20869
1993,11,November,1,Actual Outturn,5,Stamps,24388
1993,11,November,1,Actual Outturn,6,Income Tax,603263
1993,11,November,1,Actual Outturn,7,Corporation Tax,88403
1993,11,November,1,Actual Outturn,8,Valued Added Tax,420611
1993,11,November,1,Actual Outturn,9,Training and Employment Levy,24645
1993,11,November,1,Actual Outturn,20,Unallocated Tax Receipts,399014
1993,11,November,1,Actual Outturn,21,Motor Vehicle Duties,22180
1993,12,December  ,1,Actual Outturn,1,Customs,19650
1993,12,December  ,1,Actual Outturn,2,Excise Duty,246836
1993,12,December  ,1,Actual Outturn,3,Capital Gains Tax,8799
1993,12,December  ,1,Actual Outturn,5,Stamps,12040
1993,12,December  ,1,Actual Outturn,6,Income Tax,359128
1993,12,December  ,1,Actual Outturn,7,Corporation Tax,50969
1993,12,December  ,1,Actual Outturn,8,Valued Added Tax,283026
1993,12,December  ,1,Actual Outturn,9,Training and Employment Levy,18470
1993,12,December  ,1,Actual Outturn,20,Unallocated Tax Receipts,-451969
1993,12,December  ,1,Actual Outturn,21,Motor Vehicle Duties,26047
1994,1,January,1,Actual Outturn,1,Customs,20062
1994,1,January,1,Actual Outturn,2,Excise Duty,161396
1994,1,January,1,Actual Outturn,3,Capital Gains Tax,14748
1994,1,January,1,Actual Outturn,5,Stamps,36104
1994,1,January,1,Actual Outturn,6,Income Tax,635190
1994,1,January,1,Actual Outturn,7,Corporation Tax,48702
1994,1,January,1,Actual Outturn,8,Valued Added Tax,282074
1994,1,January,1,Actual Outturn,9,Training and Employment Levy,17091
1994,1,January,1,Actual Outturn,20,Unallocated Tax Receipts,149717
1994,1,January,1,Actual Outturn,21,Motor Vehicle Duties,22716
1994,2,February,1,Actual Outturn,1,Customs,22474
1994,2,February,1,Actual Outturn,2,Excise Duty,210827
1994,2,February,1,Actual Outturn,3,Capital Gains Tax,6896
1994,2,February,1,Actual Outturn,5,Stamps,21478
1994,2,February,1,Actual Outturn,6,Income Tax,440092
1994,2,February,1,Actual Outturn,7,Corporation Tax,20654
1994,2,February,1,Actual Outturn,8,Valued Added Tax,121834
1994,2,February,1,Actual Outturn,9,Training and Employment Levy,17841
1994,2,February,1,Actual Outturn,20,Unallocated Tax Receipts,-14459
1994,2,February,1,Actual Outturn,21,Motor Vehicle Duties,27373
1994,3,March,1,Actual Outturn,1,Customs,22728
1994,3,March,1,Actual Outturn,2,Excise Duty,182499
1994,3,March,1,Actual Outturn,3,Capital Gains Tax,9382
1994,3,March,1,Actual Outturn,5,Stamps,24069
1994,3,March,1,Actual Outturn,6,Income Tax,390282
1994,3,March,1,Actual Outturn,7,Corporation Tax,93934
1994,3,March,1,Actual Outturn,8,Valued Added Tax,390287
1994,3,March,1,Actual Outturn,9,Training and Employment Levy,17398
1994,3,March,1,Actual Outturn,20,Unallocated Tax Receipts,-54189
1994,3,March,1,Actual Outturn,21,Motor Vehicle Duties,32848
1994,4,April,1,Actual Outturn,1,Customs,22220
1994,4,April,1,Actual Outturn,2,Excise Duty,204640
1994,4,April,1,Actual Outturn,3,Capital Gains Tax,5809
1994,4,April,1,Actual Outturn,5,Stamps,21092
1994,4,April,1,Actual Outturn,6,Income Tax,424336
1994,4,April,1,Actual Outturn,7,Corporation Tax,31144
1994,4,April,1,Actual Outturn,8,Valued Added Tax,103122
1994,4,April,1,Actual Outturn,9,Training and Employment Levy,16756
1994,4,April,1,Actual Outturn,20,Unallocated Tax Receipts,10930
1994,4,April,1,Actual Outturn,21,Motor Vehicle Duties,26386
1994,5,May,1,Actual Outturn,1,Customs,18411
1994,5,May,1,Actual Outturn,2,Excise Duty,206193
1994,5,May,1,Actual Outturn,3,Capital Gains Tax,6129
1994,5,May,1,Actual Outturn,5,Stamps,26518
1994,5,May,1,Actual Outturn,6,Income Tax,385776
1994,5,May,1,Actual Outturn,7,Corporation Tax,109746
1994,5,May,1,Actual Outturn,8,Valued Added Tax,413113
1994,5,May,1,Actual Outturn,9,Training and Employment Levy,16342
1994,5,May,1,Actual Outturn,20,Unallocated Tax Receipts,41730
1994,5,May,1,Actual Outturn,21,Motor Vehicle Duties,28600
1994,6,June,1,Actual Outturn,1,Customs,18665
1994,6,June,1,Actual Outturn,2,Excise Duty,214614
1994,6,June,1,Actual Outturn,3,Capital Gains Tax,7764
1994,6,June,1,Actual Outturn,5,Stamps,28153
1994,6,June,1,Actual Outturn,6,Income Tax,382853
1994,6,June,1,Actual Outturn,7,Corporation Tax,741672
1994,6,June,1,Actual Outturn,8,Valued Added Tax,122879
1994,6,June,1,Actual Outturn,9,Training and Employment Levy,19967
1994,6,June,1,Actual Outturn,20,Unallocated Tax Receipts,-40440
1994,6,June,1,Actual Outturn,21,Motor Vehicle Duties,28692
1994,7,July,1,Actual Outturn,1,Customs,18094
1994,7,July,1,Actual Outturn,2,Excise Duty,222307
1994,7,July,1,Actual Outturn,3,Capital Gains Tax,10699
1994,7,July,1,Actual Outturn,5,Stamps,26988
1994,7,July,1,Actual Outturn,6,Income Tax,373882
1994,7,July,1,Actual Outturn,7,Corporation Tax,133650
1994,7,July,1,Actual Outturn,8,Valued Added Tax,423713
1994,7,July,1,Actual Outturn,9,Training and Employment Levy,17757
1994,7,July,1,Actual Outturn,20,Unallocated Tax Receipts,-23061
1994,7,July,1,Actual Outturn,21,Motor Vehicle Duties,26211
1994,8,August,1,Actual Outturn,1,Customs,14602
1994,8,August,1,Actual Outturn,2,Excise Duty,211902
1994,8,August,1,Actual Outturn,3,Capital Gains Tax,5884
1994,8,August,1,Actual Outturn,5,Stamps,30296
1994,8,August,1,Actual Outturn,6,Income Tax,376656
1994,8,August,1,Actual Outturn,7,Corporation Tax,26804
1994,8,August,1,Actual Outturn,8,Valued Added Tax,115168
1994,8,August,1,Actual Outturn,9,Training and Employment Levy,19618
1994,8,August,1,Actual Outturn,20,Unallocated Tax Receipts,-3955
1994,8,August,1,Actual Outturn,21,Motor Vehicle Duties,25795
1994,9,September,1,Actual Outturn,1,Customs,18538
1994,9,September,1,Actual Outturn,2,Excise Duty,212404
1994,9,September,1,Actual Outturn,3,Capital Gains Tax,8484
1994,9,September,1,Actual Outturn,5,Stamps,71349
1994,9,September,1,Actual Outturn,6,Income Tax,321014
1994,9,September,1,Actual Outturn,7,Corporation Tax,132274
1994,9,September,1,Actual Outturn,8,Valued Added Tax,433021
1994,9,September,1,Actual Outturn,9,Training and Employment Levy,14968
1994,9,September,1,Actual Outturn,20,Unallocated Tax Receipts,9598
1994,9,September,1,Actual Outturn,21,Motor Vehicle Duties,25189
1994,10,October,1,Actual Outturn,1,Customs,21586
1994,10,October,1,Actual Outturn,2,Excise Duty,221280
1994,10,October,1,Actual Outturn,3,Capital Gains Tax,18983
1994,10,October,1,Actual Outturn,5,Stamps,21092
1994,10,October,1,Actual Outturn,6,Income Tax,478817
1994,10,October,1,Actual Outturn,7,Corporation Tax,39077
1994,10,October,1,Actual Outturn,8,Valued Added Tax,153947
1994,10,October,1,Actual Outturn,9,Training and Employment Levy,13850
1994,10,October,1,Actual Outturn,20,Unallocated Tax Receipts,-24451
1994,10,October,1,Actual Outturn,21,Motor Vehicle Duties,22562
1994,11,November,1,Actual Outturn,1,Customs,22093
1994,11,November,1,Actual Outturn,2,Excise Duty,165922
1994,11,November,1,Actual Outturn,3,Capital Gains Tax,42014
1994,11,November,1,Actual Outturn,5,Stamps,28252
1994,11,November,1,Actual Outturn,6,Income Tax,633814
1994,11,November,1,Actual Outturn,7,Corporation Tax,67323
1994,11,November,1,Actual Outturn,8,Valued Added Tax,446672
1994,11,November,1,Actual Outturn,9,Training and Employment Levy,28240
1994,11,November,1,Actual Outturn,20,Unallocated Tax Receipts,-2151
1994,11,November,1,Actual Outturn,21,Motor Vehicle Duties,24032
1994,12,December  ,1,Actual Outturn,1,Customs,22982
1994,12,December  ,1,Actual Outturn,2,Excise Duty,274216
1994,12,December  ,1,Actual Outturn,3,Capital Gains Tax,15745
1994,12,December  ,1,Actual Outturn,5,Stamps,19452
1994,12,December  ,1,Actual Outturn,6,Income Tax,379092
1994,12,December  ,1,Actual Outturn,7,Corporation Tax,2520
1994,12,December  ,1,Actual Outturn,8,Valued Added Tax,299044
1994,12,December  ,1,Actual Outturn,9,Training and Employment Levy,29337
1994,12,December  ,1,Actual Outturn,20,Unallocated Tax Receipts,-49270
1994,12,December  ,1,Actual Outturn,21,Motor Vehicle Duties,25775
1995,1,January,1,Actual Outturn,1,Customs,21078
1995,1,January,1,Actual Outturn,2,Excise Duty,185116
1995,1,January,1,Actual Outturn,3,Capital Gains Tax,8662
1995,1,January,1,Actual Outturn,5,Stamps,37476
1995,1,January,1,Actual Outturn,6,Income Tax,432699
1995,1,January,1,Actual Outturn,7,Corporation Tax,24364
1995,1,January,1,Actual Outturn,8,Valued Added Tax,364619
1995,1,January,1,Actual Outturn,9,Training and Employment Levy,16947
1995,1,January,1,Actual Outturn,20,Unallocated Tax Receipts,58746
1995,1,January,1,Actual Outturn,21,Motor Vehicle Duties,26393
1995,2,February,1,Actual Outturn,1,Customs,21713
1995,2,February,1,Actual Outturn,2,Excise Duty,204322
1995,2,February,1,Actual Outturn,3,Capital Gains Tax,7075
1995,2,February,1,Actual Outturn,5,Stamps,20900
1995,2,February,1,Actual Outturn,6,Income Tax,366633
1995,2,February,1,Actual Outturn,7,Corporation Tax,12852
1995,2,February,1,Actual Outturn,8,Valued Added Tax,116384
1995,2,February,1,Actual Outturn,9,Training and Employment Levy,14742
1995,2,February,1,Actual Outturn,20,Unallocated Tax Receipts,5228
1995,2,February,1,Actual Outturn,21,Motor Vehicle Duties,28040
1995,3,March,1,Actual Outturn,1,Customs,21966
1995,3,March,1,Actual Outturn,2,Excise Duty,212206
1995,3,March,1,Actual Outturn,3,Capital Gains Tax,9881
1995,3,March,1,Actual Outturn,5,Stamps,23171
1995,3,March,1,Actual Outturn,6,Income Tax,386318
1995,3,March,1,Actual Outturn,7,Corporation Tax,90677
1995,3,March,1,Actual Outturn,8,Valued Added Tax,395873
1995,3,March,1,Actual Outturn,9,Training and Employment Levy,15848
1995,3,March,1,Actual Outturn,20,Unallocated Tax Receipts,-9020
1995,3,March,1,Actual Outturn,21,Motor Vehicle Duties,31123
1995,4,April,1,Actual Outturn,1,Customs,23871
1995,4,April,1,Actual Outturn,2,Excise Duty,206807
1995,4,April,1,Actual Outturn,3,Capital Gains Tax,8940
1995,4,April,1,Actual Outturn,5,Stamps,19014
1995,4,April,1,Actual Outturn,6,Income Tax,430851
1995,4,April,1,Actual Outturn,7,Corporation Tax,7450
1995,4,April,1,Actual Outturn,8,Valued Added Tax,130210
1995,4,April,1,Actual Outturn,9,Training and Employment Levy,13220
1995,4,April,1,Actual Outturn,20,Unallocated Tax Receipts,14436
1995,4,April,1,Actual Outturn,21,Motor Vehicle Duties,27657
1995,5,May,1,Actual Outturn,1,Customs,22347
1995,5,May,1,Actual Outturn,2,Excise Duty,229739
1995,5,May,1,Actual Outturn,3,Capital Gains Tax,9129
1995,5,May,1,Actual Outturn,5,Stamps,33313
1995,5,May,1,Actual Outturn,6,Income Tax,437604
1995,5,May,1,Actual Outturn,7,Corporation Tax,128226
1995,5,May,1,Actual Outturn,8,Valued Added Tax,459481
1995,5,May,1,Actual Outturn,9,Training and Employment Levy,18790
1995,5,May,1,Actual Outturn,20,Unallocated Tax Receipts,25782
1995,5,May,1,Actual Outturn,21,Motor Vehicle Duties,32216
1995,6,June,1,Actual Outturn,1,Customs,17395
1995,6,June,1,Actual Outturn,2,Excise Duty,214256
1995,6,June,1,Actual Outturn,3,Capital Gains Tax,8901
1995,6,June,1,Actual Outturn,5,Stamps,30234
1995,6,June,1,Actual Outturn,6,Income Tax,387836
1995,6,June,1,Actual Outturn,7,Corporation Tax,708754
1995,6,June,1,Actual Outturn,8,Valued Added Tax,123067
1995,6,June,1,Actual Outturn,9,Training and Employment Levy,21969
1995,6,June,1,Actual Outturn,20,Unallocated Tax Receipts,-20044
1995,6,June,1,Actual Outturn,21,Motor Vehicle Duties,27551
1995,7,July,1,Actual Outturn,1,Customs,20697
1995,7,July,1,Actual Outturn,2,Excise Duty,216203
1995,7,July,1,Actual Outturn,3,Capital Gains Tax,13045
1995,7,July,1,Actual Outturn,5,Stamps,34711
1995,7,July,1,Actual Outturn,6,Income Tax,411931
1995,7,July,1,Actual Outturn,7,Corporation Tax,130829
1995,7,July,1,Actual Outturn,8,Valued Added Tax,460062
1995,7,July,1,Actual Outturn,9,Training and Employment Levy,17302
1995,7,July,1,Actual Outturn,20,Unallocated Tax Receipts,-29092
1995,7,July,1,Actual Outturn,21,Motor Vehicle Duties,28266
1995,8,August,1,Actual Outturn,1,Customs,20062
1995,8,August,1,Actual Outturn,2,Excise Duty,224349
1995,8,August,1,Actual Outturn,3,Capital Gains Tax,8896
1995,8,August,1,Actual Outturn,5,Stamps,31561
1995,8,August,1,Actual Outturn,6,Income Tax,398596
1995,8,August,1,Actual Outturn,7,Corporation Tax,38006
1995,8,August,1,Actual Outturn,8,Valued Added Tax,145098
1995,8,August,1,Actual Outturn,9,Training and Employment Levy,18667
1995,8,August,1,Actual Outturn,20,Unallocated Tax Receipts,5673
1995,8,August,1,Actual Outturn,21,Motor Vehicle Duties,26145
1995,9,September,1,Actual Outturn,1,Customs,21839
1995,9,September,1,Actual Outturn,2,Excise Duty,252298
1995,9,September,1,Actual Outturn,3,Capital Gains Tax,10276
1995,9,September,1,Actual Outturn,5,Stamps,55004
1995,9,September,1,Actual Outturn,6,Income Tax,375017
1995,9,September,1,Actual Outturn,7,Corporation Tax,182849
1995,9,September,1,Actual Outturn,8,Valued Added Tax,484781
1995,9,September,1,Actual Outturn,9,Training and Employment Levy,16426
1995,9,September,1,Actual Outturn,20,Unallocated Tax Receipts,-142
1995,9,September,1,Actual Outturn,21,Motor Vehicle Duties,23855
1995,10,October,1,Actual Outturn,1,Customs,15237
1995,10,October,1,Actual Outturn,2,Excise Duty,188805
1995,10,October,1,Actual Outturn,3,Capital Gains Tax,17121
1995,10,October,1,Actual Outturn,5,Stamps,34928
1995,10,October,1,Actual Outturn,6,Income Tax,583600
1995,10,October,1,Actual Outturn,7,Corporation Tax,47590
1995,10,October,1,Actual Outturn,8,Valued Added Tax,174492
1995,10,October,1,Actual Outturn,9,Training and Employment Levy,17188
1995,10,October,1,Actual Outturn,20,Unallocated Tax Receipts,-10516
1995,10,October,1,Actual Outturn,21,Motor Vehicle Duties,25923
1995,11,November,1,Actual Outturn,1,Customs,23490
1995,11,November,1,Actual Outturn,2,Excise Duty,192778
1995,11,November,1,Actual Outturn,3,Capital Gains Tax,37448
1995,11,November,1,Actual Outturn,5,Stamps,26023
1995,11,November,1,Actual Outturn,6,Income Tax,634941
1995,11,November,1,Actual Outturn,7,Corporation Tax,51355
1995,11,November,1,Actual Outturn,8,Valued Added Tax,520321
1995,11,November,1,Actual Outturn,9,Training and Employment Levy,27860
1995,11,November,1,Actual Outturn,20,Unallocated Tax Receipts,8770
1995,11,November,1,Actual Outturn,21,Motor Vehicle Duties,25038
1995,12,December  ,1,Actual Outturn,1,Customs,23871
1995,12,December  ,1,Actual Outturn,2,Excise Duty,389077
1995,12,December  ,1,Actual Outturn,3,Capital Gains Tax,9298
1995,12,December  ,1,Actual Outturn,5,Stamps,14406
1995,12,December  ,1,Actual Outturn,6,Income Tax,404578
1995,12,December  ,1,Actual Outturn,7,Corporation Tax,31867
1995,12,December  ,1,Actual Outturn,8,Valued Added Tax,294412
1995,12,December  ,1,Actual Outturn,9,Training and Employment Levy,17422
1995,12,December  ,1,Actual Outturn,20,Unallocated Tax Receipts,-49819
1995,12,December  ,1,Actual Outturn,21,Motor Vehicle Duties,20262
1996,1,January,1,Actual Outturn,1,Customs,22347
1996,1,January,1,Actual Outturn,2,Excise Duty,142814
1996,1,January,1,Actual Outturn,3,Capital Gains Tax,6680
1996,1,January,1,Actual Outturn,5,Stamps,43024
1996,1,January,1,Actual Outturn,6,Income Tax,448218
1996,1,January,1,Actual Outturn,7,Corporation Tax,29482
1996,1,January,1,Actual Outturn,8,Valued Added Tax,379163
1996,1,January,1,Actual Outturn,9,Training and Employment Levy,17694
1996,1,January,1,Actual Outturn,20,Unallocated Tax Receipts,52176
1996,1,January,1,Actual Outturn,21,Motor Vehicle Duties,29792
1996,2,February,1,Actual Outturn,1,Customs,24379
1996,2,February,1,Actual Outturn,2,Excise Duty,196289
1996,2,February,1,Actual Outturn,3,Capital Gains Tax,8911
1996,2,February,1,Actual Outturn,5,Stamps,26770
1996,2,February,1,Actual Outturn,6,Income Tax,394993
1996,2,February,1,Actual Outturn,7,Corporation Tax,21408
1996,2,February,1,Actual Outturn,8,Valued Added Tax,167052
1996,2,February,1,Actual Outturn,9,Training and Employment Levy,16295
1996,2,February,1,Actual Outturn,20,Unallocated Tax Receipts,877
1996,2,February,1,Actual Outturn,21,Motor Vehicle Duties,31180
1996,3,March,1,Actual Outturn,1,Customs,21332
1996,3,March,1,Actual Outturn,2,Excise Duty,243734
1996,3,March,1,Actual Outturn,3,Capital Gains Tax,7627
1996,3,March,1,Actual Outturn,5,Stamps,24906
1996,3,March,1,Actual Outturn,6,Income Tax,414258
1996,3,March,1,Actual Outturn,7,Corporation Tax,86248
1996,3,March,1,Actual Outturn,8,Valued Added Tax,442219
1996,3,March,1,Actual Outturn,9,Training and Employment Levy,14704
1996,3,March,1,Actual Outturn,20,Unallocated Tax Receipts,-13699
1996,3,March,1,Actual Outturn,21,Motor Vehicle Duties,31503
1996,4,April,1,Actual Outturn,1,Customs,20189
1996,4,April,1,Actual Outturn,2,Excise Duty,245054
1996,4,April,1,Actual Outturn,3,Capital Gains Tax,15470
1996,4,April,1,Actual Outturn,5,Stamps,30163
1996,4,April,1,Actual Outturn,6,Income Tax,511946
1996,4,April,1,Actual Outturn,7,Corporation Tax,78136
1996,4,April,1,Actual Outturn,8,Valued Added Tax,155971
1996,4,April,1,Actual Outturn,9,Training and Employment Levy,17366
1996,4,April,1,Actual Outturn,20,Unallocated Tax Receipts,5248
1996,4,April,1,Actual Outturn,21,Motor Vehicle Duties,33158
1996,5,May,1,Actual Outturn,1,Customs,18538
1996,5,May,1,Actual Outturn,2,Excise Duty,246873
1996,5,May,1,Actual Outturn,3,Capital Gains Tax,10162
1996,5,May,1,Actual Outturn,5,Stamps,39545
1996,5,May,1,Actual Outturn,6,Income Tax,472528
1996,5,May,1,Actual Outturn,7,Corporation Tax,139763
1996,5,May,1,Actual Outturn,8,Valued Added Tax,510998
1996,5,May,1,Actual Outturn,9,Training and Employment Levy,19708
1996,5,May,1,Actual Outturn,20,Unallocated Tax Receipts,4379
1996,5,May,1,Actual Outturn,21,Motor Vehicle Duties,29907
1996,6,June,1,Actual Outturn,1,Customs,18411
1996,6,June,1,Actual Outturn,2,Excise Duty,243761
1996,6,June,1,Actual Outturn,3,Capital Gains Tax,9185
1996,6,June,1,Actual Outturn,5,Stamps,32987
1996,6,June,1,Actual Outturn,6,Income Tax,442242
1996,6,June,1,Actual Outturn,7,Corporation Tax,376284
1996,6,June,1,Actual Outturn,8,Valued Added Tax,164170
1996,6,June,1,Actual Outturn,9,Training and Employment Levy,21062
1996,6,June,1,Actual Outturn,20,Unallocated Tax Receipts,-14784
1996,6,June,1,Actual Outturn,21,Motor Vehicle Duties,24929
1996,7,July,1,Actual Outturn,1,Customs,13459
1996,7,July,1,Actual Outturn,2,Excise Duty,246435
1996,7,July,1,Actual Outturn,3,Capital Gains Tax,20422
1996,7,July,1,Actual Outturn,5,Stamps,46773
1996,7,July,1,Actual Outturn,6,Income Tax,462182
1996,7,July,1,Actual Outturn,7,Corporation Tax,680314
1996,7,July,1,Actual Outturn,8,Valued Added Tax,481287
1996,7,July,1,Actual Outturn,9,Training and Employment Levy,19466
1996,7,July,1,Actual Outturn,20,Unallocated Tax Receipts,1738
1996,7,July,1,Actual Outturn,21,Motor Vehicle Duties,30996
1996,8,August,1,Actual Outturn,1,Customs,16634
1996,8,August,1,Actual Outturn,2,Excise Duty,238372
1996,8,August,1,Actual Outturn,3,Capital Gains Tax,10152
1996,8,August,1,Actual Outturn,5,Stamps,31077
1996,8,August,1,Actual Outturn,6,Income Tax,412274
1996,8,August,1,Actual Outturn,7,Corporation Tax,28570
1996,8,August,1,Actual Outturn,8,Valued Added Tax,186895
1996,8,August,1,Actual Outturn,9,Training and Employment Levy,17987
1996,8,August,1,Actual Outturn,20,Unallocated Tax Receipts,17392
1996,8,August,1,Actual Outturn,21,Motor Vehicle Duties,24726
1996,9,September,1,Actual Outturn,1,Customs,5841
1996,9,September,1,Actual Outturn,2,Excise Duty,257112
1996,9,September,1,Actual Outturn,3,Capital Gains Tax,15124
1996,9,September,1,Actual Outturn,5,Stamps,50324
1996,9,September,1,Actual Outturn,6,Income Tax,412627
1996,9,September,1,Actual Outturn,7,Corporation Tax,197967
1996,9,September,1,Actual Outturn,8,Valued Added Tax,510054
1996,9,September,1,Actual Outturn,9,Training and Employment Levy,17876
1996,9,September,1,Actual Outturn,20,Unallocated Tax Receipts,-4009
1996,9,September,1,Actual Outturn,21,Motor Vehicle Duties,23781
1996,10,October,1,Actual Outturn,1,Customs,15999
1996,10,October,1,Actual Outturn,2,Excise Duty,226688
1996,10,October,1,Actual Outturn,3,Capital Gains Tax,28507
1996,10,October,1,Actual Outturn,5,Stamps,39580
1996,10,October,1,Actual Outturn,6,Income Tax,653408
1996,10,October,1,Actual Outturn,7,Corporation Tax,70582
1996,10,October,1,Actual Outturn,8,Valued Added Tax,212640
1996,10,October,1,Actual Outturn,9,Training and Employment Levy,17145
1996,10,October,1,Actual Outturn,20,Unallocated Tax Receipts,6335
1996,10,October,1,Actual Outturn,21,Motor Vehicle Duties,26827
1996,11,November,1,Actual Outturn,1,Customs,16761
1996,11,November,1,Actual Outturn,2,Excise Duty,229979
1996,11,November,1,Actual Outturn,3,Capital Gains Tax,60380
1996,11,November,1,Actual Outturn,5,Stamps,33012
1996,11,November,1,Actual Outturn,6,Income Tax,721061
1996,11,November,1,Actual Outturn,7,Corporation Tax,39060
1996,11,November,1,Actual Outturn,8,Valued Added Tax,555550
1996,11,November,1,Actual Outturn,9,Training and Employment Levy,21607
1996,11,November,1,Actual Outturn,20,Unallocated Tax Receipts,5968
1996,11,November,1,Actual Outturn,21,Motor Vehicle Duties,24018
1996,12,December  ,1,Actual Outturn,1,Customs,7555
1996,12,December  ,1,Actual Outturn,2,Excise Duty,428090
1996,12,December  ,1,Actual Outturn,3,Capital Gains Tax,33836
1996,12,December  ,1,Actual Outturn,5,Stamps,28636
1996,12,December  ,1,Actual Outturn,6,Income Tax,448573
1996,12,December  ,1,Actual Outturn,7,Corporation Tax,62648
1996,12,December  ,1,Actual Outturn,8,Valued Added Tax,176646
1996,12,December  ,1,Actual Outturn,9,Training and Employment Levy,21713
1996,12,December  ,1,Actual Outturn,20,Unallocated Tax Receipts,-61622
1996,12,December  ,1,Actual Outturn,21,Motor Vehicle Duties,16674
1997,1,January,1,Actual Outturn,1,Customs,10169
1997,1,January,1,Actual Outturn,2,Excise Duty,155567
1997,1,January,1,Actual Outturn,3,Capital Gains Tax,11401
1997,1,January,1,Actual Outturn,5,Stamps,50350
1997,1,January,1,Actual Outturn,6,Income Tax,545925
1997,1,January,1,Actual Outturn,7,Corporation Tax,20703
1997,1,January,1,Actual Outturn,8,Valued Added Tax,600777
1997,1,January,1,Actual Outturn,9,Training and Employment Levy,17309
1997,1,January,1,Actual Outturn,20,Unallocated Tax Receipts,67908
1997,1,January,1,Actual Outturn,21,Motor Vehicle Duties,30155
1997,2,February,1,Actual Outturn,1,Customs,18908
1997,2,February,1,Actual Outturn,2,Excise Duty,216536
1997,2,February,1,Actual Outturn,3,Capital Gains Tax,9807
1997,2,February,1,Actual Outturn,5,Stamps,37503
1997,2,February,1,Actual Outturn,6,Income Tax,450125
1997,2,February,1,Actual Outturn,7,Corporation Tax,21112
1997,2,February,1,Actual Outturn,8,Valued Added Tax,196986
1997,2,February,1,Actual Outturn,9,Training and Employment Levy,16463
1997,2,February,1,Actual Outturn,20,Unallocated Tax Receipts,5450
1997,2,February,1,Actual Outturn,21,Motor Vehicle Duties,31093
1997,3,March,1,Actual Outturn,1,Customs,20062
1997,3,March,1,Actual Outturn,2,Excise Duty,266291
1997,3,March,1,Actual Outturn,3,Capital Gains Tax,10141
1997,3,March,1,Actual Outturn,5,Stamps,29857
1997,3,March,1,Actual Outturn,6,Income Tax,451660
1997,3,March,1,Actual Outturn,7,Corporation Tax,60512
1997,3,March,1,Actual Outturn,8,Valued Added Tax,483981
1997,3,March,1,Actual Outturn,9,Training and Employment Levy,18162
1997,3,March,1,Actual Outturn,20,Unallocated Tax Receipts,-16745
1997,3,March,1,Actual Outturn,21,Motor Vehicle Duties,29632
1997,4,April,1,Actual Outturn,1,Customs,23998
1997,4,April,1,Actual Outturn,2,Excise Duty,258332
1997,4,April,1,Actual Outturn,3,Capital Gains Tax,39441
1997,4,April,1,Actual Outturn,5,Stamps,40995
1997,4,April,1,Actual Outturn,6,Income Tax,631700
1997,4,April,1,Actual Outturn,7,Corporation Tax,142296
1997,4,April,1,Actual Outturn,8,Valued Added Tax,222387
1997,4,April,1,Actual Outturn,9,Training and Employment Levy,17776
1997,4,April,1,Actual Outturn,20,Unallocated Tax Receipts,3873
1997,4,April,1,Actual Outturn,21,Motor Vehicle Duties,36094
1997,5,May,1,Actual Outturn,1,Customs,19808
1997,5,May,1,Actual Outturn,2,Excise Duty,242860
1997,5,May,1,Actual Outturn,3,Capital Gains Tax,13817
1997,5,May,1,Actual Outturn,5,Stamps,43461
1997,5,May,1,Actual Outturn,6,Income Tax,553476
1997,5,May,1,Actual Outturn,7,Corporation Tax,159049
1997,5,May,1,Actual Outturn,8,Valued Added Tax,575204
1997,5,May,1,Actual Outturn,9,Training and Employment Levy,20676
1997,5,May,1,Actual Outturn,20,Unallocated Tax Receipts,-10536
1997,6,June,1,Actual Outturn,1,Customs,19427
1997,6,June,1,Actual Outturn,2,Excise Duty,265651
1997,6,June,1,Actual Outturn,3,Capital Gains Tax,12657
1997,6,June,1,Actual Outturn,5,Stamps,42154
1997,6,June,1,Actual Outturn,6,Income Tax,485390
1997,6,June,1,Actual Outturn,7,Corporation Tax,1013271
1997,6,June,1,Actual Outturn,8,Valued Added Tax,180676
1997,6,June,1,Actual Outturn,9,Training and Employment Levy,23147
1997,6,June,1,Actual Outturn,20,Unallocated Tax Receipts,17115
1997,7,July,1,Actual Outturn,1,Customs,19554
1997,7,July,1,Actual Outturn,2,Excise Duty,275621
1997,7,July,1,Actual Outturn,3,Capital Gains Tax,19132
1997,7,July,1,Actual Outturn,5,Stamps,60950
1997,7,July,1,Actual Outturn,6,Income Tax,509694
1997,7,July,1,Actual Outturn,7,Corporation Tax,247848
1997,7,July,1,Actual Outturn,8,Valued Added Tax,597441
1997,7,July,1,Actual Outturn,9,Training and Employment Levy,-96845
1997,7,July,1,Actual Outturn,20,Unallocated Tax Receipts,-3758
1997,8,August,1,Actual Outturn,1,Customs,21839
1997,8,August,1,Actual Outturn,2,Excise Duty,261195
1997,8,August,1,Actual Outturn,3,Capital Gains Tax,10047
1997,8,August,1,Actual Outturn,5,Stamps,55828
1997,8,August,1,Actual Outturn,6,Income Tax,476351
1997,8,August,1,Actual Outturn,7,Corporation Tax,33592
1997,8,August,1,Actual Outturn,8,Valued Added Tax,167076
1997,8,August,1,Actual Outturn,9,Training and Employment Levy,135165
1997,8,August,1,Actual Outturn,20,Unallocated Tax Receipts,-3993
1997,9,September,1,Actual Outturn,1,Customs,18665
1997,9,September,1,Actual Outturn,2,Excise Duty,286243
1997,9,September,1,Actual Outturn,3,Capital Gains Tax,21663
1997,9,September,1,Actual Outturn,5,Stamps,46797
1997,9,September,1,Actual Outturn,6,Income Tax,462134
1997,9,September,1,Actual Outturn,7,Corporation Tax,175379
1997,9,September,1,Actual Outturn,8,Valued Added Tax,595253
1997,9,September,1,Actual Outturn,9,Training and Employment Levy,18813
1997,9,September,1,Actual Outturn,20,Unallocated Tax Receipts,2221
1997,10,October,1,Actual Outturn,1,Customs,19935
1997,10,October,1,Actual Outturn,2,Excise Duty,248583
1997,10,October,1,Actual Outturn,3,Capital Gains Tax,29342
1997,10,October,1,Actual Outturn,5,Stamps,51920
1997,10,October,1,Actual Outturn,6,Income Tax,768084
1997,10,October,1,Actual Outturn,7,Corporation Tax,116873
1997,10,October,1,Actual Outturn,8,Valued Added Tax,233062
1997,10,October,1,Actual Outturn,9,Training and Employment Levy,15210
1997,10,October,1,Actual Outturn,20,Unallocated Tax Receipts,-13610
1997,11,November,1,Actual Outturn,1,Customs,18665
1997,11,November,1,Actual Outturn,2,Excise Duty,264495
1997,11,November,1,Actual Outturn,3,Capital Gains Tax,92081
1997,11,November,1,Actual Outturn,5,Stamps,42996
1997,11,November,1,Actual Outturn,6,Income Tax,780432
1997,11,November,1,Actual Outturn,7,Corporation Tax,30570
1997,11,November,1,Actual Outturn,8,Valued Added Tax,597059
1997,11,November,1,Actual Outturn,9,Training and Employment Levy,37984
1997,11,November,1,Actual Outturn,20,Unallocated Tax Receipts,28073
1997,12,December  ,1,Actual Outturn,1,Customs,17141
1997,12,December  ,1,Actual Outturn,2,Excise Duty,442372
1997,12,December  ,1,Actual Outturn,3,Capital Gains Tax,15982
1997,12,December  ,1,Actual Outturn,5,Stamps,41774
1997,12,December  ,1,Actual Outturn,6,Income Tax,511092
1997,12,December  ,1,Actual Outturn,7,Corporation Tax,135710
1997,12,December  ,1,Actual Outturn,8,Valued Added Tax,270928
1997,12,December  ,1,Actual Outturn,9,Training and Employment Levy,27238
1997,12,December  ,1,Actual Outturn,20,Unallocated Tax Receipts,-75995
1998,1,January,1,Actual Outturn,1,Customs,8888167
1998,1,January,1,Actual Outturn,2,Excise Duty,199500
1998,1,January,1,Actual Outturn,3,Capital Gains Tax,14759
1998,1,January,1,Actual Outturn,5,Stamps,63842
1998,1,January,1,Actual Outturn,6,Income Tax,584063
1998,1,January,1,Actual Outturn,7,Corporation Tax,32339
1998,1,January,1,Actual Outturn,8,Valued Added Tax,682618
1998,1,January,1,Actual Outturn,9,Training and Employment Levy,20564449
1998,1,January,1,Actual Outturn,20,Unallocated Tax Receipts,56590
1998,2,February,1,Actual Outturn,1,Customs,25648709
1998,2,February,1,Actual Outturn,2,Excise Duty,217364
1998,2,February,1,Actual Outturn,3,Capital Gains Tax,17798
1998,2,February,1,Actual Outturn,5,Stamps,56585
1998,2,February,1,Actual Outturn,6,Income Tax,508655
1998,2,February,1,Actual Outturn,7,Corporation Tax,16889
1998,2,February,1,Actual Outturn,8,Valued Added Tax,230847
1998,2,February,1,Actual Outturn,9,Training and Employment Levy,355269
1998,2,February,1,Actual Outturn,20,Unallocated Tax Receipts,-4584
1998,3,March,1,Actual Outturn,1,Customs,20315809
1998,3,March,1,Actual Outturn,2,Excise Duty,269998
1998,3,March,1,Actual Outturn,3,Capital Gains Tax,29694
1998,3,March,1,Actual Outturn,5,Stamps,52703
1998,3,March,1,Actual Outturn,6,Income Tax,518970
1998,3,March,1,Actual Outturn,7,Corporation Tax,173773
1998,3,March,1,Actual Outturn,8,Valued Added Tax,603499
1998,3,March,1,Actual Outturn,9,Training and Employment Levy,18519616
1998,3,March,1,Actual Outturn,20,Unallocated Tax Receipts,4501
1998,4,April,1,Actual Outturn,1,Customs,-54777516
1998,4,April,1,Actual Outturn,2,Excise Duty,308945
1998,4,April,1,Actual Outturn,3,Capital Gains Tax,16768
1998,4,April,1,Actual Outturn,5,Stamps,47608
1998,4,April,1,Actual Outturn,6,Income Tax,694412
1998,4,April,1,Actual Outturn,7,Corporation Tax,82690
1998,4,April,1,Actual Outturn,8,Valued Added Tax,223870
1998,4,April,1,Actual Outturn,9,Training and Employment Levy,-39399606
1998,4,April,1,Actual Outturn,20,Unallocated Tax Receipts,-848
1998,5,May,1,Actual Outturn,1,Customs,17522
1998,5,May,1,Actual Outturn,2,Excise Duty,279026
1998,5,May,1,Actual Outturn,3,Capital Gains Tax,16804
1998,5,May,1,Actual Outturn,5,Stamps,53387
1998,5,May,1,Actual Outturn,6,Income Tax,633910
1998,5,May,1,Actual Outturn,7,Corporation Tax,185015
1998,5,May,1,Actual Outturn,8,Valued Added Tax,656046
1998,5,May,1,Actual Outturn,9,Training and Employment Levy,38276
1998,5,May,1,Actual Outturn,20,Unallocated Tax Receipts,3353
1998,6,June,1,Actual Outturn,1,Customs,16507
1998,6,June,1,Actual Outturn,2,Excise Duty,310419
1998,6,June,1,Actual Outturn,3,Capital Gains Tax,17239
1998,6,June,1,Actual Outturn,5,Stamps,52304
1998,6,June,1,Actual Outturn,6,Income Tax,520645
1998,6,June,1,Actual Outturn,7,Corporation Tax,1266312
1998,6,June,1,Actual Outturn,8,Valued Added Tax,217093
1998,6,June,1,Actual Outturn,9,Training and Employment Levy,32671
1998,6,June,1,Actual Outturn,20,Unallocated Tax Receipts,-8629
1998,7,July,1,Actual Outturn,1,Customs,26538
1998,7,July,1,Actual Outturn,2,Excise Duty,304067
1998,7,July,1,Actual Outturn,3,Capital Gains Tax,21069
1998,7,July,1,Actual Outturn,5,Stamps,81598
1998,7,July,1,Actual Outturn,6,Income Tax,527635
1998,7,July,1,Actual Outturn,7,Corporation Tax,236668
1998,7,July,1,Actual Outturn,8,Valued Added Tax,692082
1998,7,July,1,Actual Outturn,9,Training and Employment Levy,44550
1998,7,July,1,Actual Outturn,20,Unallocated Tax Receipts,-4549
1998,8,August,1,Actual Outturn,1,Customs,15745
1998,8,August,1,Actual Outturn,2,Excise Duty,291909
1998,8,August,1,Actual Outturn,3,Capital Gains Tax,19030
1998,8,August,1,Actual Outturn,5,Stamps,59292
1998,8,August,1,Actual Outturn,6,Income Tax,497551
1998,8,August,1,Actual Outturn,7,Corporation Tax,41297
1998,8,August,1,Actual Outturn,8,Valued Added Tax,213056
1998,8,August,1,Actual Outturn,9,Training and Employment Levy,21083
1998,8,August,1,Actual Outturn,20,Unallocated Tax Receipts,8387
1998,9,September,1,Actual Outturn,1,Customs,15745
1998,9,September,1,Actual Outturn,2,Excise Duty,330732
1998,9,September,1,Actual Outturn,3,Capital Gains Tax,16545
1998,9,September,1,Actual Outturn,5,Stamps,54820
1998,9,September,1,Actual Outturn,6,Income Tax,544156
1998,9,September,1,Actual Outturn,7,Corporation Tax,187481
1998,9,September,1,Actual Outturn,8,Valued Added Tax,676904
1998,9,September,1,Actual Outturn,9,Training and Employment Levy,413
1998,9,September,1,Actual Outturn,20,Unallocated Tax Receipts,-1912
1998,10,October,1,Actual Outturn,1,Customs,18284
1998,10,October,1,Actual Outturn,2,Excise Duty,227484
1998,10,October,1,Actual Outturn,3,Capital Gains Tax,46716
1998,10,October,1,Actual Outturn,5,Stamps,58586
1998,10,October,1,Actual Outturn,6,Income Tax,777242
1998,10,October,1,Actual Outturn,7,Corporation Tax,177931
1998,10,October,1,Actual Outturn,8,Valued Added Tax,249688
1998,10,October,1,Actual Outturn,9,Training and Employment Levy,22982
1998,10,October,1,Actual Outturn,20,Unallocated Tax Receipts,19206
1998,11,November,1,Actual Outturn,1,Customs,5079
1998,11,November,1,Actual Outturn,2,Excise Duty,344625
1998,11,November,1,Actual Outturn,3,Capital Gains Tax,146014
1998,11,November,1,Actual Outturn,5,Stamps,57421
1998,11,November,1,Actual Outturn,6,Income Tax,925099
1998,11,November,1,Actual Outturn,7,Corporation Tax,66847
1998,11,November,1,Actual Outturn,8,Valued Added Tax,733524
1998,11,November,1,Actual Outturn,9,Training and Employment Levy,63925
1998,11,November,1,Actual Outturn,20,Unallocated Tax Receipts,14653
1998,12,December  ,1,Actual Outturn,1,Customs,12139
1998,12,December  ,1,Actual Outturn,2,Excise Duty,499274
1998,12,December  ,1,Actual Outturn,3,Capital Gains Tax,25227
1998,12,December  ,1,Actual Outturn,5,Stamps,47981
1998,12,December  ,1,Actual Outturn,6,Income Tax,551663
1998,12,December  ,1,Actual Outturn,7,Corporation Tax,154683
1998,12,December  ,1,Actual Outturn,8,Valued Added Tax,242288
1998,12,December  ,1,Actual Outturn,9,Training and Employment Levy,29347
1998,12,December  ,1,Actual Outturn,20,Unallocated Tax Receipts,-86167
1999,1,January,1,Actual Outturn,1,Customs,14983
1999,1,January,1,Actual Outturn,2,Excise Duty,213186
1999,1,January,1,Actual Outturn,3,Capital Gains Tax,8921
1999,1,January,1,Actual Outturn,4,Capital Acquisitions Tax,10812
1999,1,January,1,Actual Outturn,5,Stamps,61284
1999,1,January,1,Actual Outturn,6,Income Tax,617799
1999,1,January,1,Actual Outturn,7,Corporation Tax,39870
1999,1,January,1,Actual Outturn,8,Valued Added Tax,789698
1999,1,January,1,Actual Outturn,9,Training and Employment Levy,20303
1999,1,January,1,Actual Outturn,20,Unallocated Tax Receipts,82984
1999,2,February,1,Actual Outturn,1,Customs,17141
1999,2,February,1,Actual Outturn,2,Excise Duty,261172
1999,2,February,1,Actual Outturn,3,Capital Gains Tax,13874
1999,2,February,1,Actual Outturn,4,Capital Acquisitions Tax,16653
1999,2,February,1,Actual Outturn,5,Stamps,78272
1999,2,February,1,Actual Outturn,6,Income Tax,585480
1999,2,February,1,Actual Outturn,7,Corporation Tax,26031
1999,2,February,1,Actual Outturn,8,Valued Added Tax,289023
1999,2,February,1,Actual Outturn,9,Training and Employment Levy,24713
1999,2,February,1,Actual Outturn,20,Unallocated Tax Receipts,-24903
1999,3,March,1,Actual Outturn,1,Customs,15491
1999,3,March,1,Actual Outturn,2,Excise Duty,326175
1999,3,March,1,Actual Outturn,3,Capital Gains Tax,13289
1999,3,March,1,Actual Outturn,4,Capital Acquisitions Tax,19402
1999,3,March,1,Actual Outturn,5,Stamps,63754
1999,3,March,1,Actual Outturn,6,Income Tax,587287
1999,3,March,1,Actual Outturn,7,Corporation Tax,138420
1999,3,March,1,Actual Outturn,8,Valued Added Tax,679672
1999,3,March,1,Actual Outturn,9,Training and Employment Levy,22321
1999,3,March,1,Actual Outturn,20,Unallocated Tax Receipts,1941
1999,4,April,1,Actual Outturn,1,Customs,16253
1999,4,April,1,Actual Outturn,2,Excise Duty,339110
1999,4,April,1,Actual Outturn,3,Capital Gains Tax,9677
1999,4,April,1,Actual Outturn,4,Capital Acquisitions Tax,13822
1999,4,April,1,Actual Outturn,5,Stamps,54316
1999,4,April,1,Actual Outturn,6,Income Tax,711427
1999,4,April,1,Actual Outturn,7,Corporation Tax,95662
1999,4,April,1,Actual Outturn,8,Valued Added Tax,202105
1999,4,April,1,Actual Outturn,9,Training and Employment Levy,20119
1999,4,April,1,Actual Outturn,20,Unallocated Tax Receipts,1780
1999,5,May,1,Actual Outturn,1,Customs,16253
1999,5,May,1,Actual Outturn,2,Excise Duty,335144
1999,5,May,1,Actual Outturn,3,Capital Gains Tax,10112
1999,5,May,1,Actual Outturn,4,Capital Acquisitions Tax,12449
1999,5,May,1,Actual Outturn,5,Stamps,79734
1999,5,May,1,Actual Outturn,6,Income Tax,747092
1999,5,May,1,Actual Outturn,7,Corporation Tax,426965
1999,5,May,1,Actual Outturn,8,Valued Added Tax,790004
1999,5,May,1,Actual Outturn,9,Training and Employment Levy,3705
1999,5,May,1,Actual Outturn,20,Unallocated Tax Receipts,3520
1999,6,June,1,Actual Outturn,1,Customs,15237
1999,6,June,1,Actual Outturn,2,Excise Duty,331480
1999,6,June,1,Actual Outturn,3,Capital Gains Tax,9876
1999,6,June,1,Actual Outturn,4,Capital Acquisitions Tax,14000
1999,6,June,1,Actual Outturn,5,Stamps,74681
1999,6,June,1,Actual Outturn,6,Income Tax,549701
1999,6,June,1,Actual Outturn,7,Corporation Tax,1690416
1999,6,June,1,Actual Outturn,8,Valued Added Tax,283334
1999,6,June,1,Actual Outturn,9,Training and Employment Levy,4166
1999,6,June,1,Actual Outturn,20,Unallocated Tax Receipts,19469
1999,7,July,1,Actual Outturn,1,Customs,12316
1999,7,July,1,Actual Outturn,2,Excise Duty,336310
1999,7,July,1,Actual Outturn,3,Capital Gains Tax,6064
1999,7,July,1,Actual Outturn,4,Capital Acquisitions Tax,30653
1999,7,July,1,Actual Outturn,5,Stamps,83426
1999,7,July,1,Actual Outturn,6,Income Tax,571263
1999,7,July,1,Actual Outturn,7,Corporation Tax,254089
1999,7,July,1,Actual Outturn,8,Valued Added Tax,782421
1999,7,July,1,Actual Outturn,9,Training and Employment Levy,1793
1999,7,July,1,Actual Outturn,20,Unallocated Tax Receipts,17526
1999,8,August,1,Actual Outturn,1,Customs,16507
1999,8,August,1,Actual Outturn,2,Excise Duty,333803
1999,8,August,1,Actual Outturn,3,Capital Gains Tax,8759
1999,8,August,1,Actual Outturn,4,Capital Acquisitions Tax,16816
1999,8,August,1,Actual Outturn,5,Stamps,103651
1999,8,August,1,Actual Outturn,6,Income Tax,639063
1999,8,August,1,Actual Outturn,7,Corporation Tax,55463
1999,8,August,1,Actual Outturn,8,Valued Added Tax,234941
1999,8,August,1,Actual Outturn,9,Training and Employment Levy,4389
1999,8,August,1,Actual Outturn,20,Unallocated Tax Receipts,-33756
1999,9,September,1,Actual Outturn,1,Customs,15491
1999,9,September,1,Actual Outturn,2,Excise Duty,357752
1999,9,September,1,Actual Outturn,3,Capital Gains Tax,7185
1999,9,September,1,Actual Outturn,4,Capital Acquisitions Tax,15180
1999,9,September,1,Actual Outturn,5,Stamps,69311
1999,9,September,1,Actual Outturn,6,Income Tax,561286
1999,9,September,1,Actual Outturn,7,Corporation Tax,214079
1999,9,September,1,Actual Outturn,8,Valued Added Tax,765642
1999,9,September,1,Actual Outturn,9,Training and Employment Levy,379
1999,9,September,1,Actual Outturn,20,Unallocated Tax Receipts,-16790
1999,10,October,1,Actual Outturn,1,Customs,14983
1999,10,October,1,Actual Outturn,2,Excise Duty,274438
1999,10,October,1,Actual Outturn,3,Capital Gains Tax,34642
1999,10,October,1,Actual Outturn,4,Capital Acquisitions Tax,12276
1999,10,October,1,Actual Outturn,5,Stamps,73037
1999,10,October,1,Actual Outturn,6,Income Tax,756313
1999,10,October,1,Actual Outturn,7,Corporation Tax,156298
1999,10,October,1,Actual Outturn,8,Valued Added Tax,287064
1999,10,October,1,Actual Outturn,9,Training and Employment Levy,356
1999,10,October,1,Actual Outturn,20,Unallocated Tax Receipts,35310
1999,11,November,1,Actual Outturn,1,Customs,12951
1999,11,November,1,Actual Outturn,2,Excise Duty,343357
1999,11,November,1,Actual Outturn,3,Capital Gains Tax,312169
1999,11,November,1,Actual Outturn,4,Capital Acquisitions Tax,16635
1999,11,November,1,Actual Outturn,5,Stamps,83121
1999,11,November,1,Actual Outturn,6,Income Tax,1115707
1999,11,November,1,Actual Outturn,7,Corporation Tax,96445
1999,11,November,1,Actual Outturn,8,Valued Added Tax,859360
1999,11,November,1,Actual Outturn,9,Training and Employment Levy,1418
1999,11,November,1,Actual Outturn,20,Unallocated Tax Receipts,-16500
1999,12,December  ,1,Actual Outturn,1,Customs,4571
1999,12,December  ,1,Actual Outturn,2,Excise Duty,608367
1999,12,December  ,1,Actual Outturn,3,Capital Gains Tax,19386
1999,12,December  ,1,Actual Outturn,4,Capital Acquisitions Tax,13892
1999,12,December  ,1,Actual Outturn,5,Stamps,88762
1999,12,December  ,1,Actual Outturn,6,Income Tax,585692
1999,12,December  ,1,Actual Outturn,7,Corporation Tax,246894
1999,12,December  ,1,Actual Outturn,8,Valued Added Tax,230875
1999,12,December  ,1,Actual Outturn,9,Training and Employment Levy,6479
1999,12,December  ,1,Actual Outturn,20,Unallocated Tax Receipts,-70581
2000,1,January,1,Actual Outturn,1,Customs,13459
2000,1,January,1,Actual Outturn,2,Excise Duty,254439
2000,1,January,1,Actual Outturn,3,Capital Gains Tax,15046
2000,1,January,1,Actual Outturn,4,Capital Acquisitions Tax,12887
2000,1,January,1,Actual Outturn,5,Stamps,94504
2000,1,January,1,Actual Outturn,6,Income Tax,729910
2000,1,January,1,Actual Outturn,7,Corporation Tax,71375
2000,1,January,1,Actual Outturn,8,Valued Added Tax,958313
2000,1,January,1,Actual Outturn,9,Training and Employment Levy,653
2000,1,January,1,Actual Outturn,20,Unallocated Tax Receipts,115537
2000,2,February,1,Actual Outturn,1,Customs,20316
2000,2,February,1,Actual Outturn,2,Excise Duty,300710
2000,2,February,1,Actual Outturn,3,Capital Gains Tax,27037
2000,2,February,1,Actual Outturn,4,Capital Acquisitions Tax,16541
2000,2,February,1,Actual Outturn,5,Stamps,85246
2000,2,February,1,Actual Outturn,6,Income Tax,645057
2000,2,February,1,Actual Outturn,7,Corporation Tax,34651
2000,2,February,1,Actual Outturn,8,Valued Added Tax,328500
2000,2,February,1,Actual Outturn,9,Training and Employment Levy,457
2000,2,February,1,Actual Outturn,20,Unallocated Tax Receipts,10258
2000,3,March,1,Actual Outturn,1,Customs,21586
2000,3,March,1,Actual Outturn,2,Excise Duty,365739
2000,3,March,1,Actual Outturn,3,Capital Gains Tax,16263
2000,3,March,1,Actual Outturn,4,Capital Acquisitions Tax,17714
2000,3,March,1,Actual Outturn,5,Stamps,79820
2000,3,March,1,Actual Outturn,6,Income Tax,662614
2000,3,March,1,Actual Outturn,7,Corporation Tax,130035
2000,3,March,1,Actual Outturn,8,Valued Added Tax,839274
2000,3,March,1,Actual Outturn,9,Training and Employment Levy,335
2000,3,March,1,Actual Outturn,20,Unallocated Tax Receipts,-16091
2000,4,April,1,Actual Outturn,1,Customs,13205
2000,4,April,1,Actual Outturn,2,Excise Duty,387128
2000,4,April,1,Actual Outturn,3,Capital Gains Tax,18085
2000,4,April,1,Actual Outturn,4,Capital Acquisitions Tax,25189
2000,4,April,1,Actual Outturn,5,Stamps,86398
2000,4,April,1,Actual Outturn,6,Income Tax,739887
2000,4,April,1,Actual Outturn,7,Corporation Tax,39799
2000,4,April,1,Actual Outturn,8,Valued Added Tax,263186
2000,4,April,1,Actual Outturn,9,Training and Employment Levy,249
2000,4,April,1,Actual Outturn,20,Unallocated Tax Receipts,9350
2000,5,May,1,Actual Outturn,1,Customs,20570
2000,5,May,1,Actual Outturn,2,Excise Duty,388853
2000,5,May,1,Actual Outturn,3,Capital Gains Tax,14088
2000,5,May,1,Actual Outturn,4,Capital Acquisitions Tax,19882
2000,5,May,1,Actual Outturn,5,Stamps,103385
2000,5,May,1,Actual Outturn,6,Income Tax,984681
2000,5,May,1,Actual Outturn,7,Corporation Tax,342258
2000,5,May,1,Actual Outturn,8,Valued Added Tax,967608
2000,5,May,1,Actual Outturn,9,Training and Employment Levy,3730
2000,5,May,1,Actual Outturn,20,Unallocated Tax Receipts,24877
2000,6,June,1,Actual Outturn,1,Customs,22855
2000,6,June,1,Actual Outturn,2,Excise Duty,240482
2000,6,June,1,Actual Outturn,3,Capital Gains Tax,14878
2000,6,June,1,Actual Outturn,4,Capital Acquisitions Tax,19093
2000,6,June,1,Actual Outturn,5,Stamps,85364
2000,6,June,1,Actual Outturn,6,Income Tax,607835
2000,6,June,1,Actual Outturn,7,Corporation Tax,1998836
2000,6,June,1,Actual Outturn,8,Valued Added Tax,298627
2000,6,June,1,Actual Outturn,9,Training and Employment Levy,10545
2000,6,June,1,Actual Outturn,20,Unallocated Tax Receipts,19636
2000,7,July,1,Actual Outturn,1,Customs,17776
2000,7,July,1,Actual Outturn,2,Excise Duty,456588
2000,7,July,1,Actual Outturn,3,Capital Gains Tax,9178
2000,7,July,1,Actual Outturn,4,Capital Acquisitions Tax,27400
2000,7,July,1,Actual Outturn,5,Stamps,123479
2000,7,July,1,Actual Outturn,6,Income Tax,594251
2000,7,July,1,Actual Outturn,7,Corporation Tax,257968
2000,7,July,1,Actual Outturn,8,Valued Added Tax,931211
2000,7,July,1,Actual Outturn,9,Training and Employment Levy,3357
2000,7,July,1,Actual Outturn,20,Unallocated Tax Receipts,1695
2000,8,August,1,Actual Outturn,1,Customs,19300
2000,8,August,1,Actual Outturn,2,Excise Duty,360314
2000,8,August,1,Actual Outturn,3,Capital Gains Tax,12848
2000,8,August,1,Actual Outturn,4,Capital Acquisitions Tax,16126
2000,8,August,1,Actual Outturn,5,Stamps,90446
2000,8,August,1,Actual Outturn,6,Income Tax,676010
2000,8,August,1,Actual Outturn,7,Corporation Tax,96659
2000,8,August,1,Actual Outturn,8,Valued Added Tax,325461
2000,8,August,1,Actual Outturn,9,Training and Employment Levy,367
2000,8,August,1,Actual Outturn,20,Unallocated Tax Receipts,19341
2000,9,September,1,Actual Outturn,1,Customs,21586
2000,9,September,1,Actual Outturn,2,Excise Duty,395790
2000,9,September,1,Actual Outturn,3,Capital Gains Tax,11263
2000,9,September,1,Actual Outturn,4,Capital Acquisitions Tax,15801
2000,9,September,1,Actual Outturn,5,Stamps,92654
2000,9,September,1,Actual Outturn,6,Income Tax,659101
2000,9,September,1,Actual Outturn,7,Corporation Tax,343994
2000,9,September,1,Actual Outturn,8,Valued Added Tax,884810
2000,9,September,1,Actual Outturn,9,Training and Employment Levy,344
2000,9,September,1,Actual Outturn,20,Unallocated Tax Receipts,-55786
2000,10,October,1,Actual Outturn,1,Customs,6348
2000,10,October,1,Actual Outturn,2,Excise Duty,299921
2000,10,October,1,Actual Outturn,3,Capital Gains Tax,85185
2000,10,October,1,Actual Outturn,4,Capital Acquisitions Tax,20566
2000,10,October,1,Actual Outturn,5,Stamps,99634
2000,10,October,1,Actual Outturn,6,Income Tax,1018215
2000,10,October,1,Actual Outturn,7,Corporation Tax,129838
2000,10,October,1,Actual Outturn,8,Valued Added Tax,313217
2000,10,October,1,Actual Outturn,9,Training and Employment Levy,784
2000,10,October,1,Actual Outturn,20,Unallocated Tax Receipts,6965
2000,11,November,1,Actual Outturn,1,Customs,16761
2000,11,November,1,Actual Outturn,2,Excise Duty,294224
2000,11,November,1,Actual Outturn,3,Capital Gains Tax,522115
2000,11,November,1,Actual Outturn,4,Capital Acquisitions Tax,18261
2000,11,November,1,Actual Outturn,5,Stamps,99332
2000,11,November,1,Actual Outturn,6,Income Tax,1190666
2000,11,November,1,Actual Outturn,7,Corporation Tax,139842
2000,11,November,1,Actual Outturn,8,Valued Added Tax,1071418
2000,11,November,1,Actual Outturn,9,Training and Employment Levy,313
2000,11,November,1,Actual Outturn,20,Unallocated Tax Receipts,27020
2000,12,December  ,1,Actual Outturn,1,Customs,13847
2000,12,December  ,1,Actual Outturn,2,Excise Duty,518816
2000,12,December  ,1,Actual Outturn,3,Capital Gains Tax,29538
2000,12,December  ,1,Actual Outturn,4,Capital Acquisitions Tax,12706
2000,12,December  ,1,Actual Outturn,5,Stamps,66664
2000,12,December  ,1,Actual Outturn,6,Income Tax,604458
2000,12,December  ,1,Actual Outturn,7,Corporation Tax,302016
2000,12,December  ,1,Actual Outturn,8,Valued Added Tax,288586
2000,12,December  ,1,Actual Outturn,9,Training and Employment Levy,5507
2000,12,December  ,1,Actual Outturn,20,Unallocated Tax Receipts,-162802
2001,1,January,1,Actual Outturn,1,Customs,18030
2001,1,January,1,Actual Outturn,2,Excise Duty,294415
2001,1,January,1,Actual Outturn,3,Capital Gains Tax,26049
2001,1,January,1,Actual Outturn,4,Capital Acquisitions Tax,17948
2001,1,January,1,Actual Outturn,5,Stamps,150874
2001,1,January,1,Actual Outturn,6,Income Tax,833945
2001,1,January,1,Actual Outturn,7,Corporation Tax,53266
2001,1,January,1,Actual Outturn,8,Valued Added Tax,1138525
2001,1,January,1,Actual Outturn,9,Training and Employment Levy,306
2001,1,January,1,Actual Outturn,20,Unallocated Tax Receipts,164421
2001,2,February,1,Actual Outturn,1,Customs,23871
2001,2,February,1,Actual Outturn,2,Excise Duty,255801
2001,2,February,1,Actual Outturn,3,Capital Gains Tax,28608
2001,2,February,1,Actual Outturn,4,Capital Acquisitions Tax,13388
2001,2,February,1,Actual Outturn,5,Stamps,94771
2001,2,February,1,Actual Outturn,6,Income Tax,702816
2001,2,February,1,Actual Outturn,7,Corporation Tax,19832
2001,2,February,1,Actual Outturn,8,Valued Added Tax,335986
2001,2,February,1,Actual Outturn,9,Training and Employment Levy,400
2001,2,February,1,Actual Outturn,20,Unallocated Tax Receipts,-2049
2001,3,March,1,Actual Outturn,1,Customs,15237
2001,3,March,1,Actual Outturn,2,Excise Duty,294119
2001,3,March,1,Actual Outturn,3,Capital Gains Tax,24895
2001,3,March,1,Actual Outturn,4,Capital Acquisitions Tax,15403
2001,3,March,1,Actual Outturn,5,Stamps,90059
2001,3,March,1,Actual Outturn,6,Income Tax,706360
2001,3,March,1,Actual Outturn,7,Corporation Tax,193806
2001,3,March,1,Actual Outturn,8,Valued Added Tax,907584
2001,3,March,1,Actual Outturn,9,Training and Employment Levy,302
2001,3,March,1,Actual Outturn,20,Unallocated Tax Receipts,-26212
2001,4,April,1,Actual Outturn,1,Customs,7111
2001,4,April,1,Actual Outturn,2,Excise Duty,393429
2001,4,April,1,Actual Outturn,3,Capital Gains Tax,22451
2001,4,April,1,Actual Outturn,4,Capital Acquisitions Tax,14422
2001,4,April,1,Actual Outturn,5,Stamps,96849
2001,4,April,1,Actual Outturn,6,Income Tax,829758
2001,4,April,1,Actual Outturn,7,Corporation Tax,128155
2001,4,April,1,Actual Outturn,8,Valued Added Tax,277126
2001,4,April,1,Actual Outturn,9,Training and Employment Levy,325
2001,4,April,1,Actual Outturn,20,Unallocated Tax Receipts,-1794
2001,5,May,1,Actual Outturn,1,Customs,14221
2001,5,May,1,Actual Outturn,2,Excise Duty,283810
2001,5,May,1,Actual Outturn,3,Capital Gains Tax,25700
2001,5,May,1,Actual Outturn,4,Capital Acquisitions Tax,12396
2001,5,May,1,Actual Outturn,5,Stamps,107239
2001,5,May,1,Actual Outturn,6,Income Tax,1037540
2001,5,May,1,Actual Outturn,7,Corporation Tax,399693
2001,5,May,1,Actual Outturn,8,Valued Added Tax,1007009
2001,5,May,1,Actual Outturn,9,Training and Employment Levy,3624
2001,5,May,1,Actual Outturn,20,Unallocated Tax Receipts,17780
2001,6,June,1,Actual Outturn,1,Customs,14221
2001,6,June,1,Actual Outturn,2,Excise Duty,363280
2001,6,June,1,Actual Outturn,3,Capital Gains Tax,24643
2001,6,June,1,Actual Outturn,4,Capital Acquisitions Tax,13059
2001,6,June,1,Actual Outturn,5,Stamps,109190
2001,6,June,1,Actual Outturn,6,Income Tax,645817
2001,6,June,1,Actual Outturn,7,Corporation Tax,1910483
2001,6,June,1,Actual Outturn,8,Valued Added Tax,288162
2001,6,June,1,Actual Outturn,9,Training and Employment Levy,272
2001,6,June,1,Actual Outturn,20,Unallocated Tax Receipts,-90913
2001,7,July,1,Actual Outturn,1,Customs,12316
2001,7,July,1,Actual Outturn,2,Excise Duty,342527
2001,7,July,1,Actual Outturn,3,Capital Gains Tax,14522
2001,7,July,1,Actual Outturn,4,Capital Acquisitions Tax,22180
2001,7,July,1,Actual Outturn,5,Stamps,112950
2001,7,July,1,Actual Outturn,6,Income Tax,568026
2001,7,July,1,Actual Outturn,7,Corporation Tax,543714
2001,7,July,1,Actual Outturn,8,Valued Added Tax,982011
2001,7,July,1,Actual Outturn,9,Training and Employment Levy,293
2001,7,July,1,Actual Outturn,20,Unallocated Tax Receipts,-537
2001,8,August,1,Actual Outturn,1,Customs,12952
2001,8,August,1,Actual Outturn,2,Excise Duty,300369
2001,8,August,1,Actual Outturn,3,Capital Gains Tax,13675
2001,8,August,1,Actual Outturn,4,Capital Acquisitions Tax,14377
2001,8,August,1,Actual Outturn,5,Stamps,106754
2001,8,August,1,Actual Outturn,6,Income Tax,625823
2001,8,August,1,Actual Outturn,7,Corporation Tax,-27992
2001,8,August,1,Actual Outturn,8,Valued Added Tax,317807
2001,8,August,1,Actual Outturn,9,Training and Employment Levy,386
2001,8,August,1,Actual Outturn,20,Unallocated Tax Receipts,9654
2001,9,September,1,Actual Outturn,1,Customs,12189
2001,9,September,1,Actual Outturn,2,Excise Duty,390554
2001,9,September,1,Actual Outturn,3,Capital Gains Tax,9052
2001,9,September,1,Actual Outturn,4,Capital Acquisitions Tax,9819
2001,9,September,1,Actual Outturn,5,Stamps,72481
2001,9,September,1,Actual Outturn,6,Income Tax,577876
2001,9,September,1,Actual Outturn,7,Corporation Tax,122172
2001,9,September,1,Actual Outturn,8,Valued Added Tax,930670
2001,9,September,1,Actual Outturn,9,Training and Employment Levy,351
2001,9,September,1,Actual Outturn,20,Unallocated Tax Receipts,21903
2001,10,October,1,Actual Outturn,1,Customs,10412
2001,10,October,1,Actual Outturn,2,Excise Duty,312354
2001,10,October,1,Actual Outturn,3,Capital Gains Tax,117456
2001,10,October,1,Actual Outturn,4,Capital Acquisitions Tax,11663
2001,10,October,1,Actual Outturn,5,Stamps,103384
2001,10,October,1,Actual Outturn,6,Income Tax,920808
2001,10,October,1,Actual Outturn,7,Corporation Tax,319570
2001,10,October,1,Actual Outturn,8,Valued Added Tax,314220
2001,10,October,1,Actual Outturn,20,Unallocated Tax Receipts,-344
2001,11,November,1,Actual Outturn,1,Customs,12951
2001,11,November,1,Actual Outturn,2,Excise Duty,344717
2001,11,November,1,Actual Outturn,3,Capital Gains Tax,536036
2001,11,November,1,Actual Outturn,4,Capital Acquisitions Tax,15361
2001,11,November,1,Actual Outturn,5,Stamps,79753
2001,11,November,1,Actual Outturn,6,Income Tax,1106447
2001,11,November,1,Actual Outturn,7,Corporation Tax,105093
2001,11,November,1,Actual Outturn,8,Valued Added Tax,1032967
2001,11,November,1,Actual Outturn,9,Training and Employment Levy,1400
2001,11,November,1,Actual Outturn,20,Unallocated Tax Receipts,232805
2001,12,December  ,1,Actual Outturn,1,Customs,11682
2001,12,December  ,1,Actual Outturn,2,Excise Duty,474631
2001,12,December  ,1,Actual Outturn,3,Capital Gains Tax,38904
2001,12,December  ,1,Actual Outturn,4,Capital Acquisitions Tax,8751
2001,12,December  ,1,Actual Outturn,5,Stamps,102598
2001,12,December  ,1,Actual Outturn,6,Income Tax,791656
2001,12,December  ,1,Actual Outturn,7,Corporation Tax,388258
2001,12,December  ,1,Actual Outturn,8,Valued Added Tax,388394
2001,12,December  ,1,Actual Outturn,9,Training and Employment Levy,1463
2001,12,December  ,1,Actual Outturn,20,Unallocated Tax Receipts,-324714
2002,1,January,1,Actual Outturn,1,Customs,13250
2002,1,January,1,Actual Outturn,2,Excise Duty,295276
2002,1,January,1,Actual Outturn,3,Capital Gains Tax,29896
2002,1,January,1,Actual Outturn,4,Capital Acquisitions Tax,12826
2002,1,January,1,Actual Outturn,5,Stamps,88572
2002,1,January,1,Actual Outturn,6,Income Tax,794930
2002,1,January,1,Actual Outturn,7,Corporation Tax,55199
2002,1,January,1,Actual Outturn,8,Valued Added Tax,1156144
2002,1,January,1,Actual Outturn,20,Unallocated Tax Receipts,98712
2002,2,February,1,Actual Outturn,1,Customs,17750
2002,2,February,1,Actual Outturn,2,Excise Duty,318765
2002,2,February,1,Actual Outturn,3,Capital Gains Tax,32861
2002,2,February,1,Actual Outturn,4,Capital Acquisitions Tax,11805
2002,2,February,1,Actual Outturn,5,Stamps,67303
2002,2,February,1,Actual Outturn,6,Income Tax,733073
2002,2,February,1,Actual Outturn,7,Corporation Tax,19013
2002,2,February,1,Actual Outturn,8,Valued Added Tax,396175
2002,2,February,1,Actual Outturn,20,Unallocated Tax Receipts,8352
2002,3,March,1,Actual Outturn,1,Customs,15500
2002,3,March,1,Actual Outturn,2,Excise Duty,352156
2002,3,March,1,Actual Outturn,3,Capital Gains Tax,25493
2002,3,March,1,Actual Outturn,4,Capital Acquisitions Tax,13799
2002,3,March,1,Actual Outturn,5,Stamps,64482
2002,3,March,1,Actual Outturn,6,Income Tax,631036
2002,3,March,1,Actual Outturn,7,Corporation Tax,63508
2002,3,March,1,Actual Outturn,8,Valued Added Tax,919379
2002,3,March,1,Actual Outturn,9,Training and Employment Levy,431
2002,3,March,1,Actual Outturn,20,Unallocated Tax Receipts,-18804
2002,4,April,1,Actual Outturn,1,Customs,5000
2002,4,April,1,Actual Outturn,2,Excise Duty,371552
2002,4,April,1,Actual Outturn,3,Capital Gains Tax,28336
2002,4,April,1,Actual Outturn,4,Capital Acquisitions Tax,13708
2002,4,April,1,Actual Outturn,5,Stamps,68804
2002,4,April,1,Actual Outturn,6,Income Tax,584518
2002,4,April,1,Actual Outturn,7,Corporation Tax,270306
2002,4,April,1,Actual Outturn,8,Valued Added Tax,436179
2002,4,April,1,Actual Outturn,9,Training and Employment Levy,3181
2002,4,April,1,Actual Outturn,20,Unallocated Tax Receipts,16849
2002,5,May,1,Actual Outturn,1,Customs,5250
2002,5,May,1,Actual Outturn,2,Excise Duty,389169
2002,5,May,1,Actual Outturn,3,Capital Gains Tax,28749
2002,5,May,1,Actual Outturn,4,Capital Acquisitions Tax,11955
2002,5,May,1,Actual Outturn,5,Stamps,136161
2002,5,May,1,Actual Outturn,6,Income Tax,774324
2002,5,May,1,Actual Outturn,7,Corporation Tax,468157
2002,5,May,1,Actual Outturn,8,Valued Added Tax,1117309
2002,5,May,1,Actual Outturn,9,Training and Employment Levy,3406
2002,5,May,1,Actual Outturn,20,Unallocated Tax Receipts,7450
2002,6,June,1,Actual Outturn,1,Customs,14500
2002,6,June,1,Actual Outturn,2,Excise Duty,362379
2002,6,June,1,Actual Outturn,3,Capital Gains Tax,18483
2002,6,June,1,Actual Outturn,4,Capital Acquisitions Tax,8390
2002,6,June,1,Actual Outturn,5,Stamps,75470
2002,6,June,1,Actual Outturn,6,Income Tax,612502
2002,6,June,1,Actual Outturn,7,Corporation Tax,944867
2002,6,June,1,Actual Outturn,8,Valued Added Tax,316097
2002,6,June,1,Actual Outturn,20,Unallocated Tax Receipts,15848
2002,7,July,1,Actual Outturn,1,Customs,10500
2002,7,July,1,Actual Outturn,2,Excise Duty,351517
2002,7,July,1,Actual Outturn,3,Capital Gains Tax,20184
2002,7,July,1,Actual Outturn,4,Capital Acquisitions Tax,15517
2002,7,July,1,Actual Outturn,5,Stamps,133891
2002,7,July,1,Actual Outturn,6,Income Tax,584950
2002,7,July,1,Actual Outturn,7,Corporation Tax,1516744
2002,7,July,1,Actual Outturn,8,Valued Added Tax,1114500
2002,7,July,1,Actual Outturn,20,Unallocated Tax Receipts,-4907
2002,8,August,1,Actual Outturn,1,Customs,10000
2002,8,August,1,Actual Outturn,2,Excise Duty,348855
2002,8,August,1,Actual Outturn,3,Capital Gains Tax,16513
2002,8,August,1,Actual Outturn,4,Capital Acquisitions Tax,13851
2002,8,August,1,Actual Outturn,5,Stamps,91356
2002,8,August,1,Actual Outturn,6,Income Tax,574914
2002,8,August,1,Actual Outturn,7,Corporation Tax,83196
2002,8,August,1,Actual Outturn,8,Valued Added Tax,308937
2002,8,August,1,Actual Outturn,20,Unallocated Tax Receipts,6941
2002,9,September,1,Actual Outturn,1,Customs,12000
2002,9,September,1,Actual Outturn,2,Excise Duty,391134
2002,9,September,1,Actual Outturn,3,Capital Gains Tax,11110
2002,9,September,1,Actual Outturn,4,Capital Acquisitions Tax,10766
2002,9,September,1,Actual Outturn,5,Stamps,85131
2002,9,September,1,Actual Outturn,6,Income Tax,552204
2002,9,September,1,Actual Outturn,7,Corporation Tax,212779
2002,9,September,1,Actual Outturn,8,Valued Added Tax,1170220
2002,9,September,1,Actual Outturn,20,Unallocated Tax Receipts,20251
2002,10,October,1,Actual Outturn,1,Customs,11250
2002,10,October,1,Actual Outturn,2,Excise Duty,326195
2002,10,October,1,Actual Outturn,3,Capital Gains Tax,46619
2002,10,October,1,Actual Outturn,4,Capital Acquisitions Tax,9296
2002,10,October,1,Actual Outturn,5,Stamps,147119
2002,10,October,1,Actual Outturn,6,Income Tax,926398
2002,10,October,1,Actual Outturn,7,Corporation Tax,294533
2002,10,October,1,Actual Outturn,8,Valued Added Tax,345332
2002,10,October,1,Actual Outturn,9,Training and Employment Levy,760
2002,10,October,1,Actual Outturn,20,Unallocated Tax Receipts,4277
2002,11,November,1,Actual Outturn,1,Customs,9000
2002,11,November,1,Actual Outturn,2,Excise Duty,346865
2002,11,November,1,Actual Outturn,3,Capital Gains Tax,298689
2002,11,November,1,Actual Outturn,4,Capital Acquisitions Tax,13018
2002,11,November,1,Actual Outturn,5,Stamps,100535
2002,11,November,1,Actual Outturn,6,Income Tax,1546789
2002,11,November,1,Actual Outturn,7,Corporation Tax,586386
2002,11,November,1,Actual Outturn,8,Valued Added Tax,1229223
2002,11,November,1,Actual Outturn,20,Unallocated Tax Receipts,-47458
2002,12,December  ,1,Actual Outturn,1,Customs,9851
2002,12,December  ,1,Actual Outturn,2,Excise Duty,587214
2002,12,December  ,1,Actual Outturn,3,Capital Gains Tax,71234
2002,12,December  ,1,Actual Outturn,4,Capital Acquisitions Tax,15275
2002,12,December  ,1,Actual Outturn,5,Stamps,107707
2002,12,December  ,1,Actual Outturn,6,Income Tax,758963
2002,12,December  ,1,Actual Outturn,7,Corporation Tax,288777
2002,12,December  ,1,Actual Outturn,8,Valued Added Tax,375407
2002,12,December  ,1,Actual Outturn,9,Training and Employment Levy,3531
2002,12,December  ,1,Actual Outturn,20,Unallocated Tax Receipts,-107511
2003,1,January,1,Actual Outturn,1,Customs,11250
2003,1,January,1,Actual Outturn,2,Excise Duty,299881
2003,1,January,1,Actual Outturn,3,Capital Gains Tax,24662
2003,1,January,1,Actual Outturn,4,Capital Acquisitions Tax,13499
2003,1,January,1,Actual Outturn,5,Stamps,129750
2003,1,January,1,Actual Outturn,6,Income Tax,711940
2003,1,January,1,Actual Outturn,7,Corporation Tax,52186
2003,1,January,1,Actual Outturn,8,Valued Added Tax,1507241
2003,1,January,1,Actual Outturn,20,Unallocated Tax Receipts,57194
2003,2,February,1,Actual Outturn,1,Customs,14750
2003,2,February,1,Actual Outturn,2,Excise Duty,320351
2003,2,February,1,Actual Outturn,3,Capital Gains Tax,21919
2003,2,February,1,Actual Outturn,4,Capital Acquisitions Tax,11265
2003,2,February,1,Actual Outturn,5,Stamps,117160
2003,2,February,1,Actual Outturn,6,Income Tax,755850
2003,2,February,1,Actual Outturn,7,Corporation Tax,28353
2003,2,February,1,Actual Outturn,8,Valued Added Tax,328153
2003,2,February,1,Actual Outturn,20,Unallocated Tax Receipts,8223
2003,3,March,1,Actual Outturn,1,Customs,12250
2003,3,March,1,Actual Outturn,2,Excise Duty,362682
2003,3,March,1,Actual Outturn,3,Capital Gains Tax,24525
2003,3,March,1,Actual Outturn,4,Capital Acquisitions Tax,17786
2003,3,March,1,Actual Outturn,5,Stamps,141173
2003,3,March,1,Actual Outturn,6,Income Tax,544146
2003,3,March,1,Actual Outturn,7,Corporation Tax,258775
2003,3,March,1,Actual Outturn,8,Valued Added Tax,1175359
2003,3,March,1,Actual Outturn,20,Unallocated Tax Receipts,5358
2003,4,April,1,Actual Outturn,1,Customs,8750
2003,4,April,1,Actual Outturn,2,Excise Duty,381530
2003,4,April,1,Actual Outturn,3,Capital Gains Tax,34320
2003,4,April,1,Actual Outturn,4,Capital Acquisitions Tax,12869
2003,4,April,1,Actual Outturn,5,Stamps,106449
2003,4,April,1,Actual Outturn,6,Income Tax,529949
2003,4,April,1,Actual Outturn,7,Corporation Tax,162574
2003,4,April,1,Actual Outturn,8,Valued Added Tax,256382
2003,4,April,1,Actual Outturn,20,Unallocated Tax Receipts,13534
2003,5,May,1,Actual Outturn,1,Customs,10000
2003,5,May,1,Actual Outturn,2,Excise Duty,354393
2003,5,May,1,Actual Outturn,3,Capital Gains Tax,25366
2003,5,May,1,Actual Outturn,4,Capital Acquisitions Tax,12514
2003,5,May,1,Actual Outturn,5,Stamps,125318
2003,5,May,1,Actual Outturn,6,Income Tax,610048
2003,5,May,1,Actual Outturn,7,Corporation Tax,662097
2003,5,May,1,Actual Outturn,8,Valued Added Tax,1234709
2003,5,May,1,Actual Outturn,20,Unallocated Tax Receipts,5116
2003,6,June,1,Actual Outturn,1,Customs,14750
2003,6,June,1,Actual Outturn,2,Excise Duty,389065
2003,6,June,1,Actual Outturn,3,Capital Gains Tax,20927
2003,6,June,1,Actual Outturn,4,Capital Acquisitions Tax,11529
2003,6,June,1,Actual Outturn,5,Stamps,130475
2003,6,June,1,Actual Outturn,6,Income Tax,675372
2003,6,June,1,Actual Outturn,7,Corporation Tax,1521259
2003,6,June,1,Actual Outturn,8,Valued Added Tax,298355
2003,6,June,1,Actual Outturn,9,Training and Employment Levy,2726
2003,6,June,1,Actual Outturn,20,Unallocated Tax Receipts,-12708
2003,7,July,1,Actual Outturn,1,Customs,9500
2003,7,July,1,Actual Outturn,2,Excise Duty,346555
2003,7,July,1,Actual Outturn,3,Capital Gains Tax,21078
2003,7,July,1,Actual Outturn,4,Capital Acquisitions Tax,13174
2003,7,July,1,Actual Outturn,5,Stamps,186425
2003,7,July,1,Actual Outturn,6,Income Tax,681649
2003,7,July,1,Actual Outturn,7,Corporation Tax,331332
2003,7,July,1,Actual Outturn,8,Valued Added Tax,1288791
2003,7,July,1,Actual Outturn,20,Unallocated Tax Receipts,11000
2003,8,August,1,Actual Outturn,1,Customs,12750
2003,8,August,1,Actual Outturn,2,Excise Duty,361363
2003,8,August,1,Actual Outturn,3,Capital Gains Tax,23342
2003,8,August,1,Actual Outturn,4,Capital Acquisitions Tax,11227
2003,8,August,1,Actual Outturn,5,Stamps,116232
2003,8,August,1,Actual Outturn,6,Income Tax,738313
2003,8,August,1,Actual Outturn,7,Corporation Tax,142930
2003,8,August,1,Actual Outturn,8,Valued Added Tax,240259
2003,8,August,1,Actual Outturn,20,Unallocated Tax Receipts,3582
2003,9,September,1,Actual Outturn,1,Customs,8250
2003,9,September,1,Actual Outturn,2,Excise Duty,404371
2003,9,September,1,Actual Outturn,3,Capital Gains Tax,24625
2003,9,September,1,Actual Outturn,4,Capital Acquisitions Tax,15682
2003,9,September,1,Actual Outturn,5,Stamps,114510
2003,9,September,1,Actual Outturn,6,Income Tax,616613
2003,9,September,1,Actual Outturn,7,Corporation Tax,318475
2003,9,September,1,Actual Outturn,8,Valued Added Tax,1272536
2003,9,September,1,Actual Outturn,20,Unallocated Tax Receipts,15991
2003,10,October,1,Actual Outturn,1,Customs,12250
2003,10,October,1,Actual Outturn,2,Excise Duty,329630
2003,10,October,1,Actual Outturn,3,Capital Gains Tax,80914
2003,10,October,1,Actual Outturn,4,Capital Acquisitions Tax,15180
2003,10,October,1,Actual Outturn,5,Stamps,256637
2003,10,October,1,Actual Outturn,6,Income Tax,999355
2003,10,October,1,Actual Outturn,7,Corporation Tax,333820
2003,10,October,1,Actual Outturn,8,Valued Added Tax,304048
2003,10,October,1,Actual Outturn,20,Unallocated Tax Receipts,15076
2003,11,November,1,Actual Outturn,1,Customs,11750
2003,11,November,1,Actual Outturn,2,Excise Duty,381018
2003,11,November,1,Actual Outturn,3,Capital Gains Tax,1003845
2003,11,November,1,Actual Outturn,4,Capital Acquisitions Tax,61557
2003,11,November,1,Actual Outturn,5,Stamps,116101
2003,11,November,1,Actual Outturn,6,Income Tax,1578198
2003,11,November,1,Actual Outturn,7,Corporation Tax,981102
2003,11,November,1,Actual Outturn,8,Valued Added Tax,1426646
2003,11,November,1,Actual Outturn,20,Unallocated Tax Receipts,4109
2003,12,December  ,1,Actual Outturn,1,Customs,10457
2003,12,December  ,1,Actual Outturn,2,Excise Duty,641298
2003,12,December  ,1,Actual Outturn,3,Capital Gains Tax,137701
2003,12,December  ,1,Actual Outturn,4,Capital Acquisitions Tax,17885
2003,12,December  ,1,Actual Outturn,5,Stamps,148152
2003,12,December  ,1,Actual Outturn,6,Income Tax,720334
2003,12,December  ,1,Actual Outturn,7,Corporation Tax,368467
2003,12,December  ,1,Actual Outturn,8,Valued Added Tax,388065
2003,12,December  ,1,Actual Outturn,9,Training and Employment Levy,1907
2003,12,December  ,1,Actual Outturn,20,Unallocated Tax Receipts,-126475
2004,1,January,1,Actual Outturn,1,Customs,13000
2004,1,January,1,Actual Outturn,2,Excise Duty,348826
2004,1,January,1,Actual Outturn,3,Capital Gains Tax,67788
2004,1,January,1,Actual Outturn,4,Capital Acquisitions Tax,10232
2004,1,January,1,Actual Outturn,5,Stamps,156632
2004,1,January,1,Actual Outturn,6,Income Tax,820621
2004,1,January,1,Actual Outturn,7,Corporation Tax,61468
2004,1,January,1,Actual Outturn,8,Valued Added Tax,1608214
2004,1,January,1,Actual Outturn,20,Unallocated Tax Receipts,80600
2004,1,January,2,Profile,1,Customs,10890
2004,1,January,2,Profile,2,Excise Duty,375270
2004,1,January,2,Profile,3,Capital Gains Tax,70660
2004,1,January,2,Profile,4,Capital Acquisitions Tax,12340
2004,1,January,2,Profile,5,Stamps,139780
2004,1,January,2,Profile,6,Income Tax,816840
2004,1,January,2,Profile,7,Corporation Tax,61570
2004,1,January,2,Profile,8,Valued Added Tax,1609470
2004,1,January,2,Profile,9,Training and Employment Levy,0
2004,2,February,1,Actual Outturn,1,Customs,15750
2004,2,February,1,Actual Outturn,2,Excise Duty,349456
2004,2,February,1,Actual Outturn,3,Capital Gains Tax,299447
2004,2,February,1,Actual Outturn,4,Capital Acquisitions Tax,11741
2004,2,February,1,Actual Outturn,5,Stamps,148354
2004,2,February,1,Actual Outturn,6,Income Tax,796399
2004,2,February,1,Actual Outturn,7,Corporation Tax,252805
2004,2,February,1,Actual Outturn,8,Valued Added Tax,321053
2004,2,February,1,Actual Outturn,20,Unallocated Tax Receipts,-8666
2004,2,February,2,Profile,1,Customs,14890
2004,2,February,2,Profile,2,Excise Duty,357040
2004,2,February,2,Profile,3,Capital Gains Tax,96290
2004,2,February,2,Profile,4,Capital Acquisitions Tax,12350
2004,2,February,2,Profile,5,Stamps,130030
2004,2,February,2,Profile,6,Income Tax,814390
2004,2,February,2,Profile,7,Corporation Tax,196420
2004,2,February,2,Profile,8,Valued Added Tax,328840
2004,2,February,2,Profile,9,Training and Employment Levy,0
2004,3,March,1,Actual Outturn,1,Customs,10250
2004,3,March,1,Actual Outturn,2,Excise Duty,393665
2004,3,March,1,Actual Outturn,3,Capital Gains Tax,46702
2004,3,March,1,Actual Outturn,4,Capital Acquisitions Tax,15791
2004,3,March,1,Actual Outturn,5,Stamps,134799
2004,3,March,1,Actual Outturn,6,Income Tax,671193
2004,3,March,1,Actual Outturn,7,Corporation Tax,137387
2004,3,March,1,Actual Outturn,8,Valued Added Tax,1249142
2004,3,March,1,Actual Outturn,20,Unallocated Tax Receipts,-1118
2004,3,March,2,Profile,1,Customs,12100
2004,3,March,2,Profile,2,Excise Duty,399080
2004,3,March,2,Profile,3,Capital Gains Tax,22290
2004,3,March,2,Profile,4,Capital Acquisitions Tax,12350
2004,3,March,2,Profile,5,Stamps,119880
2004,3,March,2,Profile,6,Income Tax,621520
2004,3,March,2,Profile,7,Corporation Tax,174520
2004,3,March,2,Profile,8,Valued Added Tax,1286060
2004,3,March,2,Profile,9,Training and Employment Levy,0
2004,4,April,1,Actual Outturn,1,Customs,13750
2004,4,April,1,Actual Outturn,2,Excise Duty,436082
2004,4,April,1,Actual Outturn,3,Capital Gains Tax,21762
2004,4,April,1,Actual Outturn,4,Capital Acquisitions Tax,15407
2004,4,April,1,Actual Outturn,5,Stamps,124232
2004,4,April,1,Actual Outturn,6,Income Tax,747277
2004,4,April,1,Actual Outturn,7,Corporation Tax,197828
2004,4,April,1,Actual Outturn,8,Valued Added Tax,301055
2004,4,April,1,Actual Outturn,20,Unallocated Tax Receipts,6849
2004,4,April,2,Profile,1,Customs,9660
2004,4,April,2,Profile,2,Excise Duty,400640
2004,4,April,2,Profile,3,Capital Gains Tax,19460
2004,4,April,2,Profile,4,Capital Acquisitions Tax,12350
2004,4,April,2,Profile,5,Stamps,119590
2004,4,April,2,Profile,6,Income Tax,616690
2004,4,April,2,Profile,7,Corporation Tax,232280
2004,4,April,2,Profile,8,Valued Added Tax,255800
2004,4,April,2,Profile,9,Training and Employment Levy,0
2004,5,May,1,Actual Outturn,1,Customs,14750
2004,5,May,1,Actual Outturn,2,Excise Duty,404584
2004,5,May,1,Actual Outturn,3,Capital Gains Tax,27327
2004,5,May,1,Actual Outturn,4,Capital Acquisitions Tax,13725
2004,5,May,1,Actual Outturn,5,Stamps,155738
2004,5,May,1,Actual Outturn,6,Income Tax,805455
2004,5,May,1,Actual Outturn,7,Corporation Tax,520598
2004,5,May,1,Actual Outturn,8,Valued Added Tax,1441982
2004,5,May,1,Actual Outturn,9,Training and Employment Levy,2987
2004,5,May,1,Actual Outturn,20,Unallocated Tax Receipts,-11430
2004,5,May,2,Profile,1,Customs,12950
2004,5,May,2,Profile,2,Excise Duty,399920
2004,5,May,2,Profile,3,Capital Gains Tax,13260
2004,5,May,2,Profile,4,Capital Acquisitions Tax,12350
2004,5,May,2,Profile,5,Stamps,144720
2004,5,May,2,Profile,6,Income Tax,719190
2004,5,May,2,Profile,7,Corporation Tax,599540
2004,5,May,2,Profile,8,Valued Added Tax,1355760
2004,5,May,2,Profile,9,Training and Employment Levy,0
2004,6,June,1,Actual Outturn,1,Customs,15000
2004,6,June,1,Actual Outturn,2,Excise Duty,401796
2004,6,June,1,Actual Outturn,3,Capital Gains Tax,33492
2004,6,June,1,Actual Outturn,4,Capital Acquisitions Tax,20241
2004,6,June,1,Actual Outturn,5,Stamps,179374
2004,6,June,1,Actual Outturn,6,Income Tax,1058665
2004,6,June,1,Actual Outturn,7,Corporation Tax,1241775
2004,6,June,1,Actual Outturn,8,Valued Added Tax,329443
2004,6,June,1,Actual Outturn,20,Unallocated Tax Receipts,20186
2004,6,June,2,Profile,1,Customs,12420
2004,6,June,2,Profile,2,Excise Duty,388770
2004,6,June,2,Profile,3,Capital Gains Tax,15430
2004,6,June,2,Profile,4,Capital Acquisitions Tax,12340
2004,6,June,2,Profile,5,Stamps,114790
2004,6,June,2,Profile,6,Income Tax,751380
2004,6,June,2,Profile,7,Corporation Tax,1309150
2004,6,June,2,Profile,8,Valued Added Tax,276170
2004,6,June,2,Profile,9,Training and Employment Levy,3000
2004,7,July,1,Actual Outturn,1,Customs,13250
2004,7,July,1,Actual Outturn,2,Excise Duty,413679
2004,7,July,1,Actual Outturn,3,Capital Gains Tax,26415
2004,7,July,1,Actual Outturn,4,Capital Acquisitions Tax,19796
2004,7,July,1,Actual Outturn,5,Stamps,204141
2004,7,July,1,Actual Outturn,6,Income Tax,733033
2004,7,July,1,Actual Outturn,7,Corporation Tax,130767
2004,7,July,1,Actual Outturn,8,Valued Added Tax,1486293
2004,7,July,1,Actual Outturn,20,Unallocated Tax Receipts,5176
2004,7,July,2,Profile,1,Customs,10260
2004,7,July,2,Profile,2,Excise Duty,383890
2004,7,July,2,Profile,3,Capital Gains Tax,11960
2004,7,July,2,Profile,4,Capital Acquisitions Tax,14170
2004,7,July,2,Profile,5,Stamps,179580
2004,7,July,2,Profile,6,Income Tax,682730
2004,7,July,2,Profile,7,Corporation Tax,196560
2004,7,July,2,Profile,8,Valued Added Tax,1383810
2004,7,July,2,Profile,9,Training and Employment Levy,0
2004,8,August,1,Actual Outturn,1,Customs,20000
2004,8,August,1,Actual Outturn,2,Excise Duty,381378
2004,8,August,1,Actual Outturn,3,Capital Gains Tax,18445
2004,8,August,1,Actual Outturn,4,Capital Acquisitions Tax,17092
2004,8,August,1,Actual Outturn,5,Stamps,194231
2004,8,August,1,Actual Outturn,6,Income Tax,787786
2004,8,August,1,Actual Outturn,7,Corporation Tax,160515
2004,8,August,1,Actual Outturn,8,Valued Added Tax,310794
2004,8,August,1,Actual Outturn,20,Unallocated Tax Receipts,-11836
2004,8,August,2,Profile,1,Customs,11870
2004,8,August,2,Profile,2,Excise Duty,401070
2004,8,August,2,Profile,3,Capital Gains Tax,14770
2004,8,August,2,Profile,4,Capital Acquisitions Tax,12350
2004,8,August,2,Profile,5,Stamps,105030
2004,8,August,2,Profile,6,Income Tax,704620
2004,8,August,2,Profile,7,Corporation Tax,170190
2004,8,August,2,Profile,8,Valued Added Tax,237750
2004,8,August,2,Profile,9,Training and Employment Levy,0
2004,9,September,1,Actual Outturn,1,Customs,12250
2004,9,September,1,Actual Outturn,2,Excise Duty,426021
2004,9,September,1,Actual Outturn,3,Capital Gains Tax,22338
2004,9,September,1,Actual Outturn,4,Capital Acquisitions Tax,16972
2004,9,September,1,Actual Outturn,5,Stamps,158237
2004,9,September,1,Actual Outturn,6,Income Tax,695419
2004,9,September,1,Actual Outturn,7,Corporation Tax,342954
2004,9,September,1,Actual Outturn,8,Valued Added Tax,1455593
2004,9,September,1,Actual Outturn,20,Unallocated Tax Receipts,5506
2004,9,September,2,Profile,1,Customs,10630
2004,9,September,2,Profile,2,Excise Duty,410320
2004,9,September,2,Profile,3,Capital Gains Tax,18580
2004,9,September,2,Profile,4,Capital Acquisitions Tax,12350
2004,9,September,2,Profile,5,Stamps,105080
2004,9,September,2,Profile,6,Income Tax,677380
2004,9,September,2,Profile,7,Corporation Tax,290380
2004,9,September,2,Profile,8,Valued Added Tax,1412130
2004,9,September,2,Profile,9,Training and Employment Levy,0
2004,10,October,1,Actual Outturn,1,Customs,13750
2004,10,October,1,Actual Outturn,2,Excise Duty,375546
2004,10,October,1,Actual Outturn,3,Capital Gains Tax,90028
2004,10,October,1,Actual Outturn,4,Capital Acquisitions Tax,12850
2004,10,October,1,Actual Outturn,5,Stamps,255100
2004,10,October,1,Actual Outturn,6,Income Tax,998537
2004,10,October,1,Actual Outturn,7,Corporation Tax,478371
2004,10,October,1,Actual Outturn,8,Valued Added Tax,285232
2004,10,October,1,Actual Outturn,20,Unallocated Tax Receipts,-11249
2004,10,October,2,Profile,1,Customs,9770
2004,10,October,2,Profile,2,Excise Duty,351950
2004,10,October,2,Profile,3,Capital Gains Tax,91970
2004,10,October,2,Profile,4,Capital Acquisitions Tax,12350
2004,10,October,2,Profile,5,Stamps,219600
2004,10,October,2,Profile,6,Income Tax,1033950
2004,10,October,2,Profile,7,Corporation Tax,354310
2004,10,October,2,Profile,8,Valued Added Tax,287280
2004,10,October,2,Profile,9,Training and Employment Levy,0
2004,11,November,1,Actual Outturn,1,Customs,13250
2004,11,November,1,Actual Outturn,2,Excise Duty,374699
2004,11,November,1,Actual Outturn,3,Capital Gains Tax,786692
2004,11,November,1,Actual Outturn,4,Capital Acquisitions Tax,14619
2004,11,November,1,Actual Outturn,5,Stamps,186206
2004,11,November,1,Actual Outturn,6,Income Tax,1766859
2004,11,November,1,Actual Outturn,7,Corporation Tax,1512903
2004,11,November,1,Actual Outturn,8,Valued Added Tax,1541468
2004,11,November,1,Actual Outturn,9,Training and Employment Levy,2374
2004,11,November,1,Actual Outturn,20,Unallocated Tax Receipts,16923
2004,11,November,2,Profile,1,Customs,10680
2004,11,November,2,Profile,2,Excise Duty,380540
2004,11,November,2,Profile,3,Capital Gains Tax,442660
2004,11,November,2,Profile,4,Capital Acquisitions Tax,12350
2004,11,November,2,Profile,5,Stamps,109980
2004,11,November,2,Profile,6,Income Tax,1887560
2004,11,November,2,Profile,7,Corporation Tax,1477740
2004,11,November,2,Profile,8,Valued Added Tax,1557530
2004,11,November,2,Profile,9,Training and Employment Levy,0
2004,12,December  ,1,Actual Outturn,1,Customs,19162
2004,12,December  ,1,Actual Outturn,2,Excise Duty,621822
2004,12,December  ,1,Actual Outturn,3,Capital Gains Tax,75119
2004,12,December  ,1,Actual Outturn,4,Capital Acquisitions Tax,21980
2004,12,December  ,1,Actual Outturn,5,Stamps,191410
2004,12,December  ,1,Actual Outturn,6,Income Tax,769297
2004,12,December  ,1,Actual Outturn,7,Corporation Tax,294225
2004,12,December  ,1,Actual Outturn,8,Valued Added Tax,363022
2004,12,December  ,1,Actual Outturn,9,Training and Employment Levy,3862
2004,12,December  ,1,Actual Outturn,20,Unallocated Tax Receipts,-90941
2004,12,December  ,2,Profile,1,Customs,10880
2004,12,December  ,2,Profile,2,Excise Duty,615520
2004,12,December  ,2,Profile,3,Capital Gains Tax,33660
2004,12,December  ,2,Profile,4,Capital Acquisitions Tax,12350
2004,12,December  ,2,Profile,5,Stamps,111940
2004,12,December  ,2,Profile,6,Income Tax,750780
2004,12,December  ,2,Profile,7,Corporation Tax,285340
2004,12,December  ,2,Profile,8,Valued Added Tax,377380
2004,12,December  ,2,Profile,9,Training and Employment Levy,2000
2005,1,January,1,Actual Outturn,1,Customs,13750
2005,1,January,1,Actual Outturn,2,Excise Duty,404262
2005,1,January,1,Actual Outturn,3,Capital Gains Tax,83849
2005,1,January,1,Actual Outturn,4,Capital Acquisitions Tax,13982
2005,1,January,1,Actual Outturn,5,Stamps,200940
2005,1,January,1,Actual Outturn,6,Income Tax,945207
2005,1,January,1,Actual Outturn,7,Corporation Tax,84543
2005,1,January,1,Actual Outturn,8,Valued Added Tax,1672738
2005,1,January,1,Actual Outturn,9,Training and Employment Levy,123
2005,1,January,1,Actual Outturn,20,Unallocated Tax Receipts,48264
2005,1,January,2,Profile,1,Customs,11770
2005,1,January,2,Profile,2,Excise Duty,386940
2005,1,January,2,Profile,3,Capital Gains Tax,79550
2005,1,January,2,Profile,4,Capital Acquisitions Tax,14410
2005,1,January,2,Profile,5,Stamps,189670
2005,1,January,2,Profile,6,Income Tax,949840
2005,1,January,2,Profile,7,Corporation Tax,77420
2005,1,January,2,Profile,8,Valued Added Tax,1677870
2005,1,January,2,Profile,9,Training and Employment Levy,0
2005,2,February,1,Actual Outturn,1,Customs,22750
2005,2,February,1,Actual Outturn,2,Excise Duty,365891
2005,2,February,1,Actual Outturn,3,Capital Gains Tax,340719
2005,2,February,1,Actual Outturn,4,Capital Acquisitions Tax,18073
2005,2,February,1,Actual Outturn,5,Stamps,196904
2005,2,February,1,Actual Outturn,6,Income Tax,813890
2005,2,February,1,Actual Outturn,7,Corporation Tax,383582
2005,2,February,1,Actual Outturn,8,Valued Added Tax,510549
2005,2,February,1,Actual Outturn,9,Training and Employment Levy,79
2005,2,February,1,Actual Outturn,20,Unallocated Tax Receipts,1723
2005,2,February,2,Profile,1,Customs,15270
2005,2,February,2,Profile,2,Excise Duty,371020
2005,2,February,2,Profile,3,Capital Gains Tax,400850
2005,2,February,2,Profile,4,Capital Acquisitions Tax,14300
2005,2,February,2,Profile,5,Stamps,188410
2005,2,February,2,Profile,6,Income Tax,857620
2005,2,February,2,Profile,7,Corporation Tax,357910
2005,2,February,2,Profile,8,Valued Added Tax,423000
2005,2,February,2,Profile,9,Training and Employment Levy,0
2005,3,March,1,Actual Outturn,1,Customs,15750
2005,3,March,1,Actual Outturn,2,Excise Duty,402976
2005,3,March,1,Actual Outturn,3,Capital Gains Tax,46698
2005,3,March,1,Actual Outturn,4,Capital Acquisitions Tax,19706
2005,3,March,1,Actual Outturn,5,Stamps,168967
2005,3,March,1,Actual Outturn,6,Income Tax,719076
2005,3,March,1,Actual Outturn,7,Corporation Tax,115308
2005,3,March,1,Actual Outturn,8,Valued Added Tax,1391326
2005,3,March,1,Actual Outturn,9,Training and Employment Levy,60
2005,3,March,1,Actual Outturn,20,Unallocated Tax Receipts,22301
2005,3,March,2,Profile,1,Customs,13720
2005,3,March,2,Profile,2,Excise Duty,417840
2005,3,March,2,Profile,3,Capital Gains Tax,36170
2005,3,March,2,Profile,4,Capital Acquisitions Tax,15410
2005,3,March,2,Profile,5,Stamps,150230
2005,3,March,2,Profile,6,Income Tax,682920
2005,3,March,2,Profile,7,Corporation Tax,136200
2005,3,March,2,Profile,8,Valued Added Tax,1334660
2005,3,March,2,Profile,9,Training and Employment Levy,0
2005,4,April,1,Actual Outturn,1,Customs,18000
2005,4,April,1,Actual Outturn,2,Excise Duty,491762
2005,4,April,1,Actual Outturn,3,Capital Gains Tax,39423
2005,4,April,1,Actual Outturn,4,Capital Acquisitions Tax,23168
2005,4,April,1,Actual Outturn,5,Stamps,155577
2005,4,April,1,Actual Outturn,6,Income Tax,765953
2005,4,April,1,Actual Outturn,7,Corporation Tax,123499
2005,4,April,1,Actual Outturn,8,Valued Added Tax,376993
2005,4,April,1,Actual Outturn,9,Training and Employment Levy,114
2005,4,April,1,Actual Outturn,20,Unallocated Tax Receipts,-4103
2005,4,April,2,Profile,1,Customs,12860
2005,4,April,2,Profile,2,Excise Duty,441020
2005,4,April,2,Profile,3,Capital Gains Tax,24730
2005,4,April,2,Profile,4,Capital Acquisitions Tax,15400
2005,4,April,2,Profile,5,Stamps,148920
2005,4,April,2,Profile,6,Income Tax,772850
2005,4,April,2,Profile,7,Corporation Tax,148600
2005,4,April,2,Profile,8,Valued Added Tax,358940
2005,4,April,2,Profile,9,Training and Employment Levy,0
2005,5,May,1,Actual Outturn,1,Customs,18955
2005,5,May,1,Actual Outturn,2,Excise Duty,432828
2005,5,May,1,Actual Outturn,3,Capital Gains Tax,27448
2005,5,May,1,Actual Outturn,4,Capital Acquisitions Tax,23121
2005,5,May,1,Actual Outturn,5,Stamps,210138
2005,5,May,1,Actual Outturn,6,Income Tax,790896
2005,5,May,1,Actual Outturn,7,Corporation Tax,438871
2005,5,May,1,Actual Outturn,8,Valued Added Tax,1582415
2005,5,May,1,Actual Outturn,9,Training and Employment Levy,3608
2005,5,May,1,Actual Outturn,20,Unallocated Tax Receipts,-1001
2005,5,May,2,Profile,1,Customs,15110
2005,5,May,2,Profile,2,Excise Duty,421790
2005,5,May,2,Profile,3,Capital Gains Tax,25970
2005,5,May,2,Profile,4,Capital Acquisitions Tax,14310
2005,5,May,2,Profile,5,Stamps,203240
2005,5,May,2,Profile,6,Income Tax,762710
2005,5,May,2,Profile,7,Corporation Tax,552620
2005,5,May,2,Profile,8,Valued Added Tax,1578420
2005,5,May,2,Profile,9,Training and Employment Levy,2000
2005,6,June,1,Actual Outturn,1,Customs,19163
2005,6,June,1,Actual Outturn,2,Excise Duty,462366
2005,6,June,1,Actual Outturn,3,Capital Gains Tax,26127
2005,6,June,1,Actual Outturn,4,Capital Acquisitions Tax,26473
2005,6,June,1,Actual Outturn,5,Stamps,205050
2005,6,June,1,Actual Outturn,6,Income Tax,749598
2005,6,June,1,Actual Outturn,7,Corporation Tax,832783
2005,6,June,1,Actual Outturn,8,Valued Added Tax,356631
2005,6,June,1,Actual Outturn,20,Unallocated Tax Receipts,18719
2005,6,June,2,Profile,1,Customs,14300
2005,6,June,2,Profile,2,Excise Duty,403820
2005,6,June,2,Profile,3,Capital Gains Tax,35960
2005,6,June,2,Profile,4,Capital Acquisitions Tax,15400
2005,6,June,2,Profile,5,Stamps,207650
2005,6,June,2,Profile,6,Income Tax,757310
2005,6,June,2,Profile,7,Corporation Tax,837960
2005,6,June,2,Profile,8,Valued Added Tax,344090
2005,6,June,2,Profile,9,Training and Employment Levy,0
2005,7,July,1,Actual Outturn,1,Customs,18000
2005,7,July,1,Actual Outturn,2,Excise Duty,412667
2005,7,July,1,Actual Outturn,3,Capital Gains Tax,32172
2005,7,July,1,Actual Outturn,4,Capital Acquisitions Tax,13732
2005,7,July,1,Actual Outturn,5,Stamps,252562
2005,7,July,1,Actual Outturn,6,Income Tax,1104896
2005,7,July,1,Actual Outturn,7,Corporation Tax,99492
2005,7,July,1,Actual Outturn,8,Valued Added Tax,1660132
2005,7,July,1,Actual Outturn,9,Training and Employment Levy,126
2005,7,July,1,Actual Outturn,20,Unallocated Tax Receipts,-19169
2005,7,July,2,Profile,1,Customs,14900
2005,7,July,2,Profile,2,Excise Duty,426010
2005,7,July,2,Profile,3,Capital Gains Tax,25940
2005,7,July,2,Profile,4,Capital Acquisitions Tax,15530
2005,7,July,2,Profile,5,Stamps,174160
2005,7,July,2,Profile,6,Income Tax,769680
2005,7,July,2,Profile,7,Corporation Tax,150090
2005,7,July,2,Profile,8,Valued Added Tax,1596410
2005,7,July,2,Profile,9,Training and Employment Levy,0
2005,8,August,1,Actual Outturn,1,Customs,12756
2005,8,August,1,Actual Outturn,2,Excise Duty,436478
2005,8,August,1,Actual Outturn,3,Capital Gains Tax,21982
2005,8,August,1,Actual Outturn,4,Capital Acquisitions Tax,18391
2005,8,August,1,Actual Outturn,5,Stamps,255533
2005,8,August,1,Actual Outturn,6,Income Tax,875170
2005,8,August,1,Actual Outturn,7,Corporation Tax,186749
2005,8,August,1,Actual Outturn,8,Valued Added Tax,338815
2005,8,August,1,Actual Outturn,9,Training and Employment Levy,181
2005,8,August,1,Actual Outturn,20,Unallocated Tax Receipts,-30244
2005,8,August,2,Profile,1,Customs,15170
2005,8,August,2,Profile,2,Excise Duty,409210
2005,8,August,2,Profile,3,Capital Gains Tax,18030
2005,8,August,2,Profile,4,Capital Acquisitions Tax,14300
2005,8,August,2,Profile,5,Stamps,147550
2005,8,August,2,Profile,6,Income Tax,847540
2005,8,August,2,Profile,7,Corporation Tax,195960
2005,8,August,2,Profile,8,Valued Added Tax,334820
2005,8,August,2,Profile,9,Training and Employment Levy,0
2005,9,September,1,Actual Outturn,1,Customs,20698
2005,9,September,1,Actual Outturn,2,Excise Duty,491199
2005,9,September,1,Actual Outturn,3,Capital Gains Tax,39020
2005,9,September,1,Actual Outturn,4,Capital Acquisitions Tax,19950
2005,9,September,1,Actual Outturn,5,Stamps,240140
2005,9,September,1,Actual Outturn,6,Income Tax,751500
2005,9,September,1,Actual Outturn,7,Corporation Tax,253087
2005,9,September,1,Actual Outturn,8,Valued Added Tax,1688398
2005,9,September,1,Actual Outturn,9,Training and Employment Levy,190
2005,9,September,1,Actual Outturn,20,Unallocated Tax Receipts,6536
2005,9,September,2,Profile,1,Customs,13430
2005,9,September,2,Profile,2,Excise Duty,442010
2005,9,September,2,Profile,3,Capital Gains Tax,28970
2005,9,September,2,Profile,4,Capital Acquisitions Tax,15410
2005,9,September,2,Profile,5,Stamps,127850
2005,9,September,2,Profile,6,Income Tax,816610
2005,9,September,2,Profile,7,Corporation Tax,342010
2005,9,September,2,Profile,8,Valued Added Tax,1578950
2005,9,September,2,Profile,9,Training and Employment Levy,0
2005,10,October,1,Actual Outturn,1,Customs,25684
2005,10,October,1,Actual Outturn,2,Excise Duty,367471
2005,10,October,1,Actual Outturn,3,Capital Gains Tax,83734
2005,10,October,1,Actual Outturn,4,Capital Acquisitions Tax,19170
2005,10,October,1,Actual Outturn,5,Stamps,301771
2005,10,October,1,Actual Outturn,6,Income Tax,1092011
2005,10,October,1,Actual Outturn,7,Corporation Tax,678099
2005,10,October,1,Actual Outturn,8,Valued Added Tax,413108
2005,10,October,1,Actual Outturn,9,Training and Employment Levy,78
2005,10,October,1,Actual Outturn,20,Unallocated Tax Receipts,1051
2005,10,October,2,Profile,1,Customs,13550
2005,10,October,2,Profile,2,Excise Duty,377420
2005,10,October,2,Profile,3,Capital Gains Tax,88810
2005,10,October,2,Profile,4,Capital Acquisitions Tax,14860
2005,10,October,2,Profile,5,Stamps,226790
2005,10,October,2,Profile,6,Income Tax,1076920
2005,10,October,2,Profile,7,Corporation Tax,606520
2005,10,October,2,Profile,8,Valued Added Tax,337310
2005,10,October,2,Profile,9,Training and Employment Levy,0
2005,11,November,1,Actual Outturn,1,Customs,20993
2005,11,November,1,Actual Outturn,2,Excise Duty,385622
2005,11,November,1,Actual Outturn,3,Capital Gains Tax,1073227
2005,11,November,1,Actual Outturn,4,Capital Acquisitions Tax,33469
2005,11,November,1,Actual Outturn,5,Stamps,241171
2005,11,November,1,Actual Outturn,6,Income Tax,1934319
2005,11,November,1,Actual Outturn,7,Corporation Tax,2026093
2005,11,November,1,Actual Outturn,8,Valued Added Tax,1749043
2005,11,November,1,Actual Outturn,9,Training and Employment Levy,1032
2005,11,November,1,Actual Outturn,20,Unallocated Tax Receipts,-8204
2005,11,November,2,Profile,1,Customs,13350
2005,11,November,2,Profile,2,Excise Duty,379210
2005,11,November,2,Profile,3,Capital Gains Tax,678870
2005,11,November,2,Profile,4,Capital Acquisitions Tax,15370
2005,11,November,2,Profile,5,Stamps,161460
2005,11,November,2,Profile,6,Income Tax,1965310
2005,11,November,2,Profile,7,Corporation Tax,2090190
2005,11,November,2,Profile,8,Valued Added Tax,1671190
2005,11,November,2,Profile,9,Training and Employment Levy,0
2005,12,December  ,1,Actual Outturn,1,Customs,20352
2005,12,December  ,1,Actual Outturn,2,Excise Duty,579147
2005,12,December  ,1,Actual Outturn,3,Capital Gains Tax,145260
2005,12,December  ,1,Actual Outturn,4,Capital Acquisitions Tax,20037
2005,12,December  ,1,Actual Outturn,5,Stamps,296457
2005,12,December  ,1,Actual Outturn,6,Income Tax,723782
2005,12,December  ,1,Actual Outturn,7,Corporation Tax,269581
2005,12,December  ,1,Actual Outturn,8,Valued Added Tax,348922
2005,12,December  ,1,Actual Outturn,9,Training and Employment Levy,7666
2005,12,December  ,1,Actual Outturn,20,Unallocated Tax Receipts,-35873
2005,12,December  ,2,Profile,1,Customs,16570
2005,12,December  ,2,Profile,2,Excise Duty,598700
2005,12,December  ,2,Profile,3,Capital Gains Tax,56130
2005,12,December  ,2,Profile,4,Capital Acquisitions Tax,15300
2005,12,December  ,2,Profile,5,Stamps,159070
2005,12,December  ,2,Profile,6,Income Tax,845740
2005,12,December  ,2,Profile,7,Corporation Tax,264520
2005,12,December  ,2,Profile,8,Valued Added Tax,389320
2005,12,December  ,2,Profile,9,Training and Employment Levy,3000
2006,1,January,1,Actual Outturn,1,Customs,17057
2006,1,January,1,Actual Outturn,2,Excise Duty,457623
2006,1,January,1,Actual Outturn,3,Capital Gains Tax,136254
2006,1,January,1,Actual Outturn,4,Capital Acquisitions Tax,22851
2006,1,January,1,Actual Outturn,5,Stamps,291116
2006,1,January,1,Actual Outturn,6,Income Tax,1116267
2006,1,January,1,Actual Outturn,7,Corporation Tax,131248
2006,1,January,1,Actual Outturn,8,Valued Added Tax,2035575
2006,1,January,1,Actual Outturn,20,Unallocated Tax Receipts,21478
2006,1,January,2,Profile,1,Customs,17060
2006,1,January,2,Profile,2,Excise Duty,457620
2006,1,January,2,Profile,3,Capital Gains Tax,136250
2006,1,January,2,Profile,4,Capital Acquisitions Tax,22880
2006,1,January,2,Profile,5,Stamps,291120
2006,1,January,2,Profile,6,Income Tax,1127760
2006,1,January,2,Profile,7,Corporation Tax,131250
2006,1,January,2,Profile,8,Valued Added Tax,2045580
2006,2,February,1,Actual Outturn,1,Customs,26750
2006,2,February,1,Actual Outturn,2,Excise Duty,422671
2006,2,February,1,Actual Outturn,3,Capital Gains Tax,528003
2006,2,February,1,Actual Outturn,4,Capital Acquisitions Tax,21425
2006,2,February,1,Actual Outturn,5,Stamps,256324
2006,2,February,1,Actual Outturn,6,Income Tax,896014
2006,2,February,1,Actual Outturn,7,Corporation Tax,512592
2006,2,February,1,Actual Outturn,8,Valued Added Tax,422611
2006,2,February,1,Actual Outturn,9,Training and Employment Levy,260
2006,2,February,1,Actual Outturn,20,Unallocated Tax Receipts,-6519
2006,2,February,2,Profile,1,Customs,23300
2006,2,February,2,Profile,2,Excise Duty,434650
2006,2,February,2,Profile,3,Capital Gains Tax,399290
2006,2,February,2,Profile,4,Capital Acquisitions Tax,18630
2006,2,February,2,Profile,5,Stamps,215870
2006,2,February,2,Profile,6,Income Tax,914420
2006,2,February,2,Profile,7,Corporation Tax,421380
2006,2,February,2,Profile,8,Valued Added Tax,575720
2006,3,March,1,Actual Outturn,1,Customs,19993
2006,3,March,1,Actual Outturn,2,Excise Duty,501306
2006,3,March,1,Actual Outturn,3,Capital Gains Tax,94043
2006,3,March,1,Actual Outturn,4,Capital Acquisitions Tax,28824
2006,3,March,1,Actual Outturn,5,Stamps,273260
2006,3,March,1,Actual Outturn,6,Income Tax,714519
2006,3,March,1,Actual Outturn,7,Corporation Tax,165060
2006,3,March,1,Actual Outturn,8,Valued Added Tax,1632914
2006,3,March,1,Actual Outturn,9,Training and Employment Levy,140
2006,3,March,1,Actual Outturn,20,Unallocated Tax Receipts,9341
2006,3,March,2,Profile,1,Customs,20420
2006,3,March,2,Profile,2,Excise Duty,433890
2006,3,March,2,Profile,3,Capital Gains Tax,40690
2006,3,March,2,Profile,4,Capital Acquisitions Tax,23160
2006,3,March,2,Profile,5,Stamps,184470
2006,3,March,2,Profile,6,Income Tax,768210
2006,3,March,2,Profile,7,Corporation Tax,129610
2006,3,March,2,Profile,8,Valued Added Tax,1480060
2006,4,April,1,Actual Outturn,1,Customs,22078
2006,4,April,1,Actual Outturn,2,Excise Duty,491443
2006,4,April,1,Actual Outturn,3,Capital Gains Tax,30297
2006,4,April,1,Actual Outturn,4,Capital Acquisitions Tax,34240
2006,4,April,1,Actual Outturn,5,Stamps,182361
2006,4,April,1,Actual Outturn,6,Income Tax,860509
2006,4,April,1,Actual Outturn,7,Corporation Tax,134310
2006,4,April,1,Actual Outturn,8,Valued Added Tax,317923
2006,4,April,1,Actual Outturn,9,Training and Employment Levy,78
2006,4,April,1,Actual Outturn,20,Unallocated Tax Receipts,-20561
2006,4,April,2,Profile,1,Customs,20500
2006,4,April,2,Profile,2,Excise Duty,483970
2006,4,April,2,Profile,3,Capital Gains Tax,39100
2006,4,April,2,Profile,4,Capital Acquisitions Tax,22730
2006,4,April,2,Profile,5,Stamps,171650
2006,4,April,2,Profile,6,Income Tax,813380
2006,4,April,2,Profile,7,Corporation Tax,115570
2006,4,April,2,Profile,8,Valued Added Tax,403310
2006,5,May,1,Actual Outturn,1,Customs,21277
2006,5,May,1,Actual Outturn,2,Excise Duty,454147
2006,5,May,1,Actual Outturn,3,Capital Gains Tax,45642
2006,5,May,1,Actual Outturn,4,Capital Acquisitions Tax,23308
2006,5,May,1,Actual Outturn,5,Stamps,290149
2006,5,May,1,Actual Outturn,6,Income Tax,833312
2006,5,May,1,Actual Outturn,7,Corporation Tax,636499
2006,5,May,1,Actual Outturn,8,Valued Added Tax,1842946
2006,5,May,1,Actual Outturn,9,Training and Employment Levy,78
2006,5,May,1,Actual Outturn,20,Unallocated Tax Receipts,18833
2006,5,May,2,Profile,1,Customs,18500
2006,5,May,2,Profile,2,Excise Duty,458020
2006,5,May,2,Profile,3,Capital Gains Tax,30990
2006,5,May,2,Profile,4,Capital Acquisitions Tax,19340
2006,5,May,2,Profile,5,Stamps,204280
2006,5,May,2,Profile,6,Income Tax,849560
2006,5,May,2,Profile,7,Corporation Tax,465310
2006,5,May,2,Profile,8,Valued Added Tax,1660060
2006,6,June,1,Actual Outturn,1,Customs,21293
2006,6,June,1,Actual Outturn,2,Excise Duty,444244
2006,6,June,1,Actual Outturn,3,Capital Gains Tax,61269
2006,6,June,1,Actual Outturn,4,Capital Acquisitions Tax,32574
2006,6,June,1,Actual Outturn,5,Stamps,314636
2006,6,June,1,Actual Outturn,6,Income Tax,792141
2006,6,June,1,Actual Outturn,7,Corporation Tax,610937
2006,6,June,1,Actual Outturn,8,Valued Added Tax,323391
2006,6,June,1,Actual Outturn,9,Training and Employment Levy,2010
2006,6,June,1,Actual Outturn,20,Unallocated Tax Receipts,16712
2006,6,June,2,Profile,1,Customs,19100
2006,6,June,2,Profile,2,Excise Duty,462950
2006,6,June,2,Profile,3,Capital Gains Tax,32090
2006,6,June,2,Profile,4,Capital Acquisitions Tax,22080
2006,6,June,2,Profile,5,Stamps,208720
2006,6,June,2,Profile,6,Income Tax,780860
2006,6,June,2,Profile,7,Corporation Tax,590480
2006,6,June,2,Profile,8,Valued Added Tax,400990
2006,7,July,1,Actual Outturn,1,Customs,17214
2006,7,July,1,Actual Outturn,2,Excise Duty,459791
2006,7,July,1,Actual Outturn,3,Capital Gains Tax,30818
2006,7,July,1,Actual Outturn,4,Capital Acquisitions Tax,24542
2006,7,July,1,Actual Outturn,5,Stamps,388403
2006,7,July,1,Actual Outturn,6,Income Tax,955577
2006,7,July,1,Actual Outturn,7,Corporation Tax,71355
2006,7,July,1,Actual Outturn,8,Valued Added Tax,1861888
2006,7,July,1,Actual Outturn,9,Training and Employment Levy,30
2006,7,July,1,Actual Outturn,20,Unallocated Tax Receipts,-1859
2006,7,July,2,Profile,1,Customs,18770
2006,7,July,2,Profile,2,Excise Duty,466210
2006,7,July,2,Profile,3,Capital Gains Tax,31790
2006,7,July,2,Profile,4,Capital Acquisitions Tax,20150
2006,7,July,2,Profile,5,Stamps,254480
2006,7,July,2,Profile,6,Income Tax,857290
2006,7,July,2,Profile,7,Corporation Tax,94130
2006,7,July,2,Profile,8,Valued Added Tax,1723250
2006,8,August,1,Actual Outturn,1,Customs,20619
2006,8,August,1,Actual Outturn,2,Excise Duty,483730
2006,8,August,1,Actual Outturn,3,Capital Gains Tax,46856
2006,8,August,1,Actual Outturn,4,Capital Acquisitions Tax,40445
2006,8,August,1,Actual Outturn,5,Stamps,349109
2006,8,August,1,Actual Outturn,6,Income Tax,885609
2006,8,August,1,Actual Outturn,7,Corporation Tax,254222
2006,8,August,1,Actual Outturn,8,Valued Added Tax,376679
2006,8,August,1,Actual Outturn,9,Training and Employment Levy,91
2006,8,August,1,Actual Outturn,20,Unallocated Tax Receipts,-6949
2006,8,August,2,Profile,1,Customs,21040
2006,8,August,2,Profile,2,Excise Duty,441300
2006,8,August,2,Profile,3,Capital Gains Tax,23830
2006,8,August,2,Profile,4,Capital Acquisitions Tax,19220
2006,8,August,2,Profile,5,Stamps,239310
2006,8,August,2,Profile,6,Income Tax,900450
2006,8,August,2,Profile,7,Corporation Tax,223960
2006,8,August,2,Profile,8,Valued Added Tax,365340
2006,9,September,1,Actual Outturn,1,Customs,20920
2006,9,September,1,Actual Outturn,2,Excise Duty,470082
2006,9,September,1,Actual Outturn,3,Capital Gains Tax,48734
2006,9,September,1,Actual Outturn,4,Capital Acquisitions Tax,30139
2006,9,September,1,Actual Outturn,5,Stamps,320459
2006,9,September,1,Actual Outturn,6,Income Tax,840472
2006,9,September,1,Actual Outturn,7,Corporation Tax,191878
2006,9,September,1,Actual Outturn,8,Valued Added Tax,1896172
2006,9,September,1,Actual Outturn,20,Unallocated Tax Receipts,-5452
2006,9,September,2,Profile,1,Customs,19610
2006,9,September,2,Profile,2,Excise Duty,489110
2006,9,September,2,Profile,3,Capital Gains Tax,38370
2006,9,September,2,Profile,4,Capital Acquisitions Tax,22810
2006,9,September,2,Profile,5,Stamps,209010
2006,9,September,2,Profile,6,Income Tax,789140
2006,9,September,2,Profile,7,Corporation Tax,215590
2006,9,September,2,Profile,8,Valued Added Tax,1760180
2006,10,October,1,Actual Outturn,1,Customs,25199
2006,10,October,1,Actual Outturn,2,Excise Duty,393095
2006,10,October,1,Actual Outturn,3,Capital Gains Tax,207299
2006,10,October,1,Actual Outturn,4,Capital Acquisitions Tax,27219
2006,10,October,1,Actual Outturn,5,Stamps,382445
2006,10,October,1,Actual Outturn,6,Income Tax,1276862
2006,10,October,1,Actual Outturn,7,Corporation Tax,713853
2006,10,October,1,Actual Outturn,8,Valued Added Tax,393696
2006,10,October,1,Actual Outturn,9,Training and Employment Levy,221
2006,10,October,1,Actual Outturn,20,Unallocated Tax Receipts,6633
2006,10,October,2,Profile,1,Customs,18880
2006,10,October,2,Profile,2,Excise Duty,377330
2006,10,October,2,Profile,3,Capital Gains Tax,88980
2006,10,October,2,Profile,4,Capital Acquisitions Tax,19150
2006,10,October,2,Profile,5,Stamps,233520
2006,10,October,2,Profile,6,Income Tax,1222520
2006,10,October,2,Profile,7,Corporation Tax,821220
2006,10,October,2,Profile,8,Valued Added Tax,450230
2006,11,November,1,Actual Outturn,1,Customs,22385
2006,11,November,1,Actual Outturn,2,Excise Duty,426823
2006,11,November,1,Actual Outturn,3,Capital Gains Tax,1754154
2006,11,November,1,Actual Outturn,4,Capital Acquisitions Tax,36205
2006,11,November,1,Actual Outturn,5,Stamps,356019
2006,11,November,1,Actual Outturn,6,Income Tax,2322458
2006,11,November,1,Actual Outturn,7,Corporation Tax,3124627
2006,11,November,1,Actual Outturn,8,Valued Added Tax,1962536
2006,11,November,1,Actual Outturn,20,Unallocated Tax Receipts,5691
2006,11,November,2,Profile,1,Customs,19050
2006,11,November,2,Profile,2,Excise Duty,390820
2006,11,November,2,Profile,3,Capital Gains Tax,1104040
2006,11,November,2,Profile,4,Capital Acquisitions Tax,24600
2006,11,November,2,Profile,5,Stamps,236870
2006,11,November,2,Profile,6,Income Tax,1995560
2006,11,November,2,Profile,7,Corporation Tax,2668530
2006,11,November,2,Profile,8,Valued Added Tax,1828530
2006,12,December  ,1,Actual Outturn,1,Customs,22044
2006,12,December  ,1,Actual Outturn,2,Excise Duty,583942
2006,12,December  ,1,Actual Outturn,3,Capital Gains Tax,116564
2006,12,December  ,1,Actual Outturn,4,Capital Acquisitions Tax,30888
2006,12,December  ,1,Actual Outturn,5,Stamps,312220
2006,12,December  ,1,Actual Outturn,6,Income Tax,896199
2006,12,December  ,1,Actual Outturn,7,Corporation Tax,136666
2006,12,December  ,1,Actual Outturn,8,Valued Added Tax,381660
2006,12,December  ,1,Actual Outturn,20,Unallocated Tax Receipts,-37348
2006,12,December  ,2,Profile,1,Customs,23750
2006,12,December  ,2,Profile,2,Excise Duty,599110
2006,12,December  ,2,Profile,3,Capital Gains Tax,69570
2006,12,December  ,2,Profile,4,Capital Acquisitions Tax,25250
2006,12,December  ,2,Profile,5,Stamps,235700
2006,12,December  ,2,Profile,6,Income Tax,790870
2006,12,December  ,2,Profile,7,Corporation Tax,152980
2006,12,December  ,2,Profile,8,Valued Added Tax,401750
2007,1,January,1,Actual Outturn,1,Customs,14174
2007,1,January,1,Actual Outturn,2,Excise Duty,466398
2007,1,January,1,Actual Outturn,3,Capital Gains Tax,186692
2007,1,January,1,Actual Outturn,4,Capital Acquisitions Tax,23800
2007,1,January,1,Actual Outturn,5,Stamps,346821
2007,1,January,1,Actual Outturn,6,Income Tax,1107080
2007,1,January,1,Actual Outturn,7,Corporation Tax,207874
2007,1,January,1,Actual Outturn,8,Valued Added Tax,2331507
2007,1,January,1,Actual Outturn,20,Unallocated Tax Receipts,61076
2007,1,January,2,Profile,1,Customs,19390
2007,1,January,2,Profile,2,Excise Duty,456100
2007,1,January,2,Profile,3,Capital Gains Tax,160000
2007,1,January,2,Profile,4,Capital Acquisitions Tax,27440
2007,1,January,2,Profile,5,Stamps,312770
2007,1,January,2,Profile,6,Income Tax,1273150
2007,1,January,2,Profile,7,Corporation Tax,153610
2007,1,January,2,Profile,8,Valued Added Tax,2287640
2007,2,February,1,Actual Outturn,1,Customs,29026
2007,2,February,1,Actual Outturn,2,Excise Duty,438271
2007,2,February,1,Actual Outturn,3,Capital Gains Tax,659655
2007,2,February,1,Actual Outturn,4,Capital Acquisitions Tax,27631
2007,2,February,1,Actual Outturn,5,Stamps,322362
2007,2,February,1,Actual Outturn,6,Income Tax,1068454
2007,2,February,1,Actual Outturn,7,Corporation Tax,553147
2007,2,February,1,Actual Outturn,8,Valued Added Tax,431968
2007,2,February,1,Actual Outturn,9,Training and Employment Levy,792
2007,2,February,1,Actual Outturn,20,Unallocated Tax Receipts,-30939
2007,2,February,2,Profile,1,Customs,25600
2007,2,February,2,Profile,2,Excise Duty,475000
2007,2,February,2,Profile,3,Capital Gains Tax,750000
2007,2,February,2,Profile,4,Capital Acquisitions Tax,27760
2007,2,February,2,Profile,5,Stamps,289480
2007,2,February,2,Profile,6,Income Tax,920940
2007,2,February,2,Profile,7,Corporation Tax,424660
2007,2,February,2,Profile,8,Valued Added Tax,451630
2007,3,March,1,Actual Outturn,1,Customs,23039
2007,3,March,1,Actual Outturn,2,Excise Duty,495661
2007,3,March,1,Actual Outturn,3,Capital Gains Tax,68299
2007,3,March,1,Actual Outturn,4,Capital Acquisitions Tax,35985
2007,3,March,1,Actual Outturn,5,Stamps,256658
2007,3,March,1,Actual Outturn,6,Income Tax,791543
2007,3,March,1,Actual Outturn,7,Corporation Tax,162516
2007,3,March,1,Actual Outturn,8,Valued Added Tax,1750908
2007,3,March,1,Actual Outturn,9,Training and Employment Levy,89
2007,3,March,1,Actual Outturn,20,Unallocated Tax Receipts,15433
2007,3,March,2,Profile,1,Customs,21540
2007,3,March,2,Profile,2,Excise Duty,524700
2007,3,March,2,Profile,3,Capital Gains Tax,102160
2007,3,March,2,Profile,4,Capital Acquisitions Tax,33190
2007,3,March,2,Profile,5,Stamps,306970
2007,3,March,2,Profile,6,Income Tax,849240
2007,3,March,2,Profile,7,Corporation Tax,98850
2007,3,March,2,Profile,8,Valued Added Tax,1826000
2007,4,April,1,Actual Outturn,1,Customs,23158
2007,4,April,1,Actual Outturn,2,Excise Duty,532509
2007,4,April,1,Actual Outturn,3,Capital Gains Tax,58224
2007,4,April,1,Actual Outturn,4,Capital Acquisitions Tax,27523
2007,4,April,1,Actual Outturn,5,Stamps,249816
2007,4,April,1,Actual Outturn,6,Income Tax,964556
2007,4,April,1,Actual Outturn,7,Corporation Tax,101118
2007,4,April,1,Actual Outturn,8,Valued Added Tax,392949
2007,4,April,1,Actual Outturn,9,Training and Employment Levy,272
2007,4,April,1,Actual Outturn,20,Unallocated Tax Receipts,-5387
2007,4,April,2,Profile,1,Customs,23540
2007,4,April,2,Profile,2,Excise Duty,559600
2007,4,April,2,Profile,3,Capital Gains Tax,34080
2007,4,April,2,Profile,4,Capital Acquisitions Tax,27190
2007,4,April,2,Profile,5,Stamps,226930
2007,4,April,2,Profile,6,Income Tax,953630
2007,4,April,2,Profile,7,Corporation Tax,87330
2007,4,April,2,Profile,8,Valued Added Tax,335350
2007,5,May,1,Actual Outturn,1,Customs,27049
2007,5,May,1,Actual Outturn,2,Excise Duty,476637
2007,5,May,1,Actual Outturn,3,Capital Gains Tax,41712
2007,5,May,1,Actual Outturn,4,Capital Acquisitions Tax,38039
2007,5,May,1,Actual Outturn,5,Stamps,262239
2007,5,May,1,Actual Outturn,6,Income Tax,1065112
2007,5,May,1,Actual Outturn,7,Corporation Tax,458936
2007,5,May,1,Actual Outturn,8,Valued Added Tax,2035905
2007,5,May,1,Actual Outturn,9,Training and Employment Levy,89
2007,5,May,1,Actual Outturn,20,Unallocated Tax Receipts,6778
2007,5,May,2,Profile,1,Customs,22300
2007,5,May,2,Profile,2,Excise Duty,514100
2007,5,May,2,Profile,3,Capital Gains Tax,47100
2007,5,May,2,Profile,4,Capital Acquisitions Tax,29920
2007,5,May,2,Profile,5,Stamps,317610
2007,5,May,2,Profile,6,Income Tax,1055960
2007,5,May,2,Profile,7,Corporation Tax,498400
2007,5,May,2,Profile,8,Valued Added Tax,2070860
2007,6,June,1,Actual Outturn,1,Customs,19515
2007,6,June,1,Actual Outturn,2,Excise Duty,485209
2007,6,June,1,Actual Outturn,3,Capital Gains Tax,31532
2007,6,June,1,Actual Outturn,4,Capital Acquisitions Tax,29948
2007,6,June,1,Actual Outturn,5,Stamps,258562
2007,6,June,1,Actual Outturn,6,Income Tax,975873
2007,6,June,1,Actual Outturn,7,Corporation Tax,73091
2007,6,June,1,Actual Outturn,8,Valued Added Tax,335801
2007,6,June,1,Actual Outturn,9,Training and Employment Levy,89
2007,6,June,1,Actual Outturn,20,Unallocated Tax Receipts,567
2007,6,June,2,Profile,1,Customs,22340
2007,6,June,2,Profile,2,Excise Duty,510500
2007,6,June,2,Profile,3,Capital Gains Tax,70960
2007,6,June,2,Profile,4,Capital Acquisitions Tax,38440
2007,6,June,2,Profile,5,Stamps,339990
2007,6,June,2,Profile,6,Income Tax,893040
2007,6,June,2,Profile,7,Corporation Tax,120350
2007,6,June,2,Profile,8,Valued Added Tax,326340
2007,7,July,1,Actual Outturn,1,Customs,19195
2007,7,July,1,Actual Outturn,2,Excise Duty,516020
2007,7,July,1,Actual Outturn,3,Capital Gains Tax,44601
2007,7,July,1,Actual Outturn,4,Capital Acquisitions Tax,34459
2007,7,July,1,Actual Outturn,5,Stamps,329580
2007,7,July,1,Actual Outturn,6,Income Tax,999527
2007,7,July,1,Actual Outturn,7,Corporation Tax,102378
2007,7,July,1,Actual Outturn,8,Valued Added Tax,2169119
2007,7,July,1,Actual Outturn,9,Training and Employment Levy,208
2007,7,July,1,Actual Outturn,20,Unallocated Tax Receipts,-20794
2007,7,July,2,Profile,1,Customs,22060
2007,7,July,2,Profile,2,Excise Duty,505900
2007,7,July,2,Profile,3,Capital Gains Tax,36090
2007,7,July,2,Profile,4,Capital Acquisitions Tax,25160
2007,7,July,2,Profile,5,Stamps,405620
2007,7,July,2,Profile,6,Income Tax,917310
2007,7,July,2,Profile,7,Corporation Tax,80880
2007,7,July,2,Profile,8,Valued Added Tax,2086420
2007,8,August,1,Actual Outturn,1,Customs,20732
2007,8,August,1,Actual Outturn,2,Excise Duty,443373
2007,8,August,1,Actual Outturn,3,Capital Gains Tax,52961
2007,8,August,1,Actual Outturn,4,Capital Acquisitions Tax,36380
2007,8,August,1,Actual Outturn,5,Stamps,269298
2007,8,August,1,Actual Outturn,6,Income Tax,964222
2007,8,August,1,Actual Outturn,7,Corporation Tax,203855
2007,8,August,1,Actual Outturn,8,Valued Added Tax,321751
2007,8,August,1,Actual Outturn,20,Unallocated Tax Receipts,24144
2007,8,August,2,Profile,1,Customs,24730
2007,8,August,2,Profile,2,Excise Duty,489300
2007,8,August,2,Profile,3,Capital Gains Tax,47790
2007,8,August,2,Profile,4,Capital Acquisitions Tax,36490
2007,8,August,2,Profile,5,Stamps,363130
2007,8,August,2,Profile,6,Income Tax,941720
2007,8,August,2,Profile,7,Corporation Tax,277820
2007,8,August,2,Profile,8,Valued Added Tax,410300
2007,9,September,1,Actual Outturn,1,Customs,20444
2007,9,September,1,Actual Outturn,2,Excise Duty,483838
2007,9,September,1,Actual Outturn,3,Capital Gains Tax,51248
2007,9,September,1,Actual Outturn,4,Capital Acquisitions Tax,29750
2007,9,September,1,Actual Outturn,5,Stamps,211056
2007,9,September,1,Actual Outturn,6,Income Tax,887039
2007,9,September,1,Actual Outturn,7,Corporation Tax,460693
2007,9,September,1,Actual Outturn,8,Valued Added Tax,1999690
2007,9,September,1,Actual Outturn,20,Unallocated Tax Receipts,-25878
2007,9,September,2,Profile,1,Customs,23780
2007,9,September,2,Profile,2,Excise Duty,527900
2007,9,September,2,Profile,3,Capital Gains Tax,53480
2007,9,September,2,Profile,4,Capital Acquisitions Tax,32430
2007,9,September,2,Profile,5,Stamps,344430
2007,9,September,2,Profile,6,Income Tax,962340
2007,9,September,2,Profile,7,Corporation Tax,285890
2007,9,September,2,Profile,8,Valued Added Tax,2107230
2007,10,October,1,Actual Outturn,1,Customs,22501
2007,10,October,1,Actual Outturn,2,Excise Duty,381695
2007,10,October,1,Actual Outturn,3,Capital Gains Tax,179672
2007,10,October,1,Actual Outturn,4,Capital Acquisitions Tax,31417
2007,10,October,1,Actual Outturn,5,Stamps,267815
2007,10,October,1,Actual Outturn,6,Income Tax,1498808
2007,10,October,1,Actual Outturn,7,Corporation Tax,640216
2007,10,October,1,Actual Outturn,8,Valued Added Tax,442303
2007,10,October,1,Actual Outturn,9,Training and Employment Levy,426
2007,10,October,1,Actual Outturn,20,Unallocated Tax Receipts,7918
2007,10,October,2,Profile,1,Customs,26980
2007,10,October,2,Profile,2,Excise Duty,432200
2007,10,October,2,Profile,3,Capital Gains Tax,222010
2007,10,October,2,Profile,4,Capital Acquisitions Tax,31060
2007,10,October,2,Profile,5,Stamps,339400
2007,10,October,2,Profile,6,Income Tax,1259050
2007,10,October,2,Profile,7,Corporation Tax,892980
2007,10,October,2,Profile,8,Valued Added Tax,409760
2007,11,November,1,Actual Outturn,1,Customs,28411
2007,11,November,1,Actual Outturn,2,Excise Duty,454714
2007,11,November,1,Actual Outturn,3,Capital Gains Tax,1634680
2007,11,November,1,Actual Outturn,4,Capital Acquisitions Tax,34823
2007,11,November,1,Actual Outturn,5,Stamps,209206
2007,11,November,1,Actual Outturn,6,Income Tax,2216406
2007,11,November,1,Actual Outturn,7,Corporation Tax,3232181
2007,11,November,1,Actual Outturn,8,Valued Added Tax,1875341
2007,11,November,1,Actual Outturn,20,Unallocated Tax Receipts,51503
2007,11,November,2,Profile,1,Customs,23380
2007,11,November,2,Profile,2,Excise Duty,448100
2007,11,November,2,Profile,3,Capital Gains Tax,1713870
2007,11,November,2,Profile,4,Capital Acquisitions Tax,42540
2007,11,November,2,Profile,5,Stamps,367230
2007,11,November,2,Profile,6,Income Tax,2549680
2007,11,November,2,Profile,7,Corporation Tax,3623310
2007,11,November,2,Profile,8,Valued Added Tax,2169700
2007,12,December  ,1,Actual Outturn,1,Customs,18660
2007,12,December  ,1,Actual Outturn,2,Excise Duty,663553
2007,12,December  ,1,Actual Outturn,3,Capital Gains Tax,96219
2007,12,December  ,1,Actual Outturn,4,Capital Acquisitions Tax,42594
2007,12,December  ,1,Actual Outturn,5,Stamps,202189
2007,12,December  ,1,Actual Outturn,6,Income Tax,1033790
2007,12,December  ,1,Actual Outturn,7,Corporation Tax,194620
2007,12,December  ,1,Actual Outturn,8,Valued Added Tax,409346
2007,12,December  ,1,Actual Outturn,9,Training and Employment Levy,536
2007,12,December  ,1,Actual Outturn,20,Unallocated Tax Receipts,-84421
2007,12,December  ,2,Profile,1,Customs,29360
2007,12,December  ,2,Profile,2,Excise Duty,626700
2007,12,December  ,2,Profile,3,Capital Gains Tax,107460
2007,12,December  ,2,Profile,4,Capital Acquisitions Tax,23370
2007,12,December  ,2,Profile,5,Stamps,311440
2007,12,December  ,2,Profile,6,Income Tax,978900
2007,12,December  ,2,Profile,7,Corporation Tax,105920
2007,12,December  ,2,Profile,8,Valued Added Tax,388900
2008,1,January,1,Actual Outturn,1,Customs,24882
2008,1,January,1,Actual Outturn,2,Excise Duty,472143
2008,1,January,1,Actual Outturn,3,Capital Gains Tax,128716
2008,1,January,1,Actual Outturn,4,Capital Acquisitions Tax,26511
2008,1,January,1,Actual Outturn,5,Stamps,180012
2008,1,January,1,Actual Outturn,6,Income Tax,1208254
2008,1,January,1,Actual Outturn,7,Corporation Tax,196585
2008,1,January,1,Actual Outturn,8,Valued Added Tax,2335014
2008,1,January,1,Actual Outturn,9,Training and Employment Levy,218
2008,1,January,1,Actual Outturn,20,Unallocated Tax Receipts,37463
2008,1,January,2,Profile,1,Customs,17000
2008,1,January,2,Profile,2,Excise Duty,464900
2008,1,January,2,Profile,3,Capital Gains Tax,137000
2008,1,January,2,Profile,4,Capital Acquisitions Tax,26130
2008,1,January,2,Profile,5,Stamps,175000
2008,1,January,2,Profile,6,Income Tax,1154110
2008,1,January,2,Profile,7,Corporation Tax,200000
2008,1,January,2,Profile,8,Valued Added Tax,2400150
2008,2,February,1,Actual Outturn,1,Customs,21484
2008,2,February,1,Actual Outturn,2,Excise Duty,450506
2008,2,February,1,Actual Outturn,3,Capital Gains Tax,386973
2008,2,February,1,Actual Outturn,4,Capital Acquisitions Tax,35393
2008,2,February,1,Actual Outturn,5,Stamps,192065
2008,2,February,1,Actual Outturn,6,Income Tax,1037143
2008,2,February,1,Actual Outturn,7,Corporation Tax,455167
2008,2,February,1,Actual Outturn,8,Valued Added Tax,363700
2008,2,February,1,Actual Outturn,20,Unallocated Tax Receipts,9471
2008,2,February,2,Profile,1,Customs,28430
2008,2,February,2,Profile,2,Excise Duty,449600
2008,2,February,2,Profile,3,Capital Gains Tax,650000
2008,2,February,2,Profile,4,Capital Acquisitions Tax,28334
2008,2,February,2,Profile,5,Stamps,195000
2008,2,February,2,Profile,6,Income Tax,1092221
2008,2,February,2,Profile,7,Corporation Tax,550000
2008,2,February,2,Profile,8,Valued Added Tax,510020
2008,3,March,1,Actual Outturn,1,Customs,29087
2008,3,March,1,Actual Outturn,2,Excise Duty,435916
2008,3,March,1,Actual Outturn,3,Capital Gains Tax,30587
2008,3,March,1,Actual Outturn,4,Capital Acquisitions Tax,21073
2008,3,March,1,Actual Outturn,5,Stamps,157528
2008,3,March,1,Actual Outturn,6,Income Tax,872648
2008,3,March,1,Actual Outturn,7,Corporation Tax,167760
2008,3,March,1,Actual Outturn,8,Valued Added Tax,1827988
2008,3,March,1,Actual Outturn,9,Training and Employment Levy,38
2008,3,March,1,Actual Outturn,20,Unallocated Tax Receipts,2491
2008,3,March,2,Profile,1,Customs,23640
2008,3,March,2,Profile,2,Excise Duty,487600
2008,3,March,2,Profile,3,Capital Gains Tax,70000
2008,3,March,2,Profile,4,Capital Acquisitions Tax,37791
2008,3,March,2,Profile,5,Stamps,175000
2008,3,March,2,Profile,6,Income Tax,840795
2008,3,March,2,Profile,7,Corporation Tax,125000
2008,3,March,2,Profile,8,Valued Added Tax,1869680
2008,4,April,1,Actual Outturn,1,Customs,22019
2008,4,April,1,Actual Outturn,2,Excise Duty,529621
2008,4,April,1,Actual Outturn,3,Capital Gains Tax,37196
2008,4,April,1,Actual Outturn,4,Capital Acquisitions Tax,30368
2008,4,April,1,Actual Outturn,5,Stamps,147935
2008,4,April,1,Actual Outturn,6,Income Tax,922405
2008,4,April,1,Actual Outturn,7,Corporation Tax,156500
2008,4,April,1,Actual Outturn,8,Valued Added Tax,351226
2008,4,April,1,Actual Outturn,9,Training and Employment Levy,42
2008,4,April,1,Actual Outturn,20,Unallocated Tax Receipts,-40229
2008,4,April,2,Profile,1,Customs,25410
2008,4,April,2,Profile,2,Excise Duty,545000
2008,4,April,2,Profile,3,Capital Gains Tax,60000
2008,4,April,2,Profile,4,Capital Acquisitions Tax,32731
2008,4,April,2,Profile,5,Stamps,185000
2008,4,April,2,Profile,6,Income Tax,963833
2008,4,April,2,Profile,7,Corporation Tax,105000
2008,4,April,2,Profile,8,Valued Added Tax,374970
2008,5,May,1,Actual Outturn,1,Customs,19256
2008,5,May,1,Actual Outturn,2,Excise Duty,465062
2008,5,May,1,Actual Outturn,3,Capital Gains Tax,18584
2008,5,May,1,Actual Outturn,4,Capital Acquisitions Tax,28827
2008,5,May,1,Actual Outturn,5,Stamps,128394
2008,5,May,1,Actual Outturn,6,Income Tax,935452
2008,5,May,1,Actual Outturn,7,Corporation Tax,381351
2008,5,May,1,Actual Outturn,8,Valued Added Tax,1855918
2008,5,May,1,Actual Outturn,9,Training and Employment Levy,79
2008,5,May,1,Actual Outturn,20,Unallocated Tax Receipts,24846
2008,5,May,2,Profile,1,Customs,27360
2008,5,May,2,Profile,2,Excise Duty,494100
2008,5,May,2,Profile,3,Capital Gains Tax,45000
2008,5,May,2,Profile,4,Capital Acquisitions Tax,39834
2008,5,May,2,Profile,5,Stamps,205000
2008,5,May,2,Profile,6,Income Tax,891577
2008,5,May,2,Profile,7,Corporation Tax,415000
2008,5,May,2,Profile,8,Valued Added Tax,2170110
2008,6,June,1,Actual Outturn,1,Customs,18203
2008,6,June,1,Actual Outturn,2,Excise Duty,437517
2008,6,June,1,Actual Outturn,3,Capital Gains Tax,21249
2008,6,June,1,Actual Outturn,4,Capital Acquisitions Tax,24502
2008,6,June,1,Actual Outturn,5,Stamps,156088
2008,6,June,1,Actual Outturn,6,Income Tax,947082
2008,6,June,1,Actual Outturn,7,Corporation Tax,73613
2008,6,June,1,Actual Outturn,8,Valued Added Tax,344059
2008,6,June,1,Actual Outturn,9,Training and Employment Levy,70
2008,6,June,1,Actual Outturn,20,Unallocated Tax Receipts,-16687
2008,6,June,2,Profile,1,Customs,25520
2008,6,June,2,Profile,2,Excise Duty,520100
2008,6,June,2,Profile,3,Capital Gains Tax,38000
2008,6,June,2,Profile,4,Capital Acquisitions Tax,32539
2008,6,June,2,Profile,5,Stamps,240000
2008,6,June,2,Profile,6,Income Tax,1008374
2008,6,June,2,Profile,7,Corporation Tax,75000
2008,6,June,2,Profile,8,Valued Added Tax,349930
2008,7,July,1,Actual Outturn,1,Customs,17988
2008,7,July,1,Actual Outturn,2,Excise Duty,474179
2008,7,July,1,Actual Outturn,3,Capital Gains Tax,32600
2008,7,July,1,Actual Outturn,4,Capital Acquisitions Tax,22078
2008,7,July,1,Actual Outturn,5,Stamps,181375
2008,7,July,1,Actual Outturn,6,Income Tax,955811
2008,7,July,1,Actual Outturn,7,Corporation Tax,1875
2008,7,July,1,Actual Outturn,8,Valued Added Tax,1853324
2008,7,July,1,Actual Outturn,20,Unallocated Tax Receipts,6564
2008,7,July,2,Profile,1,Customs,26190
2008,7,July,2,Profile,2,Excise Duty,476800
2008,7,July,2,Profile,3,Capital Gains Tax,62000
2008,7,July,2,Profile,4,Capital Acquisitions Tax,36162
2008,7,July,2,Profile,5,Stamps,300000
2008,7,July,2,Profile,6,Income Tax,1020207
2008,7,July,2,Profile,7,Corporation Tax,90000
2008,7,July,2,Profile,8,Valued Added Tax,2310470
2008,8,August,1,Actual Outturn,1,Customs,20524
2008,8,August,1,Actual Outturn,2,Excise Duty,406702
2008,8,August,1,Actual Outturn,3,Capital Gains Tax,22764
2008,8,August,1,Actual Outturn,4,Capital Acquisitions Tax,24297
2008,8,August,1,Actual Outturn,5,Stamps,117093
2008,8,August,1,Actual Outturn,6,Income Tax,973810
2008,8,August,1,Actual Outturn,7,Corporation Tax,287688
2008,8,August,1,Actual Outturn,8,Valued Added Tax,252614
2008,8,August,1,Actual Outturn,9,Training and Employment Levy,140
2008,8,August,1,Actual Outturn,20,Unallocated Tax Receipts,-5405
2008,8,August,2,Profile,1,Customs,25750
2008,8,August,2,Profile,2,Excise Duty,492300
2008,8,August,2,Profile,3,Capital Gains Tax,53000
2008,8,August,2,Profile,4,Capital Acquisitions Tax,37678
2008,8,August,2,Profile,5,Stamps,265000
2008,8,August,2,Profile,6,Income Tax,1037525
2008,8,August,2,Profile,7,Corporation Tax,350000
2008,8,August,2,Profile,8,Valued Added Tax,375390
2008,9,September,1,Actual Outturn,1,Customs,20860
2008,9,September,1,Actual Outturn,2,Excise Duty,479350
2008,9,September,1,Actual Outturn,3,Capital Gains Tax,15257
2008,9,September,1,Actual Outturn,4,Capital Acquisitions Tax,26112
2008,9,September,1,Actual Outturn,5,Stamps,97594
2008,9,September,1,Actual Outturn,6,Income Tax,837910
2008,9,September,1,Actual Outturn,7,Corporation Tax,401412
2008,9,September,1,Actual Outturn,8,Valued Added Tax,1814642
2008,9,September,1,Actual Outturn,9,Training and Employment Levy,105
2008,9,September,1,Actual Outturn,20,Unallocated Tax Receipts,11520
2008,9,September,2,Profile,1,Customs,25240
2008,9,September,2,Profile,2,Excise Duty,527000
2008,9,September,2,Profile,3,Capital Gains Tax,45000
2008,9,September,2,Profile,4,Capital Acquisitions Tax,32000
2008,9,September,2,Profile,5,Stamps,270000
2008,9,September,2,Profile,6,Income Tax,949282
2008,9,September,2,Profile,7,Corporation Tax,520000
2008,9,September,2,Profile,8,Valued Added Tax,2169820
2008,10,October,1,Actual Outturn,1,Customs,25870
2008,10,October,1,Actual Outturn,2,Excise Duty,431688
2008,10,October,1,Actual Outturn,3,Capital Gains Tax,109734
2008,10,October,1,Actual Outturn,4,Capital Acquisitions Tax,25622
2008,10,October,1,Actual Outturn,5,Stamps,93273
2008,10,October,1,Actual Outturn,6,Income Tax,1562705
2008,10,October,1,Actual Outturn,7,Corporation Tax,404934
2008,10,October,1,Actual Outturn,8,Valued Added Tax,315932
2008,10,October,1,Actual Outturn,9,Training and Employment Levy,54
2008,10,October,1,Actual Outturn,20,Unallocated Tax Receipts,27770
2008,10,October,2,Profile,1,Customs,27250
2008,10,October,2,Profile,2,Excise Duty,428800
2008,10,October,2,Profile,3,Capital Gains Tax,240000
2008,10,October,2,Profile,4,Capital Acquisitions Tax,32000
2008,10,October,2,Profile,5,Stamps,300000
2008,10,October,2,Profile,6,Income Tax,1553401
2008,10,October,2,Profile,7,Corporation Tax,655000
2008,10,October,2,Profile,8,Valued Added Tax,455000
2008,11,November,1,Actual Outturn,1,Customs,27809
2008,11,November,1,Actual Outturn,2,Excise Duty,524279
2008,11,November,1,Actual Outturn,3,Capital Gains Tax,576627
2008,11,November,1,Actual Outturn,4,Capital Acquisitions Tax,29680
2008,11,November,1,Actual Outturn,5,Stamps,71101
2008,11,November,1,Actual Outturn,6,Income Tax,2023572
2008,11,November,1,Actual Outturn,7,Corporation Tax,2452671
2008,11,November,1,Actual Outturn,8,Valued Added Tax,1720065
2008,11,November,1,Actual Outturn,20,Unallocated Tax Receipts,-41892
2008,11,November,2,Profile,1,Customs,25630
2008,11,November,2,Profile,2,Excise Duty,459700
2008,11,November,2,Profile,3,Capital Gains Tax,1710000
2008,11,November,2,Profile,4,Capital Acquisitions Tax,35926
2008,11,November,2,Profile,5,Stamps,280000
2008,11,November,2,Profile,6,Income Tax,2326035
2008,11,November,2,Profile,7,Corporation Tax,3450000
2008,11,November,2,Profile,8,Valued Added Tax,2164680
2008,12,December  ,1,Actual Outturn,1,Customs,19
2008,12,December  ,1,Actual Outturn,2,Excise Duty,336375
2008,12,December  ,1,Actual Outturn,3,Capital Gains Tax,49793
2008,12,December  ,1,Actual Outturn,4,Capital Acquisitions Tax,37137
2008,12,December  ,1,Actual Outturn,5,Stamps,128334
2008,12,December  ,1,Actual Outturn,6,Income Tax,900065
2008,12,December  ,1,Actual Outturn,7,Corporation Tax,86338
2008,12,December  ,1,Actual Outturn,8,Valued Added Tax,395120
2008,12,December  ,1,Actual Outturn,9,Training and Employment Levy,286
2008,12,December  ,1,Actual Outturn,20,Unallocated Tax Receipts,-15912
2008,12,December  ,2,Profile,1,Customs,22580
2008,12,December  ,2,Profile,2,Excise Duty,644000
2008,12,December  ,2,Profile,3,Capital Gains Tax,100000
2008,12,December  ,2,Profile,4,Capital Acquisitions Tax,33555
2008,12,December  ,2,Profile,5,Stamps,265000
2008,12,December  ,2,Profile,6,Income Tax,1062637
2008,12,December  ,2,Profile,7,Corporation Tax,165000
2008,12,December  ,2,Profile,8,Valued Added Tax,399780
2009,1,January,1,Actual Outturn,1,Customs,19758
2009,1,January,1,Actual Outturn,2,Excise Duty,310326
2009,1,January,1,Actual Outturn,3,Capital Gains Tax,35873
2009,1,January,1,Actual Outturn,4,Capital Acquisitions Tax,19206
2009,1,January,1,Actual Outturn,5,Stamps,50023
2009,1,January,1,Actual Outturn,6,Income Tax,1164672
2009,1,January,1,Actual Outturn,7,Corporation Tax,120943
2009,1,January,1,Actual Outturn,8,Valued Added Tax,1969657
2009,1,January,1,Actual Outturn,20,Unallocated Tax Receipts,44248
2009,1,January,2,Profile,1,Customs,20000
2009,1,January,2,Profile,2,Excise Duty,310000
2009,1,January,2,Profile,3,Capital Gains Tax,36000
2009,1,January,2,Profile,4,Capital Acquisitions Tax,19000
2009,1,January,2,Profile,5,Stamps,50000
2009,1,January,2,Profile,6,Income Tax,1187000
2009,1,January,2,Profile,7,Corporation Tax,121000
2009,1,January,2,Profile,8,Valued Added Tax,1992000
2009,2,February,1,Actual Outturn,1,Customs,17752
2009,2,February,1,Actual Outturn,2,Excise Duty,309296
2009,2,February,1,Actual Outturn,3,Capital Gains Tax,105262
2009,2,February,1,Actual Outturn,4,Capital Acquisitions Tax,23107
2009,2,February,1,Actual Outturn,5,Stamps,103482
2009,2,February,1,Actual Outturn,6,Income Tax,915481
2009,2,February,1,Actual Outturn,7,Corporation Tax,289852
2009,2,February,1,Actual Outturn,8,Valued Added Tax,277114
2009,2,February,1,Actual Outturn,9,Training and Employment Levy,145
2009,2,February,1,Actual Outturn,20,Unallocated Tax Receipts,-17356
2009,2,February,2,Profile,1,Customs,18000
2009,2,February,2,Profile,2,Excise Duty,310000
2009,2,February,2,Profile,3,Capital Gains Tax,105000
2009,2,February,2,Profile,4,Capital Acquisitions Tax,23000
2009,2,February,2,Profile,5,Stamps,104000
2009,2,February,2,Profile,6,Income Tax,910000
2009,2,February,2,Profile,7,Corporation Tax,290000
2009,2,February,2,Profile,8,Valued Added Tax,265000
2009,3,March,1,Actual Outturn,1,Customs,17367
2009,3,March,1,Actual Outturn,2,Excise Duty,305960
2009,3,March,1,Actual Outturn,3,Capital Gains Tax,20853
2009,3,March,1,Actual Outturn,4,Capital Acquisitions Tax,22087
2009,3,March,1,Actual Outturn,5,Stamps,47313
2009,3,March,1,Actual Outturn,6,Income Tax,834161
2009,3,March,1,Actual Outturn,7,Corporation Tax,51721
2009,3,March,1,Actual Outturn,8,Valued Added Tax,1450698
2009,3,March,1,Actual Outturn,9,Training and Employment Levy,515
2009,3,March,1,Actual Outturn,20,Unallocated Tax Receipts,755
2009,3,March,2,Profile,1,Customs,17000
2009,3,March,2,Profile,2,Excise Duty,306000
2009,3,March,2,Profile,3,Capital Gains Tax,21000
2009,3,March,2,Profile,4,Capital Acquisitions Tax,22000
2009,3,March,2,Profile,5,Stamps,47000
2009,3,March,2,Profile,6,Income Tax,831000
2009,3,March,2,Profile,7,Corporation Tax,52000
2009,3,March,2,Profile,8,Valued Added Tax,1454000
2009,4,April,1,Actual Outturn,1,Customs,14971
2009,4,April,1,Actual Outturn,2,Excise Duty,400967
2009,4,April,1,Actual Outturn,3,Capital Gains Tax,16778
2009,4,April,1,Actual Outturn,4,Capital Acquisitions Tax,24745
2009,4,April,1,Actual Outturn,5,Stamps,44060
2009,4,April,1,Actual Outturn,6,Income Tax,883089
2009,4,April,1,Actual Outturn,7,Corporation Tax,70549
2009,4,April,1,Actual Outturn,8,Valued Added Tax,137253
2009,4,April,1,Actual Outturn,9,Training and Employment Levy,127
2009,4,April,1,Actual Outturn,20,Unallocated Tax Receipts,-4643
2009,4,April,2,Profile,1,Customs,17000
2009,4,April,2,Profile,2,Excise Duty,349520
2009,4,April,2,Profile,3,Capital Gains Tax,20230
2009,4,April,2,Profile,4,Capital Acquisitions Tax,26890
2009,4,April,2,Profile,5,Stamps,49530
2009,4,April,2,Profile,6,Income Tax,862810
2009,4,April,2,Profile,7,Corporation Tax,97860
2009,4,April,2,Profile,8,Valued Added Tax,190080
2009,5,May,1,Actual Outturn,1,Customs,18432
2009,5,May,1,Actual Outturn,2,Excise Duty,427283
2009,5,May,1,Actual Outturn,3,Capital Gains Tax,10460
2009,5,May,1,Actual Outturn,4,Capital Acquisitions Tax,16745
2009,5,May,1,Actual Outturn,5,Stamps,49492
2009,5,May,1,Actual Outturn,6,Income Tax,836860
2009,5,May,1,Actual Outturn,7,Corporation Tax,605920
2009,5,May,1,Actual Outturn,8,Valued Added Tax,1470837
2009,5,May,1,Actual Outturn,9,Training and Employment Levy,44
2009,5,May,1,Actual Outturn,20,Unallocated Tax Receipts,-4958
2009,5,May,2,Profile,1,Customs,20100
2009,5,May,2,Profile,2,Excise Duty,379820
2009,5,May,2,Profile,3,Capital Gains Tax,19830
2009,5,May,2,Profile,4,Capital Acquisitions Tax,25060
2009,5,May,2,Profile,5,Stamps,64470
2009,5,May,2,Profile,6,Income Tax,798640
2009,5,May,2,Profile,7,Corporation Tax,451500
2009,5,May,2,Profile,8,Valued Added Tax,1610180
2009,6,June,1,Actual Outturn,1,Customs,14647
2009,6,June,1,Actual Outturn,2,Excise Duty,387212
2009,6,June,1,Actual Outturn,3,Capital Gains Tax,10181
2009,6,June,1,Actual Outturn,4,Capital Acquisitions Tax,16407
2009,6,June,1,Actual Outturn,5,Stamps,49969
2009,6,June,1,Actual Outturn,6,Income Tax,799634
2009,6,June,1,Actual Outturn,7,Corporation Tax,741069
2009,6,June,1,Actual Outturn,8,Valued Added Tax,263975
2009,6,June,1,Actual Outturn,9,Training and Employment Levy,36
2009,6,June,1,Actual Outturn,20,Unallocated Tax Receipts,-2919
2009,6,June,2,Profile,1,Customs,19000
2009,6,June,2,Profile,2,Excise Duty,405040
2009,6,June,2,Profile,3,Capital Gains Tax,19830
2009,6,June,2,Profile,4,Capital Acquisitions Tax,23810
2009,6,June,2,Profile,5,Stamps,69010
2009,6,June,2,Profile,6,Income Tax,957750
2009,6,June,2,Profile,7,Corporation Tax,750060
2009,6,June,2,Profile,8,Valued Added Tax,259780
2009,7,July,1,Actual Outturn,1,Customs,15494
2009,7,July,1,Actual Outturn,2,Excise Duty,437526
2009,7,July,1,Actual Outturn,3,Capital Gains Tax,1613
2009,7,July,1,Actual Outturn,4,Capital Acquisitions Tax,17412
2009,7,July,1,Actual Outturn,5,Stamps,65862
2009,7,July,1,Actual Outturn,6,Income Tax,922510
2009,7,July,1,Actual Outturn,7,Corporation Tax,4928
2009,7,July,1,Actual Outturn,8,Valued Added Tax,1391949
2009,7,July,1,Actual Outturn,9,Training and Employment Levy,29
2009,7,July,1,Actual Outturn,20,Unallocated Tax Receipts,21920
2009,7,July,2,Profile,1,Customs,20850
2009,7,July,2,Profile,2,Excise Duty,410190
2009,7,July,2,Profile,3,Capital Gains Tax,19560
2009,7,July,2,Profile,4,Capital Acquisitions Tax,23410
2009,7,July,2,Profile,5,Stamps,111870
2009,7,July,2,Profile,6,Income Tax,994010
2009,7,July,2,Profile,7,Corporation Tax,47720
2009,7,July,2,Profile,8,Valued Added Tax,1638340
2009,8,August,1,Actual Outturn,1,Customs,13716
2009,8,August,1,Actual Outturn,2,Excise Duty,390235
2009,8,August,1,Actual Outturn,3,Capital Gains Tax,10500
2009,8,August,1,Actual Outturn,4,Capital Acquisitions Tax,33431
2009,8,August,1,Actual Outturn,5,Stamps,32249
2009,8,August,1,Actual Outturn,6,Income Tax,870934
2009,8,August,1,Actual Outturn,7,Corporation Tax,533049
2009,8,August,1,Actual Outturn,8,Valued Added Tax,241790
2009,8,August,1,Actual Outturn,20,Unallocated Tax Receipts,-23108
2009,8,August,2,Profile,1,Customs,18200
2009,8,August,2,Profile,2,Excise Duty,408620
2009,8,August,2,Profile,3,Capital Gains Tax,19540
2009,8,August,2,Profile,4,Capital Acquisitions Tax,24460
2009,8,August,2,Profile,5,Stamps,89490
2009,8,August,2,Profile,6,Income Tax,949160
2009,8,August,2,Profile,7,Corporation Tax,215680
2009,8,August,2,Profile,8,Valued Added Tax,229640
2009,9,September,1,Actual Outturn,1,Customs,18988
2009,9,September,1,Actual Outturn,2,Excise Duty,343420
2009,9,September,1,Actual Outturn,3,Capital Gains Tax,7962
2009,9,September,1,Actual Outturn,4,Capital Acquisitions Tax,20278
2009,9,September,1,Actual Outturn,5,Stamps,237137
2009,9,September,1,Actual Outturn,6,Income Tax,646174
2009,9,September,1,Actual Outturn,7,Corporation Tax,183235
2009,9,September,1,Actual Outturn,8,Valued Added Tax,1454018
2009,9,September,1,Actual Outturn,9,Training and Employment Levy,92
2009,9,September,1,Actual Outturn,20,Unallocated Tax Receipts,2772
2009,9,September,2,Profile,1,Customs,20050
2009,9,September,2,Profile,2,Excise Duty,415150
2009,9,September,2,Profile,3,Capital Gains Tax,19690
2009,9,September,2,Profile,4,Capital Acquisitions Tax,24950
2009,9,September,2,Profile,5,Stamps,73800
2009,9,September,2,Profile,6,Income Tax,862290
2009,9,September,2,Profile,7,Corporation Tax,365330
2009,9,September,2,Profile,8,Valued Added Tax,1670990
2009,10,October,1,Actual Outturn,1,Customs,19947
2009,10,October,1,Actual Outturn,2,Excise Duty,419607
2009,10,October,1,Actual Outturn,3,Capital Gains Tax,15108
2009,10,October,1,Actual Outturn,4,Capital Acquisitions Tax,23102
2009,10,October,1,Actual Outturn,5,Stamps,49564
2009,10,October,1,Actual Outturn,6,Income Tax,1328187
2009,10,October,1,Actual Outturn,7,Corporation Tax,226064
2009,10,October,1,Actual Outturn,8,Valued Added Tax,294768
2009,10,October,1,Actual Outturn,20,Unallocated Tax Receipts,14166
2009,10,October,2,Profile,1,Customs,22300
2009,10,October,2,Profile,2,Excise Duty,410420
2009,10,October,2,Profile,3,Capital Gains Tax,20400
2009,10,October,2,Profile,4,Capital Acquisitions Tax,24480
2009,10,October,2,Profile,5,Stamps,113660
2009,10,October,2,Profile,6,Income Tax,1474130
2009,10,October,2,Profile,7,Corporation Tax,181120
2009,10,October,2,Profile,8,Valued Added Tax,252990
2009,11,November,1,Actual Outturn,1,Customs,20409
2009,11,November,1,Actual Outturn,2,Excise Duty,367148
2009,11,November,1,Actual Outturn,3,Capital Gains Tax,47004
2009,11,November,1,Actual Outturn,4,Capital Acquisitions Tax,18604
2009,11,November,1,Actual Outturn,5,Stamps,65431
2009,11,November,1,Actual Outturn,6,Income Tax,1817304
2009,11,November,1,Actual Outturn,7,Corporation Tax,923910
2009,11,November,1,Actual Outturn,8,Valued Added Tax,1416167
2009,11,November,1,Actual Outturn,9,Training and Employment Levy,41
2009,11,November,1,Actual Outturn,20,Unallocated Tax Receipts,-12874
2009,11,November,2,Profile,1,Customs,19350
2009,11,November,2,Profile,2,Excise Duty,414780
2009,11,November,2,Profile,3,Capital Gains Tax,20390
2009,11,November,2,Profile,4,Capital Acquisitions Tax,25680
2009,11,November,2,Profile,5,Stamps,85970
2009,11,November,2,Profile,6,Income Tax,1767690
2009,11,November,2,Profile,7,Corporation Tax,1059780
2009,11,November,2,Profile,8,Valued Added Tax,1554460
2009,12,December  ,1,Actual Outturn,1,Customs,17117
2009,12,December  ,1,Actual Outturn,2,Excise Duty,603572
2009,12,December  ,1,Actual Outturn,3,Capital Gains Tax,260255
2009,12,December  ,1,Actual Outturn,4,Capital Acquisitions Tax,19134
2009,12,December  ,1,Actual Outturn,5,Stamps,134928
2009,12,December  ,1,Actual Outturn,6,Income Tax,816229
2009,12,December  ,1,Actual Outturn,7,Corporation Tax,149066
2009,12,December  ,1,Actual Outturn,8,Valued Added Tax,301426
2009,12,December  ,1,Actual Outturn,9,Training and Employment Levy,184
2009,12,December  ,1,Actual Outturn,20,Unallocated Tax Receipts,-18003
2009,12,December  ,2,Profile,1,Customs,18000
2009,12,December  ,2,Profile,2,Excise Duty,515830
2009,12,December  ,2,Profile,3,Capital Gains Tax,303450
2009,12,December  ,2,Profile,4,Capital Acquisitions Tax,32750
2009,12,December  ,2,Profile,5,Stamps,120990
2009,12,December  ,2,Profile,6,Income Tax,880250
2009,12,December  ,2,Profile,7,Corporation Tax,108420
2009,12,December  ,2,Profile,8,Valued Added Tax,302170
2010,1,January,1,Actual Outturn,1,Customs,16411
2010,1,January,1,Actual Outturn,2,Excise Duty,260081
2010,1,January,1,Actual Outturn,3,Capital Gains Tax,27028
2010,1,January,1,Actual Outturn,4,Capital Acquisitions Tax,15558
2010,1,January,1,Actual Outturn,5,Stamps,29561
2010,1,January,1,Actual Outturn,6,Income Tax,1051457
2010,1,January,1,Actual Outturn,7,Corporation Tax,40516
2010,1,January,1,Actual Outturn,8,Valued Added Tax,1616164
2010,1,January,1,Actual Outturn,9,Training and Employment Levy,96
2010,1,January,1,Actual Outturn,20,Unallocated Tax Receipts,17388
2010,1,January,2,Profile,1,Customs,16000
2010,1,January,2,Profile,2,Excise Duty,260000
2010,1,January,2,Profile,3,Capital Gains Tax,27000
2010,1,January,2,Profile,4,Capital Acquisitions Tax,16000
2010,1,January,2,Profile,5,Stamps,30000
2010,1,January,2,Profile,6,Income Tax,1059000
2010,1,January,2,Profile,7,Corporation Tax,41000
2010,1,January,2,Profile,8,Valued Added Tax,1625000
2010,2,February,1,Actual Outturn,1,Customs,14429
2010,2,February,1,Actual Outturn,2,Excise Duty,305998
2010,2,February,1,Actual Outturn,3,Capital Gains Tax,69113
2010,2,February,1,Actual Outturn,4,Capital Acquisitions Tax,17829
2010,2,February,1,Actual Outturn,5,Stamps,72829
2010,2,February,1,Actual Outturn,6,Income Tax,783048
2010,2,February,1,Actual Outturn,7,Corporation Tax,66920
2010,2,February,1,Actual Outturn,8,Valued Added Tax,330492
2010,2,February,1,Actual Outturn,9,Training and Employment Levy,84
2010,2,February,1,Actual Outturn,20,Unallocated Tax Receipts,1098
2010,2,February,2,Profile,1,Customs,17000
2010,2,February,2,Profile,2,Excise Duty,344000
2010,2,February,2,Profile,3,Capital Gains Tax,30000
2010,2,February,2,Profile,4,Capital Acquisitions Tax,21000
2010,2,February,2,Profile,5,Stamps,89000
2010,2,February,2,Profile,6,Income Tax,891000
2010,2,February,2,Profile,7,Corporation Tax,90000
2010,2,February,2,Profile,8,Valued Added Tax,244000
2010,3,March,1,Actual Outturn,1,Customs,14546
2010,3,March,1,Actual Outturn,2,Excise Duty,343198
2010,3,March,1,Actual Outturn,3,Capital Gains Tax,9661
2010,3,March,1,Actual Outturn,4,Capital Acquisitions Tax,22819
2010,3,March,1,Actual Outturn,5,Stamps,39335
2010,3,March,1,Actual Outturn,6,Income Tax,777192
2010,3,March,1,Actual Outturn,7,Corporation Tax,13834
2010,3,March,1,Actual Outturn,8,Valued Added Tax,1269024
2010,3,March,1,Actual Outturn,20,Unallocated Tax Receipts,9844
2010,3,March,2,Profile,1,Customs,17000
2010,3,March,2,Profile,2,Excise Duty,334000
2010,3,March,2,Profile,3,Capital Gains Tax,11000
2010,3,March,2,Profile,4,Capital Acquisitions Tax,20000
2010,3,March,2,Profile,5,Stamps,60000
2010,3,March,2,Profile,6,Income Tax,767000
2010,3,March,2,Profile,7,Corporation Tax,92000
2010,3,March,2,Profile,8,Valued Added Tax,1401000
2010,4,April,1,Actual Outturn,1,Customs,20198
2010,4,April,1,Actual Outturn,2,Excise Duty,421472
2010,4,April,1,Actual Outturn,3,Capital Gains Tax,3674
2010,4,April,1,Actual Outturn,4,Capital Acquisitions Tax,42313
2010,4,April,1,Actual Outturn,5,Stamps,45266
2010,4,April,1,Actual Outturn,6,Income Tax,843748
2010,4,April,1,Actual Outturn,7,Corporation Tax,185568
2010,4,April,1,Actual Outturn,8,Valued Added Tax,204726
2010,4,April,1,Actual Outturn,9,Training and Employment Levy,70
2010,4,April,1,Actual Outturn,20,Unallocated Tax Receipts,2545
2010,4,April,2,Profile,1,Customs,16000
2010,4,April,2,Profile,2,Excise Duty,403000
2010,4,April,2,Profile,3,Capital Gains Tax,8000
2010,4,April,2,Profile,4,Capital Acquisitions Tax,21000
2010,4,April,2,Profile,5,Stamps,56000
2010,4,April,2,Profile,6,Income Tax,825000
2010,4,April,2,Profile,7,Corporation Tax,53000
2010,4,April,2,Profile,8,Valued Added Tax,128000
2010,5,May,1,Actual Outturn,1,Customs,17395
2010,5,May,1,Actual Outturn,2,Excise Duty,373263
2010,5,May,1,Actual Outturn,3,Capital Gains Tax,1418
2010,5,May,1,Actual Outturn,4,Capital Acquisitions Tax,16098
2010,5,May,1,Actual Outturn,5,Stamps,56558
2010,5,May,1,Actual Outturn,6,Income Tax,764201
2010,5,May,1,Actual Outturn,7,Corporation Tax,440934
2010,5,May,1,Actual Outturn,8,Valued Added Tax,1452330
2010,5,May,1,Actual Outturn,9,Training and Employment Levy,63
2010,5,May,1,Actual Outturn,20,Unallocated Tax Receipts,-9909
2010,5,May,2,Profile,1,Customs,16000
2010,5,May,2,Profile,2,Excise Duty,390000
2010,5,May,2,Profile,3,Capital Gains Tax,8000
2010,5,May,2,Profile,4,Capital Acquisitions Tax,20000
2010,5,May,2,Profile,5,Stamps,49000
2010,5,May,2,Profile,6,Income Tax,897000
2010,5,May,2,Profile,7,Corporation Tax,450000
2010,5,May,2,Profile,8,Valued Added Tax,1423000
2010,6,June,1,Actual Outturn,1,Customs,17605
2010,6,June,1,Actual Outturn,2,Excise Duty,381191
2010,6,June,1,Actual Outturn,3,Capital Gains Tax,2772
2010,6,June,1,Actual Outturn,4,Capital Acquisitions Tax,16215
2010,6,June,1,Actual Outturn,5,Stamps,35819
2010,6,June,1,Actual Outturn,6,Income Tax,748739
2010,6,June,1,Actual Outturn,7,Corporation Tax,861750
2010,6,June,1,Actual Outturn,8,Valued Added Tax,249377
2010,6,June,1,Actual Outturn,9,Training and Employment Levy,39
2010,6,June,1,Actual Outturn,20,Unallocated Tax Receipts,789
2010,6,June,2,Profile,1,Customs,15000
2010,6,June,2,Profile,2,Excise Duty,377000
2010,6,June,2,Profile,3,Capital Gains Tax,8000
2010,6,June,2,Profile,4,Capital Acquisitions Tax,21000
2010,6,June,2,Profile,5,Stamps,39000
2010,6,June,2,Profile,6,Income Tax,833000
2010,6,June,2,Profile,7,Corporation Tax,850000
2010,6,June,2,Profile,8,Valued Added Tax,251000
2010,7,July,1,Actual Outturn,1,Customs,20865
2010,7,July,1,Actual Outturn,2,Excise Duty,407144
2010,7,July,1,Actual Outturn,3,Capital Gains Tax,-1241
2010,7,July,1,Actual Outturn,4,Capital Acquisitions Tax,12127
2010,7,July,1,Actual Outturn,5,Stamps,55979
2010,7,July,1,Actual Outturn,6,Income Tax,851047
2010,7,July,1,Actual Outturn,7,Corporation Tax,15922
2010,7,July,1,Actual Outturn,8,Valued Added Tax,1356044
2010,7,July,1,Actual Outturn,9,Training and Employment Levy,39
2010,7,July,1,Actual Outturn,20,Unallocated Tax Receipts,3658
2010,7,July,2,Profile,1,Customs,15000
2010,7,July,2,Profile,2,Excise Duty,392000
2010,7,July,2,Profile,3,Capital Gains Tax,8000
2010,7,July,2,Profile,4,Capital Acquisitions Tax,19000
2010,7,July,2,Profile,5,Stamps,57000
2010,7,July,2,Profile,6,Income Tax,837000
2010,7,July,2,Profile,7,Corporation Tax,21000
2010,7,July,2,Profile,8,Valued Added Tax,1392000
2010,8,August,1,Actual Outturn,1,Customs,21807
2010,8,August,1,Actual Outturn,2,Excise Duty,395451
2010,8,August,1,Actual Outturn,3,Capital Gains Tax,9076
2010,8,August,1,Actual Outturn,4,Capital Acquisitions Tax,9814
2010,8,August,1,Actual Outturn,5,Stamps,57962
2010,8,August,1,Actual Outturn,6,Income Tax,815584
2010,8,August,1,Actual Outturn,7,Corporation Tax,210893
2010,8,August,1,Actual Outturn,8,Valued Added Tax,260744
2010,8,August,1,Actual Outturn,20,Unallocated Tax Receipts,-8689
2010,8,August,2,Profile,1,Customs,16000
2010,8,August,2,Profile,2,Excise Duty,382000
2010,8,August,2,Profile,3,Capital Gains Tax,8000
2010,8,August,2,Profile,4,Capital Acquisitions Tax,21000
2010,8,August,2,Profile,5,Stamps,53000
2010,8,August,2,Profile,6,Income Tax,796000
2010,8,August,2,Profile,7,Corporation Tax,163000
2010,8,August,2,Profile,8,Valued Added Tax,228000
2010,9,September,1,Actual Outturn,1,Customs,24865
2010,9,September,1,Actual Outturn,2,Excise Duty,387803
2010,9,September,1,Actual Outturn,3,Capital Gains Tax,5503
2010,9,September,1,Actual Outturn,4,Capital Acquisitions Tax,11017
2010,9,September,1,Actual Outturn,5,Stamps,314623
2010,9,September,1,Actual Outturn,6,Income Tax,725630
2010,9,September,1,Actual Outturn,7,Corporation Tax,350529
2010,9,September,1,Actual Outturn,8,Valued Added Tax,1422426
2010,9,September,1,Actual Outturn,9,Training and Employment Levy,53
2010,9,September,1,Actual Outturn,20,Unallocated Tax Receipts,4975
2010,9,September,2,Profile,1,Customs,18000
2010,9,September,2,Profile,2,Excise Duty,351000
2010,9,September,2,Profile,3,Capital Gains Tax,7000
2010,9,September,2,Profile,4,Capital Acquisitions Tax,20000
2010,9,September,2,Profile,5,Stamps,331000
2010,9,September,2,Profile,6,Income Tax,793000
2010,9,September,2,Profile,7,Corporation Tax,192000
2010,9,September,2,Profile,8,Valued Added Tax,1436000
2010,10,October,1,Actual Outturn,1,Customs,21399
2010,10,October,1,Actual Outturn,2,Excise Duty,411645
2010,10,October,1,Actual Outturn,3,Capital Gains Tax,6172
2010,10,October,1,Actual Outturn,4,Capital Acquisitions Tax,25505
2010,10,October,1,Actual Outturn,5,Stamps,87120
2010,10,October,1,Actual Outturn,6,Income Tax,1261656
2010,10,October,1,Actual Outturn,7,Corporation Tax,434213
2010,10,October,1,Actual Outturn,8,Valued Added Tax,284847
2010,10,October,1,Actual Outturn,20,Unallocated Tax Receipts,-6438
2010,10,October,2,Profile,1,Customs,20000
2010,10,October,2,Profile,2,Excise Duty,384000
2010,10,October,2,Profile,3,Capital Gains Tax,8000
2010,10,October,2,Profile,4,Capital Acquisitions Tax,21000
2010,10,October,2,Profile,5,Stamps,40000
2010,10,October,2,Profile,6,Income Tax,1293000
2010,10,October,2,Profile,7,Corporation Tax,196000
2010,10,October,2,Profile,8,Valued Added Tax,280000
2010,11,November,1,Actual Outturn,1,Customs,20647
2010,11,November,1,Actual Outturn,2,Excise Duty,404230
2010,11,November,1,Actual Outturn,3,Capital Gains Tax,32268
2010,11,November,1,Actual Outturn,4,Capital Acquisitions Tax,40160
2010,11,November,1,Actual Outturn,5,Stamps,59980
2010,11,November,1,Actual Outturn,6,Income Tax,1750736
2010,11,November,1,Actual Outturn,7,Corporation Tax,1046830
2010,11,November,1,Actual Outturn,8,Valued Added Tax,1434612
2010,11,November,1,Actual Outturn,9,Training and Employment Levy,38
2010,11,November,1,Actual Outturn,20,Unallocated Tax Receipts,305
2010,11,November,2,Profile,1,Customs,18000
2010,11,November,2,Profile,2,Excise Duty,377000
2010,11,November,2,Profile,3,Capital Gains Tax,30000
2010,11,November,2,Profile,4,Capital Acquisitions Tax,19000
2010,11,November,2,Profile,5,Stamps,50000
2010,11,November,2,Profile,6,Income Tax,1738000
2010,11,November,2,Profile,7,Corporation Tax,931000
2010,11,November,2,Profile,8,Valued Added Tax,1399000
2010,12,December  ,1,Actual Outturn,1,Customs,18354
2010,12,December  ,1,Actual Outturn,2,Excise Duty,586493
2010,12,December  ,1,Actual Outturn,3,Capital Gains Tax,181267
2010,12,December  ,1,Actual Outturn,4,Capital Acquisitions Tax,8314
2010,12,December  ,1,Actual Outturn,5,Stamps,105059
2010,12,December  ,1,Actual Outturn,6,Income Tax,903054
2010,12,December  ,1,Actual Outturn,7,Corporation Tax,255728
2010,12,December  ,1,Actual Outturn,8,Valued Added Tax,220498
2010,12,December  ,1,Actual Outturn,9,Training and Employment Levy,114
2010,12,December  ,1,Actual Outturn,20,Unallocated Tax Receipts,-15567
2010,12,December  ,2,Profile,1,Customs,16000
2010,12,December  ,2,Profile,2,Excise Duty,521000
2010,12,December  ,2,Profile,3,Capital Gains Tax,187000
2010,12,December  ,2,Profile,4,Capital Acquisitions Tax,21000
2010,12,December  ,2,Profile,5,Stamps,121000
2010,12,December  ,2,Profile,6,Income Tax,801000
2010,12,December  ,2,Profile,7,Corporation Tax,81000
2010,12,December  ,2,Profile,8,Valued Added Tax,283000
2011,1,January,1,Actual Outturn,1,Customs,20829
2011,1,January,1,Actual Outturn,2,Excise Duty,281411
2011,1,January,1,Actual Outturn,3,Capital Gains Tax,18168
2011,1,January,1,Actual Outturn,4,Capital Acquisitions Tax,6709
2011,1,January,1,Actual Outturn,5,Stamps,41182
2011,1,January,1,Actual Outturn,6,Income Tax,986650
2011,1,January,1,Actual Outturn,7,Corporation Tax,72009
2011,1,January,1,Actual Outturn,8,Valued Added Tax,1674183
2011,1,January,1,Actual Outturn,9,Training and Employment Levy,45
2011,1,January,1,Actual Outturn,20,Unallocated Tax Receipts,30268
2011,1,January,2,Profile,1,Customs,21000
2011,1,January,2,Profile,2,Excise Duty,281000
2011,1,January,2,Profile,3,Capital Gains Tax,18000
2011,1,January,2,Profile,4,Capital Acquisitions Tax,7000
2011,1,January,2,Profile,5,Stamps,41000
2011,1,January,2,Profile,6,Income Tax,1002000
2011,1,January,2,Profile,7,Corporation Tax,72000
2011,1,January,2,Profile,8,Valued Added Tax,1689000
2011,2,February,1,Actual Outturn,1,Customs,20981
2011,2,February,1,Actual Outturn,2,Excise Duty,357651
2011,2,February,1,Actual Outturn,3,Capital Gains Tax,43912
2011,2,February,1,Actual Outturn,4,Capital Acquisitions Tax,9264
2011,2,February,1,Actual Outturn,5,Stamps,47105
2011,2,February,1,Actual Outturn,6,Income Tax,980791
2011,2,February,1,Actual Outturn,7,Corporation Tax,33935
2011,2,February,1,Actual Outturn,8,Valued Added Tax,225452
2011,2,February,1,Actual Outturn,9,Training and Employment Levy,63
2011,2,February,1,Actual Outturn,20,Unallocated Tax Receipts,-10783
2011,2,February,2,Profile,1,Customs,15000
2011,2,February,2,Profile,2,Excise Duty,315000
2011,2,February,2,Profile,3,Capital Gains Tax,50000
2011,2,February,2,Profile,4,Capital Acquisitions Tax,5000
2011,2,February,2,Profile,5,Stamps,55000
2011,2,February,2,Profile,6,Income Tax,1010000
2011,2,February,2,Profile,7,Corporation Tax,57000
2011,2,February,2,Profile,8,Valued Added Tax,330000
2011,3,March,1,Actual Outturn,1,Customs,21058
2011,3,March,1,Actual Outturn,2,Excise Duty,367434
2011,3,March,1,Actual Outturn,3,Capital Gains Tax,9159
2011,3,March,1,Actual Outturn,4,Capital Acquisitions Tax,9509
2011,3,March,1,Actual Outturn,5,Stamps,35593
2011,3,March,1,Actual Outturn,6,Income Tax,900047
2011,3,March,1,Actual Outturn,7,Corporation Tax,111012
2011,3,March,1,Actual Outturn,8,Valued Added Tax,1210161
2011,3,March,1,Actual Outturn,9,Training and Employment Levy,20
2011,3,March,1,Actual Outturn,20,Unallocated Tax Receipts,1899
2011,3,March,2,Profile,1,Customs,15000
2011,3,March,2,Profile,2,Excise Duty,350000
2011,3,March,2,Profile,3,Capital Gains Tax,5000
2011,3,March,2,Profile,4,Capital Acquisitions Tax,5000
2011,3,March,2,Profile,5,Stamps,39000
2011,3,March,2,Profile,6,Income Tax,980000
2011,3,March,2,Profile,7,Corporation Tax,10000
2011,3,March,2,Profile,8,Valued Added Tax,1270000
2011,4,April,1,Actual Outturn,1,Customs,18246
2011,4,April,1,Actual Outturn,2,Excise Duty,405434
2011,4,April,1,Actual Outturn,3,Capital Gains Tax,4897
2011,4,April,1,Actual Outturn,4,Capital Acquisitions Tax,4980
2011,4,April,1,Actual Outturn,5,Stamps,50347
2011,4,April,1,Actual Outturn,6,Income Tax,1264168
2011,4,April,1,Actual Outturn,7,Corporation Tax,72096
2011,4,April,1,Actual Outturn,8,Valued Added Tax,277011
2011,4,April,1,Actual Outturn,9,Training and Employment Levy,7
2011,4,April,1,Actual Outturn,20,Unallocated Tax Receipts,8201
2011,4,April,2,Profile,1,Customs,20000
2011,4,April,2,Profile,2,Excise Duty,420000
2011,4,April,2,Profile,3,Capital Gains Tax,5000
2011,4,April,2,Profile,4,Capital Acquisitions Tax,6000
2011,4,April,2,Profile,5,Stamps,45000
2011,4,April,2,Profile,6,Income Tax,1080000
2011,4,April,2,Profile,7,Corporation Tax,80000
2011,4,April,2,Profile,8,Valued Added Tax,205000
2011,5,May,1,Actual Outturn,1,Customs,17162
2011,5,May,1,Actual Outturn,2,Excise Duty,378711
2011,5,May,1,Actual Outturn,3,Capital Gains Tax,7099
2011,5,May,1,Actual Outturn,4,Capital Acquisitions Tax,8954
2011,5,May,1,Actual Outturn,5,Stamps,60833
2011,5,May,1,Actual Outturn,6,Income Tax,929317
2011,5,May,1,Actual Outturn,7,Corporation Tax,310299
2011,5,May,1,Actual Outturn,8,Valued Added Tax,1480225
2011,5,May,1,Actual Outturn,20,Unallocated Tax Receipts,-8885
2011,5,May,2,Profile,1,Customs,17000
2011,5,May,2,Profile,2,Excise Duty,375000
2011,5,May,2,Profile,3,Capital Gains Tax,5000
2011,5,May,2,Profile,4,Capital Acquisitions Tax,5000
2011,5,May,2,Profile,5,Stamps,55000
2011,5,May,2,Profile,6,Income Tax,990000
2011,5,May,2,Profile,7,Corporation Tax,450000
2011,5,May,2,Profile,8,Valued Added Tax,1465000
2011,6,June,1,Actual Outturn,1,Customs,18726
2011,6,June,1,Actual Outturn,2,Excise Duty,409000
2011,6,June,1,Actual Outturn,3,Capital Gains Tax,6692
2011,6,June,1,Actual Outturn,4,Capital Acquisitions Tax,8966
2011,6,June,1,Actual Outturn,5,Stamps,30004
2011,6,June,1,Actual Outturn,6,Income Tax,977343
2011,6,June,1,Actual Outturn,7,Corporation Tax,824253
2011,6,June,1,Actual Outturn,8,Valued Added Tax,207603
2011,6,June,1,Actual Outturn,9,Training and Employment Levy,36
2011,6,June,1,Actual Outturn,20,Unallocated Tax Receipts,1819
2011,6,June,2,Profile,1,Customs,18000
2011,6,June,2,Profile,2,Excise Duty,380000
2011,6,June,2,Profile,3,Capital Gains Tax,5000
2011,6,June,2,Profile,4,Capital Acquisitions Tax,5000
2011,6,June,2,Profile,5,Stamps,35000
2011,6,June,2,Profile,6,Income Tax,965000
2011,6,June,2,Profile,7,Corporation Tax,871000
2011,6,June,2,Profile,8,Valued Added Tax,250000
2011,7,July,1,Actual Outturn,1,Customs,15634
2011,7,July,1,Actual Outturn,2,Excise Duty,392910
2011,7,July,1,Actual Outturn,3,Capital Gains Tax,2494
2011,7,July,1,Actual Outturn,4,Capital Acquisitions Tax,10384
2011,7,July,1,Actual Outturn,5,Stamps,150372
2011,7,July,1,Actual Outturn,6,Income Tax,1238335
2011,7,July,1,Actual Outturn,7,Corporation Tax,224084
2011,7,July,1,Actual Outturn,8,Valued Added Tax,1324247
2011,7,July,1,Actual Outturn,9,Training and Employment Levy,50
2011,7,July,1,Actual Outturn,20,Unallocated Tax Receipts,-4721
2011,7,July,2,Profile,1,Customs,21000
2011,7,July,2,Profile,2,Excise Duty,405000
2011,7,July,2,Profile,3,Capital Gains Tax,5000
2011,7,July,2,Profile,4,Capital Acquisitions Tax,5000
2011,7,July,2,Profile,5,Stamps,55000
2011,7,July,2,Profile,6,Income Tax,1090000
2011,7,July,2,Profile,7,Corporation Tax,15000
2011,7,July,2,Profile,8,Valued Added Tax,1380000
2011,8,August,1,Actual Outturn,1,Customs,18228
2011,8,August,1,Actual Outturn,2,Excise Duty,390858
2011,8,August,1,Actual Outturn,3,Capital Gains Tax,3256
2011,8,August,1,Actual Outturn,4,Capital Acquisitions Tax,11809
2011,8,August,1,Actual Outturn,5,Stamps,92277
2011,8,August,1,Actual Outturn,6,Income Tax,1011583
2011,8,August,1,Actual Outturn,7,Corporation Tax,114324
2011,8,August,1,Actual Outturn,8,Valued Added Tax,221461
2011,8,August,1,Actual Outturn,20,Unallocated Tax Receipts,5183
2011,8,August,2,Profile,1,Customs,21000
2011,8,August,2,Profile,2,Excise Duty,395000
2011,8,August,2,Profile,3,Capital Gains Tax,12000
2011,8,August,2,Profile,4,Capital Acquisitions Tax,5000
2011,8,August,2,Profile,5,Stamps,55000
2011,8,August,2,Profile,6,Income Tax,1040000
2011,8,August,2,Profile,7,Corporation Tax,140000
2011,8,August,2,Profile,8,Valued Added Tax,260000
2011,9,September,1,Actual Outturn,1,Customs,22780
2011,9,September,1,Actual Outturn,2,Excise Duty,245650
2011,9,September,1,Actual Outturn,3,Capital Gains Tax,7209
2011,9,September,1,Actual Outturn,4,Capital Acquisitions Tax,68145
2011,9,September,1,Actual Outturn,5,Stamps,616218
2011,9,September,1,Actual Outturn,6,Income Tax,965909
2011,9,September,1,Actual Outturn,7,Corporation Tax,292293
2011,9,September,1,Actual Outturn,8,Valued Added Tax,1374103
2011,9,September,1,Actual Outturn,9,Training and Employment Levy,39
2011,9,September,1,Actual Outturn,20,Unallocated Tax Receipts,3664
2011,9,September,2,Profile,1,Customs,25000
2011,9,September,2,Profile,2,Excise Duty,385000
2011,9,September,2,Profile,3,Capital Gains Tax,10000
2011,9,September,2,Profile,4,Capital Acquisitions Tax,75000
2011,9,September,2,Profile,5,Stamps,360000
2011,9,September,2,Profile,6,Income Tax,950000
2011,9,September,2,Profile,7,Corporation Tax,390000
2011,9,September,2,Profile,8,Valued Added Tax,1445000
2011,10,October,1,Actual Outturn,1,Customs,24508
2011,10,October,1,Actual Outturn,2,Excise Duty,503411
2011,10,October,1,Actual Outturn,3,Capital Gains Tax,11456
2011,10,October,1,Actual Outturn,4,Capital Acquisitions Tax,82146
2011,10,October,1,Actual Outturn,5,Stamps,85699
2011,10,October,1,Actual Outturn,6,Income Tax,1251893
2011,10,October,1,Actual Outturn,7,Corporation Tax,422131
2011,10,October,1,Actual Outturn,8,Valued Added Tax,201675
2011,10,October,1,Actual Outturn,9,Training and Employment Levy,15
2011,10,October,1,Actual Outturn,20,Unallocated Tax Receipts,-6722
2011,10,October,2,Profile,1,Customs,22000
2011,10,October,2,Profile,2,Excise Duty,409000
2011,10,October,2,Profile,3,Capital Gains Tax,10000
2011,10,October,2,Profile,4,Capital Acquisitions Tax,115000
2011,10,October,2,Profile,5,Stamps,55000
2011,10,October,2,Profile,6,Income Tax,1524000
2011,10,October,2,Profile,7,Corporation Tax,500000
2011,10,October,2,Profile,8,Valued Added Tax,285000
2011,11,November,1,Actual Outturn,1,Customs,22146
2011,11,November,1,Actual Outturn,2,Excise Duty,397567
2011,11,November,1,Actual Outturn,3,Capital Gains Tax,20310
2011,11,November,1,Actual Outturn,4,Capital Acquisitions Tax,12262
2011,11,November,1,Actual Outturn,5,Stamps,86910
2011,11,November,1,Actual Outturn,6,Income Tax,2202734
2011,11,November,1,Actual Outturn,7,Corporation Tax,1033064
2011,11,November,1,Actual Outturn,8,Valued Added Tax,1353954
2011,11,November,1,Actual Outturn,9,Training and Employment Levy,11
2011,11,November,1,Actual Outturn,20,Unallocated Tax Receipts,10486
2011,11,November,2,Profile,1,Customs,21000
2011,11,November,2,Profile,2,Excise Duty,400000
2011,11,November,2,Profile,3,Capital Gains Tax,40000
2011,11,November,2,Profile,4,Capital Acquisitions Tax,10000
2011,11,November,2,Profile,5,Stamps,60000
2011,11,November,2,Profile,6,Income Tax,2350000
2011,11,November,2,Profile,7,Corporation Tax,1160000
2011,11,November,2,Profile,8,Valued Added Tax,1435000
2011,12,December  ,1,Actual Outturn,1,Customs,19960
2011,12,December  ,1,Actual Outturn,2,Excise Duty,547563
2011,12,December  ,1,Actual Outturn,3,Capital Gains Tax,281322
2011,12,December  ,1,Actual Outturn,4,Capital Acquisitions Tax,10379
2011,12,December  ,1,Actual Outturn,5,Stamps,94749
2011,12,December  ,1,Actual Outturn,6,Income Tax,1088762
2011,12,December  ,1,Actual Outturn,7,Corporation Tax,10693
2011,12,December  ,1,Actual Outturn,8,Valued Added Tax,190450
2011,12,December  ,1,Actual Outturn,9,Training and Employment Levy,65
2011,12,December  ,1,Actual Outturn,20,Unallocated Tax Receipts,-30409
2011,12,December  ,2,Profile,1,Customs,19000
2011,12,December  ,2,Profile,2,Excise Duty,560000
2011,12,December  ,2,Profile,3,Capital Gains Tax,245000
2011,12,December  ,2,Profile,4,Capital Acquisitions Tax,7000
2011,12,December  ,2,Profile,5,Stamps,100000
2011,12,December  ,2,Profile,6,Income Tax,1144000
2011,12,December  ,2,Profile,7,Corporation Tax,275000
2011,12,December  ,2,Profile,8,Valued Added Tax,216000
2012,1,January,1,Actual Outturn,1,Customs,15754
2012,1,January,1,Actual Outturn,2,Excise Duty,288891
2012,1,January,1,Actual Outturn,3,Capital Gains Tax,29821
2012,1,January,1,Actual Outturn,4,Capital Acquisitions Tax,6373
2012,1,January,1,Actual Outturn,5,Stamps,46642
2012,1,January,1,Actual Outturn,6,Income Tax,1260408
2012,1,January,1,Actual Outturn,7,Corporation Tax,270968
2012,1,January,1,Actual Outturn,8,Valued Added Tax,1724848
2012,1,January,1,Actual Outturn,9,Training and Employment Levy,0
2012,1,January,1,Actual Outturn,20,Unallocated Tax Receipts,21052
2012,1,January,2,Profile,1,Customs,15754
2012,1,January,2,Profile,2,Excise Duty,288891
2012,1,January,2,Profile,3,Capital Gains Tax,29821
2012,1,January,2,Profile,4,Capital Acquisitions Tax,6373
2012,1,January,2,Profile,5,Stamps,46642
2012,1,January,2,Profile,6,Income Tax,1270908
2012,1,January,2,Profile,7,Corporation Tax,270968
2012,1,January,2,Profile,8,Valued Added Tax,1735348
2012,2,February,1,Actual Outturn,1,Customs,18833
2012,2,February,1,Actual Outturn,2,Excise Duty,350867
2012,2,February,1,Actual Outturn,3,Capital Gains Tax,118939
2012,2,February,1,Actual Outturn,4,Capital Acquisitions Tax,8297
2012,2,February,1,Actual Outturn,5,Stamps,42790
2012,2,February,1,Actual Outturn,6,Income Tax,1349844
2012,2,February,1,Actual Outturn,7,Corporation Tax,127164
2012,2,February,1,Actual Outturn,8,Valued Added Tax,203968
2012,2,February,1,Actual Outturn,9,Training and Employment Levy,5
2012,2,February,1,Actual Outturn,20,Unallocated Tax Receipts,7225
2012,2,February,2,Profile,1,Customs,19000
2012,2,February,2,Profile,2,Excise Duty,365000
2012,2,February,2,Profile,3,Capital Gains Tax,115000
2012,2,February,2,Profile,4,Capital Acquisitions Tax,9000
2012,2,February,2,Profile,5,Stamps,40000
2012,2,February,2,Profile,6,Income Tax,1251000
2012,2,February,2,Profile,7,Corporation Tax,5000
2012,2,February,2,Profile,8,Valued Added Tax,220000
2012,3,March,1,Actual Outturn,1,Customs,19861
2012,3,March,1,Actual Outturn,2,Excise Duty,342413
2012,3,March,1,Actual Outturn,3,Capital Gains Tax,6700
2012,3,March,1,Actual Outturn,4,Capital Acquisitions Tax,7057
2012,3,March,1,Actual Outturn,5,Stamps,26734
2012,3,March,1,Actual Outturn,6,Income Tax,996004
2012,3,March,1,Actual Outturn,7,Corporation Tax,70507
2012,3,March,1,Actual Outturn,8,Valued Added Tax,1362563
2012,3,March,1,Actual Outturn,9,Training and Employment Levy,53
2012,3,March,1,Actual Outturn,20,Unallocated Tax Receipts,-2917
2012,3,March,2,Profile,1,Customs,20000
2012,3,March,2,Profile,2,Excise Duty,370000
2012,3,March,2,Profile,3,Capital Gains Tax,5000
2012,3,March,2,Profile,4,Capital Acquisitions Tax,9000
2012,3,March,2,Profile,5,Stamps,33000
2012,3,March,2,Profile,6,Income Tax,971000
2012,3,March,2,Profile,7,Corporation Tax,40000
2012,3,March,2,Profile,8,Valued Added Tax,1235000
2012,4,April,1,Actual Outturn,1,Customs,17265
2012,4,April,1,Actual Outturn,2,Excise Duty,416139
2012,4,April,1,Actual Outturn,3,Capital Gains Tax,6987
2012,4,April,1,Actual Outturn,4,Capital Acquisitions Tax,6590
2012,4,April,1,Actual Outturn,5,Stamps,24899
2012,4,April,1,Actual Outturn,6,Income Tax,1374857
2012,4,April,1,Actual Outturn,7,Corporation Tax,41962
2012,4,April,1,Actual Outturn,8,Valued Added Tax,190683
2012,4,April,1,Actual Outturn,9,Training and Employment Levy,35
2012,4,April,1,Actual Outturn,20,Unallocated Tax Receipts,-1331
2012,4,April,2,Profile,1,Customs,18606
2012,4,April,2,Profile,2,Excise Duty,410000
2012,4,April,2,Profile,3,Capital Gains Tax,4179
2012,4,April,2,Profile,4,Capital Acquisitions Tax,8000
2012,4,April,2,Profile,5,Stamps,35000
2012,4,April,2,Profile,6,Income Tax,1328000
2012,4,April,2,Profile,7,Corporation Tax,10000
2012,4,April,2,Profile,8,Valued Added Tax,245000
2012,5,May,1,Actual Outturn,1,Customs,18889
2012,5,May,1,Actual Outturn,2,Excise Duty,383766
2012,5,May,1,Actual Outturn,3,Capital Gains Tax,4343
2012,5,May,1,Actual Outturn,4,Capital Acquisitions Tax,11418
2012,5,May,1,Actual Outturn,5,Stamps,53295
2012,5,May,1,Actual Outturn,6,Income Tax,1016564
2012,5,May,1,Actual Outturn,7,Corporation Tax,591695
2012,5,May,1,Actual Outturn,8,Valued Added Tax,1496593
2012,5,May,1,Actual Outturn,9,Training and Employment Levy,0
2012,5,May,1,Actual Outturn,20,Unallocated Tax Receipts,19572
2012,5,May,2,Profile,1,Customs,19000
2012,5,May,2,Profile,2,Excise Duty,385000
2012,5,May,2,Profile,3,Capital Gains Tax,5000
2012,5,May,2,Profile,4,Capital Acquisitions Tax,11000
2012,5,May,2,Profile,5,Stamps,45000
2012,5,May,2,Profile,6,Income Tax,995000
2012,5,May,2,Profile,7,Corporation Tax,610000
2012,5,May,2,Profile,8,Valued Added Tax,1510000
2012,6,June,1,Actual Outturn,1,Customs,18438
2012,6,June,1,Actual Outturn,2,Excise Duty,427077
2012,6,June,1,Actual Outturn,3,Capital Gains Tax,4730
2012,6,June,1,Actual Outturn,4,Capital Acquisitions Tax,7264
2012,6,June,1,Actual Outturn,5,Stamps,28010
2012,6,June,1,Actual Outturn,6,Income Tax,1063404
2012,6,June,1,Actual Outturn,7,Corporation Tax,877697
2012,6,June,1,Actual Outturn,8,Valued Added Tax,209908
2012,6,June,1,Actual Outturn,9,Training and Employment Levy,14
2012,6,June,1,Actual Outturn,20,Unallocated Tax Receipts,-18014
2012,6,June,2,Profile,1,Customs,20000
2012,6,June,2,Profile,2,Excise Duty,425000
2012,6,June,2,Profile,3,Capital Gains Tax,2000
2012,6,June,2,Profile,4,Capital Acquisitions Tax,10000
2012,6,June,2,Profile,5,Stamps,25000
2012,6,June,2,Profile,6,Income Tax,1030000
2012,6,June,2,Profile,7,Corporation Tax,770000
2012,6,June,2,Profile,8,Valued Added Tax,215000
2012,7,July,1,Actual Outturn,1,Customs,17693
2012,7,July,1,Actual Outturn,2,Excise Duty,404354
2012,7,July,1,Actual Outturn,3,Capital Gains Tax,4354
2012,7,July,1,Actual Outturn,4,Capital Acquisitions Tax,7905
2012,7,July,1,Actual Outturn,5,Stamps,106407
2012,7,July,1,Actual Outturn,6,Income Tax,1266396
2012,7,July,1,Actual Outturn,7,Corporation Tax,73857
2012,7,July,1,Actual Outturn,8,Valued Added Tax,1413479
2012,7,July,1,Actual Outturn,9,Training and Employment Levy,21
2012,7,July,1,Actual Outturn,20,Unallocated Tax Receipts,3781
2012,7,July,2,Profile,1,Customs,19000
2012,7,July,2,Profile,2,Excise Duty,410000
2012,7,July,2,Profile,3,Capital Gains Tax,3000
2012,7,July,2,Profile,4,Capital Acquisitions Tax,12000
2012,7,July,2,Profile,5,Stamps,150000
2012,7,July,2,Profile,6,Income Tax,1322000
2012,7,July,2,Profile,7,Corporation Tax,35000
2012,7,July,2,Profile,8,Valued Added Tax,1355000
2012,8,August,1,Actual Outturn,1,Customs,22407
2012,8,August,1,Actual Outturn,2,Excise Duty,324112
2012,8,August,1,Actual Outturn,3,Capital Gains Tax,3533
2012,8,August,1,Actual Outturn,4,Capital Acquisitions Tax,13679
2012,8,August,1,Actual Outturn,5,Stamps,66153
2012,8,August,1,Actual Outturn,6,Income Tax,1028261
2012,8,August,1,Actual Outturn,7,Corporation Tax,77224
2012,8,August,1,Actual Outturn,8,Valued Added Tax,224884
2012,8,August,1,Actual Outturn,9,Training and Employment Levy,9
2012,8,August,1,Actual Outturn,20,Unallocated Tax Receipts,2839
2012,8,August,2,Profile,1,Customs,21000
2012,8,August,2,Profile,2,Excise Duty,400000
2012,8,August,2,Profile,3,Capital Gains Tax,2779
2012,8,August,2,Profile,4,Capital Acquisitions Tax,13000
2012,8,August,2,Profile,5,Stamps,65000
2012,8,August,2,Profile,6,Income Tax,1086000
2012,8,August,2,Profile,7,Corporation Tax,80000
2012,8,August,2,Profile,8,Valued Added Tax,230000
2012,9,September,1,Actual Outturn,1,Customs,22854
2012,9,September,1,Actual Outturn,2,Excise Duty,351445
2012,9,September,1,Actual Outturn,3,Capital Gains Tax,3211
2012,9,September,1,Actual Outturn,4,Capital Acquisitions Tax,19965
2012,9,September,1,Actual Outturn,5,Stamps,845879
2012,9,September,1,Actual Outturn,6,Income Tax,1050982
2012,9,September,1,Actual Outturn,7,Corporation Tax,325558
2012,9,September,1,Actual Outturn,8,Valued Added Tax,1431860
2012,9,September,1,Actual Outturn,9,Training and Employment Levy,60
2012,9,September,1,Actual Outturn,20,Unallocated Tax Receipts,-9683
2012,9,September,2,Profile,1,Customs,24000
2012,9,September,2,Profile,2,Excise Duty,370000
2012,9,September,2,Profile,3,Capital Gains Tax,6152
2012,9,September,2,Profile,4,Capital Acquisitions Tax,15000
2012,9,September,2,Profile,5,Stamps,750000
2012,9,September,2,Profile,6,Income Tax,1052000
2012,9,September,2,Profile,7,Corporation Tax,385000
2012,9,September,2,Profile,8,Valued Added Tax,1420000
2012,10,October,1,Actual Outturn,1,Customs,24161
2012,10,October,1,Actual Outturn,2,Excise Duty,383466
2012,10,October,1,Actual Outturn,3,Capital Gains Tax,9434
2012,10,October,1,Actual Outturn,4,Capital Acquisitions Tax,58487
2012,10,October,1,Actual Outturn,5,Stamps,44226
2012,10,October,1,Actual Outturn,6,Income Tax,1284621
2012,10,October,1,Actual Outturn,7,Corporation Tax,209894
2012,10,October,1,Actual Outturn,8,Valued Added Tax,222954
2012,10,October,1,Actual Outturn,9,Training and Employment Levy,4
2012,10,October,1,Actual Outturn,20,Unallocated Tax Receipts,-944
2012,10,October,2,Profile,1,Customs,24000
2012,10,October,2,Profile,2,Excise Duty,405000
2012,10,October,2,Profile,3,Capital Gains Tax,9777
2012,10,October,2,Profile,4,Capital Acquisitions Tax,85000
2012,10,October,2,Profile,5,Stamps,40000
2012,10,October,2,Profile,6,Income Tax,1316000
2012,10,October,2,Profile,7,Corporation Tax,435000
2012,10,October,2,Profile,8,Valued Added Tax,210000
2012,11,November,1,Actual Outturn,1,Customs,25076
2012,11,November,1,Actual Outturn,2,Excise Duty,391959
2012,11,November,1,Actual Outturn,3,Capital Gains Tax,22170
2012,11,November,1,Actual Outturn,4,Capital Acquisitions Tax,113527
2012,11,November,1,Actual Outturn,5,Stamps,50609
2012,11,November,1,Actual Outturn,6,Income Tax,2180959
2012,11,November,1,Actual Outturn,7,Corporation Tax,1143594
2012,11,November,1,Actual Outturn,8,Valued Added Tax,1484078
2012,11,November,1,Actual Outturn,9,Training and Employment Levy,111
2012,11,November,1,Actual Outturn,20,Unallocated Tax Receipts,7725
2012,11,November,2,Profile,1,Customs,23000
2012,11,November,2,Profile,2,Excise Duty,415000
2012,11,November,2,Profile,3,Capital Gains Tax,17333
2012,11,November,2,Profile,4,Capital Acquisitions Tax,105000
2012,11,November,2,Profile,5,Stamps,45000
2012,11,November,2,Profile,6,Income Tax,2481000
2012,11,November,2,Profile,7,Corporation Tax,1190000
2012,11,November,2,Profile,8,Valued Added Tax,1410000
2012,12,December  ,1,Actual Outturn,1,Customs,29153
2012,12,December  ,1,Actual Outturn,2,Excise Duty,642529
2012,12,December  ,1,Actual Outturn,3,Capital Gains Tax,200268
2012,12,December  ,1,Actual Outturn,4,Capital Acquisitions Tax,22366
2012,12,December  ,1,Actual Outturn,5,Stamps,93096
2012,12,December  ,1,Actual Outturn,6,Income Tax,1303519
2012,12,December  ,1,Actual Outturn,7,Corporation Tax,405551
2012,12,December  ,1,Actual Outturn,8,Valued Added Tax,204952
2012,12,December  ,1,Actual Outturn,9,Training and Employment Levy,0
2012,12,December  ,1,Actual Outturn,20,Unallocated Tax Receipts,-29305
2012,12,December  ,2,Profile,1,Customs,22000
2012,12,December  ,2,Profile,2,Excise Duty,571000
2012,12,December  ,2,Profile,3,Capital Gains Tax,155000
2012,12,December  ,2,Profile,4,Capital Acquisitions Tax,12000
2012,12,December  ,2,Profile,5,Stamps,75000
2012,12,December  ,2,Profile,6,Income Tax,1197000
2012,12,December  ,2,Profile,7,Corporation Tax,190000
2012,12,December  ,2,Profile,8,Valued Added Tax,210000
2013,1,January,1,Actual Outturn,1,Customs,9000
2013,1,January,1,Actual Outturn,2,Excise Duty,318732
2013,1,January,1,Actual Outturn,3,Capital Gains Tax,17036
2013,1,January,1,Actual Outturn,4,Capital Acquisitions Tax,5521
2013,1,January,1,Actual Outturn,5,Stamps,233095
2013,1,January,1,Actual Outturn,6,Income Tax,1386968
2013,1,January,1,Actual Outturn,7,Corporation Tax,18634
2013,1,January,1,Actual Outturn,8,Valued Added Tax,1740838
2013,1,January,1,Actual Outturn,9,Training and Employment Levy,31
2013,1,January,1,Actual Outturn,20,Unallocated Tax Receipts,43835
2013,1,January,2,Profile,1,Customs,9000
2013,1,January,2,Profile,2,Excise Duty,319000
2013,1,January,2,Profile,3,Capital Gains Tax,17000
2013,1,January,2,Profile,4,Capital Acquisitions Tax,6000
2013,1,January,2,Profile,5,Stamps,233000
2013,1,January,2,Profile,6,Income Tax,1409000
2013,1,January,2,Profile,7,Corporation Tax,19000
2013,1,January,2,Profile,8,Valued Added Tax,1763000
2013,1,January,2,Profile,10,Local Property Tax,0
2013,2,February,1,Actual Outturn,1,Customs,20187
2013,2,February,1,Actual Outturn,2,Excise Duty,331047
2013,2,February,1,Actual Outturn,3,Capital Gains Tax,46704
2013,2,February,1,Actual Outturn,4,Capital Acquisitions Tax,8436
2013,2,February,1,Actual Outturn,5,Stamps,40186
2013,2,February,1,Actual Outturn,6,Income Tax,1227182
2013,2,February,1,Actual Outturn,7,Corporation Tax,138429
2013,2,February,1,Actual Outturn,8,Valued Added Tax,237227
2013,2,February,1,Actual Outturn,9,Training and Employment Levy,61
2013,2,February,1,Actual Outturn,20,Unallocated Tax Receipts,-7923
2013,2,February,2,Profile,1,Customs,20000
2013,2,February,2,Profile,2,Excise Duty,331000
2013,2,February,2,Profile,3,Capital Gains Tax,47000
2013,2,February,2,Profile,4,Capital Acquisitions Tax,8000
2013,2,February,2,Profile,5,Stamps,40000
2013,2,February,2,Profile,6,Income Tax,1223000
2013,2,February,2,Profile,7,Corporation Tax,138000
2013,2,February,2,Profile,8,Valued Added Tax,233000
2013,2,February,2,Profile,10,Local Property Tax,0
2013,3,March,1,Actual Outturn,1,Customs,19688
2013,3,March,1,Actual Outturn,2,Excise Duty,340517
2013,3,March,1,Actual Outturn,3,Capital Gains Tax,5835
2013,3,March,1,Actual Outturn,4,Capital Acquisitions Tax,7417
2013,3,March,1,Actual Outturn,5,Stamps,32844
2013,3,March,1,Actual Outturn,6,Income Tax,1051993
2013,3,March,1,Actual Outturn,7,Corporation Tax,237355
2013,3,March,1,Actual Outturn,8,Valued Added Tax,1321132
2013,3,March,1,Actual Outturn,9,Training and Employment Levy,16
2013,3,March,1,Actual Outturn,10,Local Property Tax,1316
2013,3,March,1,Actual Outturn,20,Unallocated Tax Receipts,-16940
2013,3,March,2,Profile,1,Customs,20000
2013,3,March,2,Profile,2,Excise Duty,375000
2013,3,March,2,Profile,3,Capital Gains Tax,8000
2013,3,March,2,Profile,4,Capital Acquisitions Tax,10000
2013,3,March,2,Profile,5,Stamps,30000
2013,3,March,2,Profile,6,Income Tax,1045000
2013,3,March,2,Profile,7,Corporation Tax,90000
2013,3,March,2,Profile,8,Valued Added Tax,1375000
2013,3,March,2,Profile,10,Local Property Tax,0
2013,4,April,1,Actual Outturn,1,Customs,17241
2013,4,April,1,Actual Outturn,2,Excise Duty,415808
2013,4,April,1,Actual Outturn,3,Capital Gains Tax,7695
2013,4,April,1,Actual Outturn,4,Capital Acquisitions Tax,8392
2013,4,April,1,Actual Outturn,5,Stamps,60004
2013,4,April,1,Actual Outturn,6,Income Tax,1377385
2013,4,April,1,Actual Outturn,7,Corporation Tax,28201
2013,4,April,1,Actual Outturn,8,Valued Added Tax,176368
2013,4,April,1,Actual Outturn,9,Training and Employment Levy,5
2013,4,April,1,Actual Outturn,10,Local Property Tax,20887
2013,4,April,1,Actual Outturn,20,Unallocated Tax Receipts,16738
2013,4,April,2,Profile,1,Customs,20000
2013,4,April,2,Profile,2,Excise Duty,425000
2013,4,April,2,Profile,3,Capital Gains Tax,11000
2013,4,April,2,Profile,4,Capital Acquisitions Tax,8000
2013,4,April,2,Profile,5,Stamps,30000
2013,4,April,2,Profile,6,Income Tax,1425000
2013,4,April,2,Profile,7,Corporation Tax,55000
2013,4,April,2,Profile,8,Valued Added Tax,210000
2013,4,April,2,Profile,10,Local Property Tax,0
2013,5,May,1,Actual Outturn,1,Customs,18846
2013,5,May,1,Actual Outturn,2,Excise Duty,426922
2013,5,May,1,Actual Outturn,3,Capital Gains Tax,4192
2013,5,May,1,Actual Outturn,4,Capital Acquisitions Tax,10269
2013,5,May,1,Actual Outturn,5,Stamps,44891
2013,5,May,1,Actual Outturn,6,Income Tax,1078660
2013,5,May,1,Actual Outturn,7,Corporation Tax,619309
2013,5,May,1,Actual Outturn,8,Valued Added Tax,1518475
2013,5,May,1,Actual Outturn,9,Training and Employment Levy,12
2013,5,May,1,Actual Outturn,10,Local Property Tax,98877
2013,5,May,1,Actual Outturn,20,Unallocated Tax Receipts,-3437
2013,5,May,2,Profile,1,Customs,19000
2013,5,May,2,Profile,2,Excise Duty,410000
2013,5,May,2,Profile,3,Capital Gains Tax,6000
2013,5,May,2,Profile,4,Capital Acquisitions Tax,20000
2013,5,May,2,Profile,5,Stamps,55000
2013,5,May,2,Profile,6,Income Tax,1075000
2013,5,May,2,Profile,7,Corporation Tax,590000
2013,5,May,2,Profile,8,Valued Added Tax,1530000
2013,5,May,2,Profile,10,Local Property Tax,0
2013,6,June,1,Actual Outturn,1,Customs,19956
2013,6,June,1,Actual Outturn,2,Excise Duty,385904
2013,6,June,1,Actual Outturn,3,Capital Gains Tax,4339
2013,6,June,1,Actual Outturn,4,Capital Acquisitions Tax,6576
2013,6,June,1,Actual Outturn,5,Stamps,34210
2013,6,June,1,Actual Outturn,6,Income Tax,1169998
2013,6,June,1,Actual Outturn,7,Corporation Tax,1030638
2013,6,June,1,Actual Outturn,8,Valued Added Tax,185417
2013,6,June,1,Actual Outturn,9,Training and Employment Levy,6
2013,6,June,1,Actual Outturn,10,Local Property Tax,5399
2013,6,June,1,Actual Outturn,20,Unallocated Tax Receipts,-5343
2013,6,June,2,Profile,1,Customs,20000
2013,6,June,2,Profile,2,Excise Duty,425000
2013,6,June,2,Profile,3,Capital Gains Tax,8000
2013,6,June,2,Profile,4,Capital Acquisitions Tax,8000
2013,6,June,2,Profile,5,Stamps,30000
2013,6,June,2,Profile,6,Income Tax,1130000
2013,6,June,2,Profile,7,Corporation Tax,930000
2013,6,June,2,Profile,8,Valued Added Tax,224000
2013,6,June,2,Profile,10,Local Property Tax,0
2013,7,July,1,Actual Outturn,1,Customs,17429
2013,7,July,1,Actual Outturn,2,Excise Duty,390172
2013,7,July,1,Actual Outturn,3,Capital Gains Tax,8137
2013,7,July,1,Actual Outturn,4,Capital Acquisitions Tax,8678
2013,7,July,1,Actual Outturn,5,Stamps,124597
2013,7,July,1,Actual Outturn,6,Income Tax,1301010
2013,7,July,1,Actual Outturn,7,Corporation Tax,69359
2013,7,July,1,Actual Outturn,8,Valued Added Tax,1450690
2013,7,July,1,Actual Outturn,9,Training and Employment Levy,3
2013,7,July,1,Actual Outturn,10,Local Property Tax,52138
2013,7,July,1,Actual Outturn,20,Unallocated Tax Receipts,10078
2013,7,July,2,Profile,1,Customs,20000
2013,7,July,2,Profile,2,Excise Duty,425000
2013,7,July,2,Profile,3,Capital Gains Tax,8000
2013,7,July,2,Profile,4,Capital Acquisitions Tax,10000
2013,7,July,2,Profile,5,Stamps,100000
2013,7,July,2,Profile,6,Income Tax,1370000
2013,7,July,2,Profile,7,Corporation Tax,80000
2013,7,July,2,Profile,8,Valued Added Tax,1475000
2013,7,July,2,Profile,10,Local Property Tax,40000
2013,8,August,1,Actual Outturn,1,Customs,19073
2013,8,August,1,Actual Outturn,2,Excise Duty,384243
2013,8,August,1,Actual Outturn,3,Capital Gains Tax,7429
2013,8,August,1,Actual Outturn,4,Capital Acquisitions Tax,13480
2013,8,August,1,Actual Outturn,5,Stamps,46261
2013,8,August,1,Actual Outturn,6,Income Tax,1110658
2013,8,August,1,Actual Outturn,7,Corporation Tax,116962
2013,8,August,1,Actual Outturn,8,Valued Added Tax,169860
2013,8,August,1,Actual Outturn,9,Training and Employment Levy,18
2013,8,August,1,Actual Outturn,10,Local Property Tax,12302
2013,8,August,1,Actual Outturn,20,Unallocated Tax Receipts,-1748
2013,8,August,2,Profile,1,Customs,22000
2013,8,August,2,Profile,2,Excise Duty,410000
2013,8,August,2,Profile,3,Capital Gains Tax,5000
2013,8,August,2,Profile,4,Capital Acquisitions Tax,20000
2013,8,August,2,Profile,5,Stamps,70000
2013,8,August,2,Profile,6,Income Tax,1090000
2013,8,August,2,Profile,7,Corporation Tax,115000
2013,8,August,2,Profile,8,Valued Added Tax,235000
2013,8,August,2,Profile,10,Local Property Tax,40000
2013,9,September,1,Actual Outturn,1,Customs,23882
2013,9,September,1,Actual Outturn,2,Excise Duty,353829
2013,9,September,1,Actual Outturn,3,Capital Gains Tax,5412
2013,9,September,1,Actual Outturn,4,Capital Acquisitions Tax,14695
2013,9,September,1,Actual Outturn,5,Stamps,478600
2013,9,September,1,Actual Outturn,6,Income Tax,1107341
2013,9,September,1,Actual Outturn,7,Corporation Tax,371688
2013,9,September,1,Actual Outturn,8,Valued Added Tax,1609924
2013,9,September,1,Actual Outturn,9,Training and Employment Levy,16
2013,9,September,1,Actual Outturn,10,Local Property Tax,9049
2013,9,September,1,Actual Outturn,20,Unallocated Tax Receipts,1485
2013,9,September,2,Profile,1,Customs,25000
2013,9,September,2,Profile,2,Excise Duty,390000
2013,9,September,2,Profile,3,Capital Gains Tax,5000
2013,9,September,2,Profile,4,Capital Acquisitions Tax,25000
2013,9,September,2,Profile,5,Stamps,400000
2013,9,September,2,Profile,6,Income Tax,1125000
2013,9,September,2,Profile,7,Corporation Tax,375000
2013,9,September,2,Profile,8,Valued Added Tax,1530000
2013,9,September,2,Profile,10,Local Property Tax,40000
2013,10,October,1,Actual Outturn,1,Customs,26642
2013,10,October,1,Actual Outturn,2,Excise Duty,505391
2013,10,October,1,Actual Outturn,3,Capital Gains Tax,9963
2013,10,October,1,Actual Outturn,4,Capital Acquisitions Tax,60050
2013,10,October,1,Actual Outturn,5,Stamps,68482
2013,10,October,1,Actual Outturn,6,Income Tax,1319333
2013,10,October,1,Actual Outturn,7,Corporation Tax,136468
2013,10,October,1,Actual Outturn,8,Valued Added Tax,212011
2013,10,October,1,Actual Outturn,9,Training and Employment Levy,5
2013,10,October,1,Actual Outturn,10,Local Property Tax,15379
2013,10,October,1,Actual Outturn,20,Unallocated Tax Receipts,2290
2013,10,October,2,Profile,1,Customs,25000
2013,10,October,2,Profile,2,Excise Duty,395000
2013,10,October,2,Profile,3,Capital Gains Tax,15000
2013,10,October,2,Profile,4,Capital Acquisitions Tax,75000
2013,10,October,2,Profile,5,Stamps,40000
2013,10,October,2,Profile,6,Income Tax,1360000
2013,10,October,2,Profile,7,Corporation Tax,140000
2013,10,October,2,Profile,8,Valued Added Tax,229000
2013,10,October,2,Profile,10,Local Property Tax,43000
2013,11,November,1,Actual Outturn,1,Customs,26064
2013,11,November,1,Actual Outturn,2,Excise Duty,487953
2013,11,November,1,Actual Outturn,3,Capital Gains Tax,28437
2013,11,November,1,Actual Outturn,4,Capital Acquisitions Tax,119174
2013,11,November,1,Actual Outturn,5,Stamps,61181
2013,11,November,1,Actual Outturn,6,Income Tax,2349146
2013,11,November,1,Actual Outturn,7,Corporation Tax,1177423
2013,11,November,1,Actual Outturn,8,Valued Added Tax,1624788
2013,11,November,1,Actual Outturn,9,Training and Employment Levy,7
2013,11,November,1,Actual Outturn,10,Local Property Tax,71907
2013,11,November,1,Actual Outturn,20,Unallocated Tax Receipts,-6687
2013,11,November,2,Profile,1,Customs,26000
2013,11,November,2,Profile,2,Excise Duty,400000
2013,11,November,2,Profile,3,Capital Gains Tax,35000
2013,11,November,2,Profile,4,Capital Acquisitions Tax,165000
2013,11,November,2,Profile,5,Stamps,55000
2013,11,November,2,Profile,6,Income Tax,2295000
2013,11,November,2,Profile,7,Corporation Tax,1195000
2013,11,November,2,Profile,8,Valued Added Tax,1545000
2013,11,November,2,Profile,10,Local Property Tax,46000
2013,12,December  ,1,Actual Outturn,1,Customs,27518
2013,12,December  ,1,Actual Outturn,2,Excise Duty,550587
2013,12,December  ,1,Actual Outturn,3,Capital Gains Tax,223590
2013,12,December  ,1,Actual Outturn,4,Capital Acquisitions Tax,15944
2013,12,December  ,1,Actual Outturn,5,Stamps,115454
2013,12,December  ,1,Actual Outturn,6,Income Tax,1278234
2013,12,December  ,1,Actual Outturn,7,Corporation Tax,325866
2013,12,December  ,1,Actual Outturn,8,Valued Added Tax,89270
2013,12,December  ,1,Actual Outturn,9,Training and Employment Levy,37
2013,12,December  ,1,Actual Outturn,10,Local Property Tax,30328
2013,12,December  ,1,Actual Outturn,20,Unallocated Tax Receipts,-32348
2013,12,December  ,2,Profile,1,Customs,24000
2013,12,December  ,2,Profile,2,Excise Duty,615000
2013,12,December  ,2,Profile,3,Capital Gains Tax,255000
2013,12,December  ,2,Profile,4,Capital Acquisitions Tax,20000
2013,12,December  ,2,Profile,5,Stamps,97000
2013,12,December  ,2,Profile,6,Income Tax,1313000
2013,12,December  ,2,Profile,7,Corporation Tax,408000
2013,12,December  ,2,Profile,8,Valued Added Tax,211000
2013,12,December  ,2,Profile,10,Local Property Tax,41000
2014,1,January,1,Actual Outturn,1,Customs,10473
2014,1,January,1,Actual Outturn,2,Excise Duty,342343
2014,1,January,1,Actual Outturn,3,Capital Gains Tax,22822
2014,1,January,1,Actual Outturn,4,Capital Acquisitions Tax,10360
2014,1,January,1,Actual Outturn,5,Stamps,52481
2014,1,January,1,Actual Outturn,6,Income Tax,1235562
2014,1,January,1,Actual Outturn,7,Corporation Tax,7302
2014,1,January,1,Actual Outturn,8,Valued Added Tax,1369126
2014,1,January,1,Actual Outturn,9,Training and Employment Levy,6
2014,1,January,1,Actual Outturn,10,Local Property Tax,32599
2014,1,January,1,Actual Outturn,20,Unallocated Tax Receipts,46929
2014,1,January,2,Profile,1,Customs,10000
2014,1,January,2,Profile,2,Excise Duty,342000
2014,1,January,2,Profile,3,Capital Gains Tax,23000
2014,1,January,2,Profile,4,Capital Acquisitions Tax,10000
2014,1,January,2,Profile,5,Stamps,52000
2014,1,January,2,Profile,6,Income Tax,1260000
2014,1,January,2,Profile,7,Corporation Tax,7000
2014,1,January,2,Profile,8,Valued Added Tax,1393000
2014,1,January,2,Profile,10,Local Property Tax,33000
2014,2,February,1,Actual Outturn,1,Customs,18911
2014,2,February,1,Actual Outturn,2,Excise Duty,306283
2014,2,February,1,Actual Outturn,3,Capital Gains Tax,64687
2014,2,February,1,Actual Outturn,4,Capital Acquisitions Tax,8127
2014,2,February,1,Actual Outturn,5,Stamps,54496
2014,2,February,1,Actual Outturn,6,Income Tax,1467737
2014,2,February,1,Actual Outturn,7,Corporation Tax,83268
2014,2,February,1,Actual Outturn,8,Valued Added Tax,667167
2014,2,February,1,Actual Outturn,9,Training and Employment Levy,103
2014,2,February,1,Actual Outturn,10,Local Property Tax,24670
2014,2,February,1,Actual Outturn,20,Unallocated Tax Receipts,-13874
2014,2,February,2,Profile,1,Customs,19000
2014,2,February,2,Profile,2,Excise Duty,307000
2014,2,February,2,Profile,3,Capital Gains Tax,65000
2014,2,February,2,Profile,4,Capital Acquisitions Tax,8000
2014,2,February,2,Profile,5,Stamps,55000
2014,2,February,2,Profile,6,Income Tax,1376000
2014,2,February,2,Profile,7,Corporation Tax,84000
2014,2,February,2,Profile,8,Valued Added Tax,744000
2014,2,February,2,Profile,10,Local Property Tax,24000
2014,3,March,1,Actual Outturn,1,Customs,17373
2014,3,March,1,Actual Outturn,2,Excise Duty,455254
2014,3,March,1,Actual Outturn,3,Capital Gains Tax,10512
2014,3,March,1,Actual Outturn,4,Capital Acquisitions Tax,11350
2014,3,March,1,Actual Outturn,5,Stamps,44235
2014,3,March,1,Actual Outturn,6,Income Tax,1235876
2014,3,March,1,Actual Outturn,7,Corporation Tax,165576
2014,3,March,1,Actual Outturn,8,Valued Added Tax,1330068
2014,3,March,1,Actual Outturn,9,Training and Employment Levy,0
2014,3,March,1,Actual Outturn,10,Local Property Tax,157458
2014,3,March,1,Actual Outturn,20,Unallocated Tax Receipts,-7509
2014,3,March,2,Profile,1,Customs,21000
2014,3,March,2,Profile,2,Excise Duty,344000
2014,3,March,2,Profile,3,Capital Gains Tax,6000
2014,3,March,2,Profile,4,Capital Acquisitions Tax,10000
2014,3,March,2,Profile,5,Stamps,29000
2014,3,March,2,Profile,6,Income Tax,1155000
2014,3,March,2,Profile,7,Corporation Tax,127000
2014,3,March,2,Profile,8,Valued Added Tax,1316000
2014,3,March,2,Profile,10,Local Property Tax,155000
2014,4,April,1,Actual Outturn,1,Customs,20617
2014,4,April,1,Actual Outturn,2,Excise Duty,389784
2014,4,April,1,Actual Outturn,3,Capital Gains Tax,7789
2014,4,April,1,Actual Outturn,4,Capital Acquisitions Tax,13956
2014,4,April,1,Actual Outturn,5,Stamps,47039
2014,4,April,1,Actual Outturn,6,Income Tax,1466460
2014,4,April,1,Actual Outturn,7,Corporation Tax,41255
2014,4,April,1,Actual Outturn,8,Valued Added Tax,286419
2014,4,April,1,Actual Outturn,9,Training and Employment Levy,12
2014,4,April,1,Actual Outturn,10,Local Property Tax,45668
2014,4,April,1,Actual Outturn,20,Unallocated Tax Receipts,6299
2014,4,April,2,Profile,1,Customs,18000
2014,4,April,2,Profile,2,Excise Duty,420000
2014,4,April,2,Profile,3,Capital Gains Tax,8000
2014,4,April,2,Profile,4,Capital Acquisitions Tax,11000
2014,4,April,2,Profile,5,Stamps,70000
2014,4,April,2,Profile,6,Income Tax,1509000
2014,4,April,2,Profile,7,Corporation Tax,41000
2014,4,April,2,Profile,8,Valued Added Tax,252000
2014,4,April,2,Profile,10,Local Property Tax,31000
2014,5,May,1,Actual Outturn,1,Customs,19992
2014,5,May,1,Actual Outturn,2,Excise Duty,439362
2014,5,May,1,Actual Outturn,3,Capital Gains Tax,-2916
2014,5,May,1,Actual Outturn,4,Capital Acquisitions Tax,11171
2014,5,May,1,Actual Outturn,5,Stamps,91948
2014,5,May,1,Actual Outturn,6,Income Tax,1192488
2014,5,May,1,Actual Outturn,7,Corporation Tax,684001
2014,5,May,1,Actual Outturn,8,Valued Added Tax,1560912
2014,5,May,1,Actual Outturn,9,Training and Employment Levy,27
2014,5,May,1,Actual Outturn,10,Local Property Tax,29151
2014,5,May,1,Actual Outturn,20,Unallocated Tax Receipts,9443
2014,5,May,2,Profile,1,Customs,19000
2014,5,May,2,Profile,2,Excise Duty,430000
2014,5,May,2,Profile,3,Capital Gains Tax,4000
2014,5,May,2,Profile,4,Capital Acquisitions Tax,14000
2014,5,May,2,Profile,5,Stamps,50000
2014,5,May,2,Profile,6,Income Tax,1184000
2014,5,May,2,Profile,7,Corporation Tax,609000
2014,5,May,2,Profile,8,Valued Added Tax,1471000
2014,5,May,2,Profile,10,Local Property Tax,31000
2014,6,June,1,Actual Outturn,1,Customs,17855
2014,6,June,1,Actual Outturn,2,Excise Duty,446686
2014,6,June,1,Actual Outturn,3,Capital Gains Tax,9452
2014,6,June,1,Actual Outturn,4,Capital Acquisitions Tax,10443
2014,6,June,1,Actual Outturn,5,Stamps,37342
2014,6,June,1,Actual Outturn,6,Income Tax,1233139
2014,6,June,1,Actual Outturn,7,Corporation Tax,773703
2014,6,June,1,Actual Outturn,8,Valued Added Tax,345127
2014,6,June,1,Actual Outturn,9,Training and Employment Levy,19
2014,6,June,1,Actual Outturn,10,Local Property Tax,20424
2014,6,June,1,Actual Outturn,20,Unallocated Tax Receipts,-19467
2014,6,June,2,Profile,1,Customs,21000
2014,6,June,2,Profile,2,Excise Duty,389000
2014,6,June,2,Profile,3,Capital Gains Tax,4000
2014,6,June,2,Profile,4,Capital Acquisitions Tax,10000
2014,6,June,2,Profile,5,Stamps,20000
2014,6,June,2,Profile,6,Income Tax,1283000
2014,6,June,2,Profile,7,Corporation Tax,1070000
2014,6,June,2,Profile,8,Valued Added Tax,271000
2014,6,June,2,Profile,10,Local Property Tax,31000
2014,7,July,1,Actual Outturn,1,Customs,20627
2014,7,July,1,Actual Outturn,2,Excise Duty,375594
2014,7,July,1,Actual Outturn,3,Capital Gains Tax,6749
2014,7,July,1,Actual Outturn,4,Capital Acquisitions Tax,11065
2014,7,July,1,Actual Outturn,5,Stamps,110589
2014,7,July,1,Actual Outturn,6,Income Tax,1415554
2014,7,July,1,Actual Outturn,7,Corporation Tax,365911
2014,7,July,1,Actual Outturn,8,Valued Added Tax,1548169
2014,7,July,1,Actual Outturn,9,Training and Employment Levy,30
2014,7,July,1,Actual Outturn,10,Local Property Tax,28345
2014,7,July,1,Actual Outturn,20,Unallocated Tax Receipts,27045
2014,7,July,2,Profile,1,Customs,18000
2014,7,July,2,Profile,2,Excise Duty,393000
2014,7,July,2,Profile,3,Capital Gains Tax,8000
2014,7,July,2,Profile,4,Capital Acquisitions Tax,11000
2014,7,July,2,Profile,5,Stamps,163000
2014,7,July,2,Profile,6,Income Tax,1426000
2014,7,July,2,Profile,7,Corporation Tax,114000
2014,7,July,2,Profile,8,Valued Added Tax,1419000
2014,7,July,2,Profile,10,Local Property Tax,31000
2014,8,August,1,Actual Outturn,1,Customs,23534
2014,8,August,1,Actual Outturn,2,Excise Duty,410365
2014,8,August,1,Actual Outturn,3,Capital Gains Tax,4837
2014,8,August,1,Actual Outturn,4,Capital Acquisitions Tax,14204
2014,8,August,1,Actual Outturn,5,Stamps,208130
2014,8,August,1,Actual Outturn,6,Income Tax,1336576
2014,8,August,1,Actual Outturn,7,Corporation Tax,259322
2014,8,August,1,Actual Outturn,8,Valued Added Tax,269919
2014,8,August,1,Actual Outturn,9,Training and Employment Levy,8
2014,8,August,1,Actual Outturn,10,Local Property Tax,24626
2014,8,August,1,Actual Outturn,20,Unallocated Tax Receipts,-14569
2014,8,August,2,Profile,1,Customs,21000
2014,8,August,2,Profile,2,Excise Duty,387000
2014,8,August,2,Profile,3,Capital Gains Tax,8000
2014,8,August,2,Profile,4,Capital Acquisitions Tax,18000
2014,8,August,2,Profile,5,Stamps,38000
2014,8,August,2,Profile,6,Income Tax,1218000
2014,8,August,2,Profile,7,Corporation Tax,142000
2014,8,August,2,Profile,8,Valued Added Tax,251000
2014,8,August,2,Profile,10,Local Property Tax,31000
2014,9,September,1,Actual Outturn,1,Customs,28917
2014,9,September,1,Actual Outturn,2,Excise Duty,398057
2014,9,September,1,Actual Outturn,3,Capital Gains Tax,11894
2014,9,September,1,Actual Outturn,4,Capital Acquisitions Tax,18156
2014,9,September,1,Actual Outturn,5,Stamps,386586
2014,9,September,1,Actual Outturn,6,Income Tax,1184257
2014,9,September,1,Actual Outturn,7,Corporation Tax,327475
2014,9,September,1,Actual Outturn,8,Valued Added Tax,1582685
2014,9,September,1,Actual Outturn,9,Training and Employment Levy,12
2014,9,September,1,Actual Outturn,10,Local Property Tax,22205
2014,9,September,1,Actual Outturn,20,Unallocated Tax Receipts,-930
2014,9,September,2,Profile,1,Customs,25000
2014,9,September,2,Profile,2,Excise Duty,357000
2014,9,September,2,Profile,3,Capital Gains Tax,6000
2014,9,September,2,Profile,4,Capital Acquisitions Tax,21000
2014,9,September,2,Profile,5,Stamps,597000
2014,9,September,2,Profile,6,Income Tax,1221000
2014,9,September,2,Profile,7,Corporation Tax,406000
2014,9,September,2,Profile,8,Valued Added Tax,1563000
2014,9,September,2,Profile,10,Local Property Tax,32000
2014,10,October,1,Actual Outturn,1,Customs,33978
2014,10,October,1,Actual Outturn,2,Excise Duty,492509
2014,10,October,1,Actual Outturn,3,Capital Gains Tax,13039
2014,10,October,1,Actual Outturn,4,Capital Acquisitions Tax,66332
2014,10,October,1,Actual Outturn,5,Stamps,469520
2014,10,October,1,Actual Outturn,6,Income Tax,1360955
2014,10,October,1,Actual Outturn,7,Corporation Tax,246183
2014,10,October,1,Actual Outturn,8,Valued Added Tax,365677
2014,10,October,1,Actual Outturn,9,Training and Employment Levy,5
2014,10,October,1,Actual Outturn,10,Local Property Tax,24153
2014,10,October,1,Actual Outturn,20,Unallocated Tax Receipts,30558
2014,10,October,2,Profile,1,Customs,28000
2014,10,October,2,Profile,2,Excise Duty,455000
2014,10,October,2,Profile,3,Capital Gains Tax,10000
2014,10,October,2,Profile,4,Capital Acquisitions Tax,81000
2014,10,October,2,Profile,5,Stamps,232000
2014,10,October,2,Profile,6,Income Tax,1445000
2014,10,October,2,Profile,7,Corporation Tax,129000
2014,10,October,2,Profile,8,Valued Added Tax,302000
2014,10,October,2,Profile,10,Local Property Tax,32000
2014,11,November,1,Actual Outturn,1,Customs,29584
2014,11,November,1,Actual Outturn,2,Excise Duty,502511
2014,11,November,1,Actual Outturn,3,Capital Gains Tax,42345
2014,11,November,1,Actual Outturn,4,Capital Acquisitions Tax,160273
2014,11,November,1,Actual Outturn,5,Stamps,68760
2014,11,November,1,Actual Outturn,6,Income Tax,2637145
2014,11,November,1,Actual Outturn,7,Corporation Tax,1230855
2014,11,November,1,Actual Outturn,8,Valued Added Tax,1496859
2014,11,November,1,Actual Outturn,9,Training and Employment Levy,5
2014,11,November,1,Actual Outturn,10,Local Property Tax,39308
2014,11,November,1,Actual Outturn,20,Unallocated Tax Receipts,-26494
2014,11,November,2,Profile,1,Customs,27000
2014,11,November,2,Profile,2,Excise Duty,490000
2014,11,November,2,Profile,3,Capital Gains Tax,29000
2014,11,November,2,Profile,4,Capital Acquisitions Tax,167000
2014,11,November,2,Profile,5,Stamps,47000
2014,11,November,2,Profile,6,Income Tax,2567000
2014,11,November,2,Profile,7,Corporation Tax,1246000
2014,11,November,2,Profile,8,Valued Added Tax,1528000
2014,11,November,2,Profile,10,Local Property Tax,44000
2014,12,December  ,1,Actual Outturn,1,Customs,27882
2014,12,December  ,1,Actual Outturn,2,Excise Duty,432399
2014,12,December  ,1,Actual Outturn,3,Capital Gains Tax,369959
2014,12,December  ,1,Actual Outturn,4,Capital Acquisitions Tax,21334
2014,12,December  ,1,Actual Outturn,5,Stamps,115395
2014,12,December  ,1,Actual Outturn,6,Income Tax,1391718
2014,12,December  ,1,Actual Outturn,7,Corporation Tax,429611
2014,12,December  ,1,Actual Outturn,8,Valued Added Tax,330801
2014,12,December  ,1,Actual Outturn,9,Training and Employment Levy,234
2014,12,December  ,1,Actual Outturn,10,Local Property Tax,42744
2014,12,December  ,1,Actual Outturn,20,Unallocated Tax Receipts,-37431
2014,12,December  ,2,Profile,1,Customs,28000
2014,12,December  ,2,Profile,2,Excise Duty,501000
2014,12,December  ,2,Profile,3,Capital Gains Tax,229000
2014,12,December  ,2,Profile,4,Capital Acquisitions Tax,19000
2014,12,December  ,2,Profile,5,Stamps,122000
2014,12,December  ,2,Profile,6,Income Tax,1401000
2014,12,December  ,2,Profile,7,Corporation Tax,405000
2014,12,December  ,2,Profile,8,Valued Added Tax,230000
2014,12,December  ,2,Profile,10,Local Property Tax,75000
2015,1,January,1,Actual Outturn,1,Customs,22796
2015,1,January,1,Actual Outturn,2,Excise Duty,388166
2015,1,January,1,Actual Outturn,3,Capital Gains Tax,15392
2015,1,January,1,Actual Outturn,4,Capital Acquisitions Tax,8399
2015,1,January,1,Actual Outturn,5,Stamps,71910
2015,1,January,1,Actual Outturn,6,Income Tax,1503834
2015,1,January,1,Actual Outturn,7,Corporation Tax,49485
2015,1,January,1,Actual Outturn,8,Valued Added Tax,1968753
2015,1,January,1,Actual Outturn,9,Training and Employment Levy,149
2015,1,January,1,Actual Outturn,10,Local Property Tax,94350
2015,1,January,1,Actual Outturn,20,Unallocated Tax Receipts,65726
2015,1,January,2,Profile,1,Customs,23000
2015,1,January,2,Profile,2,Excise Duty,388000
2015,1,January,2,Profile,3,Capital Gains Tax,15000
2015,1,January,2,Profile,4,Capital Acquisitions Tax,8000
2015,1,January,2,Profile,5,Stamps,72000
2015,1,January,2,Profile,6,Income Tax,1537000
2015,1,January,2,Profile,7,Corporation Tax,49000
2015,1,January,2,Profile,8,Valued Added Tax,2002000
2015,1,January,2,Profile,10,Local Property Tax,94000
2015,2,February,1,Actual Outturn,1,Customs,24527
2015,2,February,1,Actual Outturn,2,Excise Duty,390260
2015,2,February,1,Actual Outturn,3,Capital Gains Tax,44833
2015,2,February,1,Actual Outturn,4,Capital Acquisitions Tax,9615
2015,2,February,1,Actual Outturn,5,Stamps,79991
2015,2,February,1,Actual Outturn,6,Income Tax,1382937
2015,2,February,1,Actual Outturn,7,Corporation Tax,215015
2015,2,February,1,Actual Outturn,8,Valued Added Tax,397267
2015,2,February,1,Actual Outturn,9,Training and Employment Levy,4
2015,2,February,1,Actual Outturn,10,Local Property Tax,20490
2015,2,February,1,Actual Outturn,20,Unallocated Tax Receipts,-16984
2015,2,February,2,Profile,1,Customs,19000
2015,2,February,2,Profile,2,Excise Duty,339000
2015,2,February,2,Profile,3,Capital Gains Tax,47000
2015,2,February,2,Profile,4,Capital Acquisitions Tax,9000
2015,2,February,2,Profile,5,Stamps,59000
2015,2,February,2,Profile,6,Income Tax,1291000
2015,2,February,2,Profile,7,Corporation Tax,50000
2015,2,February,2,Profile,8,Valued Added Tax,357000
2015,2,February,2,Profile,10,Local Property Tax,33000
2015,3,March,1,Actual Outturn,1,Customs,27535
2015,3,March,1,Actual Outturn,2,Excise Duty,398747
2015,3,March,1,Actual Outturn,3,Capital Gains Tax,7443
2015,3,March,1,Actual Outturn,4,Capital Acquisitions Tax,11903
2015,3,March,1,Actual Outturn,5,Stamps,84265
2015,3,March,1,Actual Outturn,6,Income Tax,1354402
2015,3,March,1,Actual Outturn,7,Corporation Tax,290649
2015,3,March,1,Actual Outturn,8,Valued Added Tax,1431371
2015,3,March,1,Actual Outturn,9,Training and Employment Levy,0
2015,3,March,1,Actual Outturn,10,Local Property Tax,128835
2015,3,March,1,Actual Outturn,20,Unallocated Tax Receipts,-2780
2015,3,March,2,Profile,1,Customs,17000
2015,3,March,2,Profile,2,Excise Duty,424000
2015,3,March,2,Profile,3,Capital Gains Tax,9000
2015,3,March,2,Profile,4,Capital Acquisitions Tax,13000
2015,3,March,2,Profile,5,Stamps,48000
2015,3,March,2,Profile,6,Income Tax,1277000
2015,3,March,2,Profile,7,Corporation Tax,199000
2015,3,March,2,Profile,8,Valued Added Tax,1415000
2015,3,March,2,Profile,10,Local Property Tax,130000
2015,4,April,1,Actual Outturn,1,Customs,29276
2015,4,April,1,Actual Outturn,2,Excise Duty,443315
2015,4,April,1,Actual Outturn,3,Capital Gains Tax,8672
2015,4,April,1,Actual Outturn,4,Capital Acquisitions Tax,8549
2015,4,April,1,Actual Outturn,5,Stamps,56899
2015,4,April,1,Actual Outturn,6,Income Tax,1507404
2015,4,April,1,Actual Outturn,7,Corporation Tax,73405
2015,4,April,1,Actual Outturn,8,Valued Added Tax,232837
2015,4,April,1,Actual Outturn,9,Training and Employment Levy,18
2015,4,April,1,Actual Outturn,10,Local Property Tax,19937
2015,4,April,1,Actual Outturn,20,Unallocated Tax Receipts,14559
2015,4,April,2,Profile,1,Customs,21000
2015,4,April,2,Profile,2,Excise Duty,429000
2015,4,April,2,Profile,3,Capital Gains Tax,9000
2015,4,April,2,Profile,4,Capital Acquisitions Tax,16000
2015,4,April,2,Profile,5,Stamps,51000
2015,4,April,2,Profile,6,Income Tax,1591000
2015,4,April,2,Profile,7,Corporation Tax,-13000
2015,4,April,2,Profile,8,Valued Added Tax,299000
2015,4,April,2,Profile,10,Local Property Tax,19000
2015,5,May,1,Actual Outturn,1,Customs,25172
2015,5,May,1,Actual Outturn,2,Excise Duty,400411
2015,5,May,1,Actual Outturn,3,Capital Gains Tax,17096
2015,5,May,1,Actual Outturn,4,Capital Acquisitions Tax,11215
2015,5,May,1,Actual Outturn,5,Stamps,78855
2015,5,May,1,Actual Outturn,6,Income Tax,1289845
2015,5,May,1,Actual Outturn,7,Corporation Tax,898964
2015,5,May,1,Actual Outturn,8,Valued Added Tax,1679858
2015,5,May,1,Actual Outturn,9,Training and Employment Levy,577
2015,5,May,1,Actual Outturn,10,Local Property Tax,19607
2015,5,May,1,Actual Outturn,20,Unallocated Tax Receipts,-901
2015,5,May,2,Profile,1,Customs,20000
2015,5,May,2,Profile,2,Excise Duty,461000
2015,5,May,2,Profile,3,Capital Gains Tax,6000
2015,5,May,2,Profile,4,Capital Acquisitions Tax,13000
2015,5,May,2,Profile,5,Stamps,95000
2015,5,May,2,Profile,6,Income Tax,1289000
2015,5,May,2,Profile,7,Corporation Tax,757000
2015,5,May,2,Profile,8,Valued Added Tax,1547000
2015,5,May,2,Profile,10,Local Property Tax,16000
2015,6,June,1,Actual Outturn,1,Customs,22579
2015,6,June,1,Actual Outturn,2,Excise Duty,428069
2015,6,June,1,Actual Outturn,3,Capital Gains Tax,7730
2015,6,June,1,Actual Outturn,4,Capital Acquisitions Tax,14687
2015,6,June,1,Actual Outturn,5,Stamps,58354
2015,6,June,1,Actual Outturn,6,Income Tax,1270407
2015,6,June,1,Actual Outturn,7,Corporation Tax,1237007
2015,6,June,1,Actual Outturn,8,Valued Added Tax,289697
2015,6,June,1,Actual Outturn,9,Training and Employment Levy,8
2015,6,June,1,Actual Outturn,10,Local Property Tax,21454
2015,6,June,1,Actual Outturn,20,Unallocated Tax Receipts,-12907
2015,6,June,2,Profile,1,Customs,18000
2015,6,June,2,Profile,2,Excise Duty,443000
2015,6,June,2,Profile,3,Capital Gains Tax,8000
2015,6,June,2,Profile,4,Capital Acquisitions Tax,12000
2015,6,June,2,Profile,5,Stamps,40000
2015,6,June,2,Profile,6,Income Tax,1270000
2015,6,June,2,Profile,7,Corporation Tax,1116000
2015,6,June,2,Profile,8,Valued Added Tax,343000
2015,6,June,2,Profile,10,Local Property Tax,16000
2015,7,July,1,Actual Outturn,1,Customs,23852
2015,7,July,1,Actual Outturn,2,Excise Duty,475003
2015,7,July,1,Actual Outturn,3,Capital Gains Tax,19208
2015,7,July,1,Actual Outturn,4,Capital Acquisitions Tax,18121
2015,7,July,1,Actual Outturn,5,Stamps,89619
2015,7,July,1,Actual Outturn,6,Income Tax,1454620
2015,7,July,1,Actual Outturn,7,Corporation Tax,134211
2015,7,July,1,Actual Outturn,8,Valued Added Tax,1666893
2015,7,July,1,Actual Outturn,9,Training and Employment Levy,0
2015,7,July,1,Actual Outturn,10,Local Property Tax,22164
2015,7,July,1,Actual Outturn,20,Unallocated Tax Receipts,11960
2015,7,July,2,Profile,1,Customs,21000
2015,7,July,2,Profile,2,Excise Duty,433000
2015,7,July,2,Profile,3,Capital Gains Tax,8000
2015,7,July,2,Profile,4,Capital Acquisitions Tax,13000
2015,7,July,2,Profile,5,Stamps,138000
2015,7,July,2,Profile,6,Income Tax,1488000
2015,7,July,2,Profile,7,Corporation Tax,87000
2015,7,July,2,Profile,8,Valued Added Tax,1624000
2015,7,July,2,Profile,10,Local Property Tax,16000
2015,8,August,1,Actual Outturn,1,Customs,29231
2015,8,August,1,Actual Outturn,2,Excise Duty,465077
2015,8,August,1,Actual Outturn,3,Capital Gains Tax,11433
2015,8,August,1,Actual Outturn,4,Capital Acquisitions Tax,18064
2015,8,August,1,Actual Outturn,5,Stamps,130612
2015,8,August,1,Actual Outturn,6,Income Tax,1458669
2015,8,August,1,Actual Outturn,7,Corporation Tax,389083
2015,8,August,1,Actual Outturn,8,Valued Added Tax,293314
2015,8,August,1,Actual Outturn,9,Training and Employment Levy,26
2015,8,August,1,Actual Outturn,10,Local Property Tax,18526
2015,8,August,1,Actual Outturn,20,Unallocated Tax Receipts,-7756
2015,8,August,2,Profile,1,Customs,24000
2015,8,August,2,Profile,2,Excise Duty,448000
2015,8,August,2,Profile,3,Capital Gains Tax,7000
2015,8,August,2,Profile,4,Capital Acquisitions Tax,15000
2015,8,August,2,Profile,5,Stamps,61000
2015,8,August,2,Profile,6,Income Tax,1334000
2015,8,August,2,Profile,7,Corporation Tax,130000
2015,8,August,2,Profile,8,Valued Added Tax,265000
2015,8,August,2,Profile,10,Local Property Tax,16000
2015,9,September,1,Actual Outturn,1,Customs,34255
2015,9,September,1,Actual Outturn,2,Excise Duty,385284
2015,9,September,1,Actual Outturn,3,Capital Gains Tax,10633
2015,9,September,1,Actual Outturn,4,Capital Acquisitions Tax,19639
2015,9,September,1,Actual Outturn,5,Stamps,195966
2015,9,September,1,Actual Outturn,6,Income Tax,1222038
2015,9,September,1,Actual Outturn,7,Corporation Tax,656713
2015,9,September,1,Actual Outturn,8,Valued Added Tax,1741402
2015,9,September,1,Actual Outturn,9,Training and Employment Levy,3
2015,9,September,1,Actual Outturn,10,Local Property Tax,20475
2015,9,September,1,Actual Outturn,20,Unallocated Tax Receipts,-10540
2015,9,September,2,Profile,1,Customs,30000
2015,9,September,2,Profile,2,Excise Duty,425000
2015,9,September,2,Profile,3,Capital Gains Tax,9000
2015,9,September,2,Profile,4,Capital Acquisitions Tax,21000
2015,9,September,2,Profile,5,Stamps,200000
2015,9,September,2,Profile,6,Income Tax,1248000
2015,9,September,2,Profile,7,Corporation Tax,360000
2015,9,September,2,Profile,8,Valued Added Tax,1627000
2015,9,September,2,Profile,10,Local Property Tax,16000
2015,10,October,1,Actual Outturn,1,Customs,31955
2015,10,October,1,Actual Outturn,2,Excise Duty,490428
2015,10,October,1,Actual Outturn,3,Capital Gains Tax,27279
2015,10,October,1,Actual Outturn,4,Capital Acquisitions Tax,68122
2015,10,October,1,Actual Outturn,5,Stamps,237458
2015,10,October,1,Actual Outturn,6,Income Tax,1416734
2015,10,October,1,Actual Outturn,7,Corporation Tax,803451
2015,10,October,1,Actual Outturn,8,Valued Added Tax,339597
2015,10,October,1,Actual Outturn,9,Training and Employment Levy,4
2015,10,October,1,Actual Outturn,10,Local Property Tax,19846
2015,10,October,1,Actual Outturn,20,Unallocated Tax Receipts,-2018
2015,10,October,2,Profile,1,Customs,34000
2015,10,October,2,Profile,2,Excise Duty,507000
2015,10,October,2,Profile,3,Capital Gains Tax,12000
2015,10,October,2,Profile,4,Capital Acquisitions Tax,76000
2015,10,October,2,Profile,5,Stamps,221000
2015,10,October,2,Profile,6,Income Tax,1441000
2015,10,October,2,Profile,7,Corporation Tax,-3000
2015,10,October,2,Profile,8,Valued Added Tax,398000
2015,10,October,2,Profile,10,Local Property Tax,15000
2015,11,November,1,Actual Outturn,1,Customs,28139
2015,11,November,1,Actual Outturn,2,Excise Duty,459836
2015,11,November,1,Actual Outturn,3,Capital Gains Tax,89936
2015,11,November,1,Actual Outturn,4,Capital Acquisitions Tax,190543
2015,11,November,1,Actual Outturn,5,Stamps,71918
2015,11,November,1,Actual Outturn,6,Income Tax,2705744
2015,11,November,1,Actual Outturn,7,Corporation Tax,1613927
2015,11,November,1,Actual Outturn,8,Valued Added Tax,1715405
2015,11,November,1,Actual Outturn,9,Training and Employment Levy,0
2015,11,November,1,Actual Outturn,10,Local Property Tax,41392
2015,11,November,1,Actual Outturn,20,Unallocated Tax Receipts,2841
2015,11,November,2,Profile,1,Customs,30000
2015,11,November,2,Profile,2,Excise Duty,503000
2015,11,November,2,Profile,3,Capital Gains Tax,32000
2015,11,November,2,Profile,4,Capital Acquisitions Tax,189000
2015,11,November,2,Profile,5,Stamps,75000
2015,11,November,2,Profile,6,Income Tax,2750000
2015,11,November,2,Profile,7,Corporation Tax,1302000
2015,11,November,2,Profile,8,Valued Added Tax,1538000
2015,11,November,2,Profile,10,Local Property Tax,31000
2015,12,December  ,1,Actual Outturn,1,Customs,28160
2015,12,December  ,1,Actual Outturn,2,Excise Duty,567220
2015,12,December  ,1,Actual Outturn,3,Capital Gains Tax,409361
2015,12,December  ,1,Actual Outturn,4,Capital Acquisitions Tax,21053
2015,12,December  ,1,Actual Outturn,5,Stamps,112528
2015,12,December  ,1,Actual Outturn,6,Income Tax,1792610
2015,12,December  ,1,Actual Outturn,7,Corporation Tax,509649
2015,12,December  ,1,Actual Outturn,8,Valued Added Tax,187652
2015,12,December  ,1,Actual Outturn,9,Training and Employment Levy,70
2015,12,December  ,1,Actual Outturn,10,Local Property Tax,42116
2015,12,December  ,1,Actual Outturn,20,Unallocated Tax Receipts,-41200
2015,12,December  ,2,Profile,1,Customs,28000
2015,12,December  ,2,Profile,2,Excise Duty,445000
2015,12,December  ,2,Profile,3,Capital Gains Tax,253000
2015,12,December  ,2,Profile,4,Capital Acquisitions Tax,15000
2015,12,December  ,2,Profile,5,Stamps,125000
2015,12,December  ,2,Profile,6,Income Tax,1464000
2015,12,December  ,2,Profile,7,Corporation Tax,541000
2015,12,December  ,2,Profile,8,Valued Added Tax,360000
2015,12,December  ,2,Profile,10,Local Property Tax,38000
2016,1,January,1,Actual Outturn,1,Customs,21863
2016,1,January,1,Actual Outturn,2,Excise Duty,499575
2016,1,January,1,Actual Outturn,3,Capital Gains Tax,36558
2016,1,January,1,Actual Outturn,4,Capital Acquisitions Tax,8072
2016,1,January,1,Actual Outturn,5,Stamps,63684
2016,1,January,1,Actual Outturn,6,Income Tax,1634431
2016,1,January,1,Actual Outturn,7,Corporation Tax,23800
2016,1,January,1,Actual Outturn,8,Valued Added Tax,2098520
2016,1,January,1,Actual Outturn,9,Training and Employment Levy,4
2016,1,January,1,Actual Outturn,10,Local Property Tax,67284
2016,1,January,1,Actual Outturn,20,Unallocated Tax Receipts,42744
2016,1,January,2,Profile,1,Customs,22000
2016,1,January,2,Profile,2,Excise Duty,500000
2016,1,January,2,Profile,3,Capital Gains Tax,37000
2016,1,January,2,Profile,4,Capital Acquisitions Tax,7776
2016,1,January,2,Profile,5,Stamps,64140
2016,1,January,2,Profile,6,Income Tax,1655456
2016,1,January,2,Profile,7,Corporation Tax,23526
2016,1,January,2,Profile,8,Valued Added Tax,2120587
2016,1,January,2,Profile,10,Local Property Tax,67000
2016,2,February,1,Actual Outturn,1,Customs,23321
2016,2,February,1,Actual Outturn,2,Excise Duty,446860
2016,2,February,1,Actual Outturn,3,Capital Gains Tax,63203
2016,2,February,1,Actual Outturn,4,Capital Acquisitions Tax,16029
2016,2,February,1,Actual Outturn,5,Stamps,95395
2016,2,February,1,Actual Outturn,6,Income Tax,1502930
2016,2,February,1,Actual Outturn,7,Corporation Tax,224074
2016,2,February,1,Actual Outturn,8,Valued Added Tax,310048
2016,2,February,1,Actual Outturn,9,Training and Employment Levy,33
2016,2,February,1,Actual Outturn,10,Local Property Tax,24560
2016,2,February,1,Actual Outturn,20,Unallocated Tax Receipts,12099
2016,2,February,2,Profile,1,Customs,29210
2016,2,February,2,Profile,2,Excise Duty,449307
2016,2,February,2,Profile,3,Capital Gains Tax,35538
2016,2,February,2,Profile,4,Capital Acquisitions Tax,9016
2016,2,February,2,Profile,5,Stamps,96044
2016,2,February,2,Profile,6,Income Tax,1469072
2016,2,February,2,Profile,7,Corporation Tax,223126
2016,2,February,2,Profile,8,Valued Added Tax,419309
2016,2,February,2,Profile,10,Local Property Tax,20815
2016,3,March,1,Actual Outturn,1,Customs,24097
2016,3,March,1,Actual Outturn,2,Excise Duty,575160
2016,3,March,1,Actual Outturn,3,Capital Gains Tax,13473
2016,3,March,1,Actual Outturn,4,Capital Acquisitions Tax,10970
2016,3,March,1,Actual Outturn,5,Stamps,70093
2016,3,March,1,Actual Outturn,6,Income Tax,1218131
2016,3,March,1,Actual Outturn,7,Corporation Tax,406530
2016,3,March,1,Actual Outturn,8,Valued Added Tax,1486399
2016,3,March,1,Actual Outturn,9,Training and Employment Levy,16
2016,3,March,1,Actual Outturn,10,Local Property Tax,123733
2016,3,March,1,Actual Outturn,20,Unallocated Tax Receipts,-7828
2016,3,March,2,Profile,1,Customs,32792
2016,3,March,2,Profile,2,Excise Duty,458360
2016,3,March,2,Profile,3,Capital Gains Tax,6564
2016,3,March,2,Profile,4,Capital Acquisitions Tax,11162
2016,3,March,2,Profile,5,Stamps,101175
2016,3,March,2,Profile,6,Income Tax,1383479
2016,3,March,2,Profile,7,Corporation Tax,102591
2016,3,March,2,Profile,8,Valued Added Tax,1548319
2016,3,March,2,Profile,10,Local Property Tax,122819
2016,4,April,1,Actual Outturn,1,Customs,29223
2016,4,April,1,Actual Outturn,2,Excise Duty,563396
2016,4,April,1,Actual Outturn,3,Capital Gains Tax,16146
2016,4,April,1,Actual Outturn,4,Capital Acquisitions Tax,23856
2016,4,April,1,Actual Outturn,5,Stamps,94287
2016,4,April,1,Actual Outturn,6,Income Tax,1748749
2016,4,April,1,Actual Outturn,7,Corporation Tax,104778
2016,4,April,1,Actual Outturn,8,Valued Added Tax,270721
2016,4,April,1,Actual Outturn,9,Training and Employment Levy,0
2016,4,April,1,Actual Outturn,10,Local Property Tax,31503
2016,4,April,1,Actual Outturn,20,Unallocated Tax Receipts,16902
2016,4,April,2,Profile,1,Customs,34865
2016,4,April,2,Profile,2,Excise Duty,472903
2016,4,April,2,Profile,3,Capital Gains Tax,7648
2016,4,April,2,Profile,4,Capital Acquisitions Tax,8016
2016,4,April,2,Profile,5,Stamps,71818
2016,4,April,2,Profile,6,Income Tax,1590719
2016,4,April,2,Profile,7,Corporation Tax,94946
2016,4,April,2,Profile,8,Valued Added Tax,241824
2016,4,April,2,Profile,10,Local Property Tax,20697
2016,5,May,1,Actual Outturn,1,Customs,22380
2016,5,May,1,Actual Outturn,2,Excise Duty,560595
2016,5,May,1,Actual Outturn,3,Capital Gains Tax,6097
2016,5,May,1,Actual Outturn,4,Capital Acquisitions Tax,23687
2016,5,May,1,Actual Outturn,5,Stamps,71317
2016,5,May,1,Actual Outturn,6,Income Tax,1333021
2016,5,May,1,Actual Outturn,7,Corporation Tax,909864
2016,5,May,1,Actual Outturn,8,Valued Added Tax,1860215
2016,5,May,1,Actual Outturn,9,Training and Employment Levy,6
2016,5,May,1,Actual Outturn,10,Local Property Tax,25285
2016,5,May,1,Actual Outturn,20,Unallocated Tax Receipts,-13966
2016,5,May,2,Profile,1,Customs,29978
2016,5,May,2,Profile,2,Excise Duty,427135
2016,5,May,2,Profile,3,Capital Gains Tax,15077
2016,5,May,2,Profile,4,Capital Acquisitions Tax,10516
2016,5,May,2,Profile,5,Stamps,98180
2016,5,May,2,Profile,6,Income Tax,1342187
2016,5,May,2,Profile,7,Corporation Tax,740367
2016,5,May,2,Profile,8,Valued Added Tax,1816536
2016,5,May,2,Profile,10,Local Property Tax,20387
2016,6,June,1,Actual Outturn,1,Customs,22320
2016,6,June,1,Actual Outturn,2,Excise Duty,519532
2016,6,June,1,Actual Outturn,3,Capital Gains Tax,4592
2016,6,June,1,Actual Outturn,4,Capital Acquisitions Tax,14640
2016,6,June,1,Actual Outturn,5,Stamps,72662
2016,6,June,1,Actual Outturn,6,Income Tax,1333655
2016,6,June,1,Actual Outturn,7,Corporation Tax,1509341
2016,6,June,1,Actual Outturn,8,Valued Added Tax,193146
2016,6,June,1,Actual Outturn,9,Training and Employment Levy,30
2016,6,June,1,Actual Outturn,10,Local Property Tax,21780
2016,6,June,1,Actual Outturn,20,Unallocated Tax Receipts,-2240
2016,6,June,2,Profile,1,Customs,27890
2016,6,June,2,Profile,2,Excise Duty,456639
2016,6,June,2,Profile,3,Capital Gains Tax,6817
2016,6,June,2,Profile,4,Capital Acquisitions Tax,13772
2016,6,June,2,Profile,5,Stamps,73565
2016,6,June,2,Profile,6,Income Tax,1328376
2016,6,June,2,Profile,7,Corporation Tax,1488190
2016,6,June,2,Profile,8,Valued Added Tax,303198
2016,6,June,2,Profile,10,Local Property Tax,22119
2016,7,July,1,Actual Outturn,1,Customs,25630
2016,7,July,1,Actual Outturn,2,Excise Duty,481531
2016,7,July,1,Actual Outturn,3,Capital Gains Tax,13796
2016,7,July,1,Actual Outturn,4,Capital Acquisitions Tax,19341
2016,7,July,1,Actual Outturn,5,Stamps,113637
2016,7,July,1,Actual Outturn,6,Income Tax,1519375
2016,7,July,1,Actual Outturn,7,Corporation Tax,116131
2016,7,July,1,Actual Outturn,8,Valued Added Tax,1768442
2016,7,July,1,Actual Outturn,9,Training and Employment Levy,0
2016,7,July,1,Actual Outturn,10,Local Property Tax,21282
2016,7,July,1,Actual Outturn,20,Unallocated Tax Receipts,8756
2016,7,July,2,Profile,1,Customs,29406
2016,7,July,2,Profile,2,Excise Duty,506705
2016,7,July,2,Profile,3,Capital Gains Tax,8239
2016,7,July,2,Profile,4,Capital Acquisitions Tax,16992
2016,7,July,2,Profile,5,Stamps,111104
2016,7,July,2,Profile,6,Income Tax,1522008
2016,7,July,2,Profile,7,Corporation Tax,139100
2016,7,July,2,Profile,8,Valued Added Tax,1829526
2016,7,July,2,Profile,10,Local Property Tax,22785
2016,8,August,1,Actual Outturn,1,Customs,24610
2016,8,August,1,Actual Outturn,2,Excise Duty,398793
2016,8,August,1,Actual Outturn,3,Capital Gains Tax,9354
2016,8,August,1,Actual Outturn,4,Capital Acquisitions Tax,18734
2016,8,August,1,Actual Outturn,5,Stamps,90225
2016,8,August,1,Actual Outturn,6,Income Tax,1408408
2016,8,August,1,Actual Outturn,7,Corporation Tax,183147
2016,8,August,1,Actual Outturn,8,Valued Added Tax,286641
2016,8,August,1,Actual Outturn,9,Training and Employment Levy,7
2016,8,August,1,Actual Outturn,10,Local Property Tax,19765
2016,8,August,1,Actual Outturn,20,Unallocated Tax Receipts,-5291
2016,8,August,2,Profile,1,Customs,37812
2016,8,August,2,Profile,2,Excise Duty,496117
2016,8,August,2,Profile,3,Capital Gains Tax,10083
2016,8,August,2,Profile,4,Capital Acquisitions Tax,16939
2016,8,August,2,Profile,5,Stamps,105194
2016,8,August,2,Profile,6,Income Tax,1506807
2016,8,August,2,Profile,7,Corporation Tax,157639
2016,8,August,2,Profile,8,Valued Added Tax,280118
2016,8,August,2,Profile,10,Local Property Tax,19373
2016,9,September,1,Actual Outturn,1,Customs,37488
2016,9,September,1,Actual Outturn,2,Excise Duty,344034
2016,9,September,1,Actual Outturn,3,Capital Gains Tax,21678
2016,9,September,1,Actual Outturn,4,Capital Acquisitions Tax,25888
2016,9,September,1,Actual Outturn,5,Stamps,65051
2016,9,September,1,Actual Outturn,6,Income Tax,1254571
2016,9,September,1,Actual Outturn,7,Corporation Tax,680911
2016,9,September,1,Actual Outturn,8,Valued Added Tax,1917316
2016,9,September,1,Actual Outturn,9,Training and Employment Levy,1
2016,9,September,1,Actual Outturn,10,Local Property Tax,18232
2016,9,September,1,Actual Outturn,20,Unallocated Tax Receipts,-3092
2016,9,September,2,Profile,1,Customs,40795
2016,9,September,2,Profile,2,Excise Duty,410998
2016,9,September,2,Profile,3,Capital Gains Tax,9377
2016,9,September,2,Profile,4,Capital Acquisitions Tax,18416
2016,9,September,2,Profile,5,Stamps,101915
2016,9,September,2,Profile,6,Income Tax,1268842
2016,9,September,2,Profile,7,Corporation Tax,545383
2016,9,September,2,Profile,8,Valued Added Tax,1909951
2016,9,September,2,Profile,10,Local Property Tax,21201
2016,10,October,1,Actual Outturn,1,Customs,29971
2016,10,October,1,Actual Outturn,2,Excise Duty,524074
2016,10,October,1,Actual Outturn,3,Capital Gains Tax,13779
2016,10,October,1,Actual Outturn,4,Capital Acquisitions Tax,62864
2016,10,October,1,Actual Outturn,5,Stamps,212669
2016,10,October,1,Actual Outturn,6,Income Tax,1484149
2016,10,October,1,Actual Outturn,7,Corporation Tax,619424
2016,10,October,1,Actual Outturn,8,Valued Added Tax,322593
2016,10,October,1,Actual Outturn,9,Training and Employment Levy,9
2016,10,October,1,Actual Outturn,10,Local Property Tax,20445
2016,10,October,1,Actual Outturn,20,Unallocated Tax Receipts,5517
2016,10,October,2,Profile,1,Customs,38056
2016,10,October,2,Profile,2,Excise Duty,511160
2016,10,October,2,Profile,3,Capital Gains Tax,24057
2016,10,October,2,Profile,4,Capital Acquisitions Tax,63879
2016,10,October,2,Profile,5,Stamps,271904
2016,10,October,2,Profile,6,Income Tax,1464510
2016,10,October,2,Profile,7,Corporation Tax,442241
2016,10,October,2,Profile,8,Valued Added Tax,330075
2016,10,October,2,Profile,10,Local Property Tax,20611
2016,11,November,1,Actual Outturn,1,Customs,34473
2016,11,November,1,Actual Outturn,2,Excise Duty,366458
2016,11,November,1,Actual Outturn,3,Capital Gains Tax,56663
2016,11,November,1,Actual Outturn,4,Capital Acquisitions Tax,173305
2016,11,November,1,Actual Outturn,5,Stamps,105031
2016,11,November,1,Actual Outturn,6,Income Tax,3107390
2016,11,November,1,Actual Outturn,7,Corporation Tax,2283718
2016,11,November,1,Actual Outturn,8,Valued Added Tax,1797916
2016,11,November,1,Actual Outturn,9,Training and Employment Levy,0
2016,11,November,1,Actual Outturn,10,Local Property Tax,47266
2016,11,November,1,Actual Outturn,20,Unallocated Tax Receipts,8736
2016,11,November,2,Profile,1,Customs,33511
2016,11,November,2,Profile,2,Excise Duty,490526
2016,11,November,2,Profile,3,Capital Gains Tax,79314
2016,11,November,2,Profile,4,Capital Acquisitions Tax,178674
2016,11,November,2,Profile,5,Stamps,86351
2016,11,November,2,Profile,6,Income Tax,2855888
2016,11,November,2,Profile,7,Corporation Tax,2113510
2016,11,November,2,Profile,8,Valued Added Tax,1925785
2016,11,November,2,Profile,10,Local Property Tax,40817
2016,12,December  ,1,Actual Outturn,1,Customs,22491
2016,12,December  ,1,Actual Outturn,2,Excise Duty,431478
2016,12,December  ,1,Actual Outturn,3,Capital Gains Tax,566622
2016,12,December  ,1,Actual Outturn,4,Capital Acquisitions Tax,17819
2016,12,December  ,1,Actual Outturn,5,Stamps,139779
2016,12,December  ,1,Actual Outturn,6,Income Tax,1624160
2016,12,December  ,1,Actual Outturn,7,Corporation Tax,289390
2016,12,December  ,1,Actual Outturn,8,Valued Added Tax,108523
2016,12,December  ,1,Actual Outturn,9,Training and Employment Levy,70
2016,12,December  ,1,Actual Outturn,10,Local Property Tax,42263
2016,12,December  ,1,Actual Outturn,20,Unallocated Tax Receipts,-62337
2016,12,December  ,2,Profile,1,Customs,33186
2016,12,December  ,2,Profile,2,Excise Duty,464657
2016,12,December  ,2,Profile,3,Capital Gains Tax,349812
2016,12,December  ,2,Profile,4,Capital Acquisitions Tax,19242
2016,12,December  ,2,Profile,5,Stamps,138110
2016,12,December  ,2,Profile,6,Income Tax,1607226
2016,12,December  ,2,Profile,7,Corporation Tax,543770
2016,12,December  ,2,Profile,8,Valued Added Tax,134271
2016,12,December  ,2,Profile,10,Local Property Tax,40896
2017,1,January,1,Actual Outturn,1,Customs,21481
2017,1,January,1,Actual Outturn,2,Excise Duty,467001
2017,1,January,1,Actual Outturn,3,Capital Gains Tax,23236
2017,1,January,1,Actual Outturn,4,Capital Acquisitions Tax,16529
2017,1,January,1,Actual Outturn,5,Stamps,84261
2017,1,January,1,Actual Outturn,6,Income Tax,1642015
2017,1,January,1,Actual Outturn,7,Corporation Tax,63958
2017,1,January,1,Actual Outturn,8,Valued Added Tax,2312784
2017,1,January,1,Actual Outturn,9,Training and Employment Levy,25
2017,1,January,1,Actual Outturn,10,Local Property Tax,82145
2017,1,January,1,Actual Outturn,20,Unallocated Tax Receipts,55592
2017,1,January,2,Profile,1,Customs,21481
2017,1,January,2,Profile,2,Excise Duty,467001
2017,1,January,2,Profile,3,Capital Gains Tax,23236
2017,1,January,2,Profile,4,Capital Acquisitions Tax,16627
2017,1,January,2,Profile,5,Stamps,84261
2017,1,January,2,Profile,6,Income Tax,1669911
2017,1,January,2,Profile,7,Corporation Tax,63958
2017,1,January,2,Profile,8,Valued Added Tax,2340580
2017,1,January,2,Profile,10,Local Property Tax,82145
2017,2,February,1,Actual Outturn,1,Customs,26011
2017,2,February,1,Actual Outturn,2,Excise Duty,344530
2017,2,February,1,Actual Outturn,3,Capital Gains Tax,58314
2017,2,February,1,Actual Outturn,4,Capital Acquisitions Tax,10374
2017,2,February,1,Actual Outturn,5,Stamps,75864
2017,2,February,1,Actual Outturn,6,Income Tax,1481516
2017,2,February,1,Actual Outturn,7,Corporation Tax,208231
2017,2,February,1,Actual Outturn,8,Valued Added Tax,503081
2017,2,February,1,Actual Outturn,9,Training and Employment Levy,0
2017,2,February,1,Actual Outturn,10,Local Property Tax,28028
2017,2,February,1,Actual Outturn,20,Unallocated Tax Receipts,3954
2017,2,February,2,Profile,1,Customs,26318
2017,2,February,2,Profile,2,Excise Duty,408577
2017,2,February,2,Profile,3,Capital Gains Tax,64086
2017,2,February,2,Profile,4,Capital Acquisitions Tax,13854
2017,2,February,2,Profile,5,Stamps,99629
2017,2,February,2,Profile,6,Income Tax,1576251
2017,2,February,2,Profile,7,Corporation Tax,221553
2017,2,February,2,Profile,8,Valued Added Tax,263701
2017,2,February,2,Profile,10,Local Property Tax,22380
2017,3,March,1,Actual Outturn,1,Customs,25421
2017,3,March,1,Actual Outturn,2,Excise Duty,465844
2017,3,March,1,Actual Outturn,3,Capital Gains Tax,10188
2017,3,March,1,Actual Outturn,4,Capital Acquisitions Tax,15904
2017,3,March,1,Actual Outturn,5,Stamps,62643
2017,3,March,1,Actual Outturn,6,Income Tax,1293682
2017,3,March,1,Actual Outturn,7,Corporation Tax,248131
2017,3,March,1,Actual Outturn,8,Valued Added Tax,1751979
2017,3,March,1,Actual Outturn,9,Training and Employment Levy,5
2017,3,March,1,Actual Outturn,10,Local Property Tax,114395
2017,3,March,1,Actual Outturn,20,Unallocated Tax Receipts,-4894
2017,3,March,2,Profile,1,Customs,29381
2017,3,March,2,Profile,2,Excise Duty,492786
2017,3,March,2,Profile,3,Capital Gains Tax,7768
2017,3,March,2,Profile,4,Capital Acquisitions Tax,12561
2017,3,March,2,Profile,5,Stamps,78381
2017,3,March,2,Profile,6,Income Tax,1350926
2017,3,March,2,Profile,7,Corporation Tax,411491
2017,3,March,2,Profile,8,Valued Added Tax,1812996
2017,3,March,2,Profile,10,Local Property Tax,112826
2017,4,April,1,Actual Outturn,1,Customs,24596
2017,4,April,1,Actual Outturn,2,Excise Duty,462841
2017,4,April,1,Actual Outturn,3,Capital Gains Tax,14395
2017,4,April,1,Actual Outturn,4,Capital Acquisitions Tax,14757
2017,4,April,1,Actual Outturn,5,Stamps,66982
2017,4,April,1,Actual Outturn,6,Income Tax,1762262
2017,4,April,1,Actual Outturn,7,Corporation Tax,66879
2017,4,April,1,Actual Outturn,8,Valued Added Tax,200317
2017,4,April,1,Actual Outturn,9,Training and Employment Levy,2
2017,4,April,1,Actual Outturn,10,Local Property Tax,28728
2017,4,April,1,Actual Outturn,20,Unallocated Tax Receipts,-30238
2017,4,April,2,Profile,1,Customs,32188
2017,4,April,2,Profile,2,Excise Duty,489221
2017,4,April,2,Profile,3,Capital Gains Tax,10295
2017,4,April,2,Profile,4,Capital Acquisitions Tax,16943
2017,4,April,2,Profile,5,Stamps,105436
2017,4,April,2,Profile,6,Income Tax,1780796
2017,4,April,2,Profile,7,Corporation Tax,113596
2017,4,April,2,Profile,8,Valued Added Tax,93922
2017,4,April,2,Profile,10,Local Property Tax,30272
2017,5,May,1,Actual Outturn,1,Customs,27768
2017,5,May,1,Actual Outturn,2,Excise Duty,509331
2017,5,May,1,Actual Outturn,3,Capital Gains Tax,13263
2017,5,May,1,Actual Outturn,4,Capital Acquisitions Tax,15810
2017,5,May,1,Actual Outturn,5,Stamps,94639
2017,5,May,1,Actual Outturn,6,Income Tax,1445038
2017,5,May,1,Actual Outturn,7,Corporation Tax,1079570
2017,5,May,1,Actual Outturn,8,Valued Added Tax,2059455
2017,5,May,1,Actual Outturn,9,Training and Employment Levy,7
2017,5,May,1,Actual Outturn,10,Local Property Tax,23833
2017,5,May,1,Actual Outturn,20,Unallocated Tax Receipts,12916
2017,5,May,2,Profile,1,Customs,26142
2017,5,May,2,Profile,2,Excise Duty,494217
2017,5,May,2,Profile,3,Capital Gains Tax,9705
2017,5,May,2,Profile,4,Capital Acquisitions Tax,18720
2017,5,May,2,Profile,5,Stamps,79750
2017,5,May,2,Profile,6,Income Tax,1449096
2017,5,May,2,Profile,7,Corporation Tax,1041540
2017,5,May,2,Profile,8,Valued Added Tax,2062673
2017,5,May,2,Profile,10,Local Property Tax,24100
2017,6,June,1,Actual Outturn,1,Customs,26090
2017,6,June,1,Actual Outturn,2,Excise Duty,533238
2017,6,June,1,Actual Outturn,3,Capital Gains Tax,12538
2017,6,June,1,Actual Outturn,4,Capital Acquisitions Tax,16849
2017,6,June,1,Actual Outturn,5,Stamps,79988
2017,6,June,1,Actual Outturn,6,Income Tax,1420902
2017,6,June,1,Actual Outturn,7,Corporation Tax,1852764
2017,6,June,1,Actual Outturn,8,Valued Added Tax,78049
2017,6,June,1,Actual Outturn,9,Training and Employment Levy,8
2017,6,June,1,Actual Outturn,10,Local Property Tax,22082
2017,6,June,1,Actual Outturn,20,Unallocated Tax Receipts,-12455
2017,6,June,2,Profile,1,Customs,24693
2017,6,June,2,Profile,2,Excise Duty,514550
2017,6,June,2,Profile,3,Capital Gains Tax,6085
2017,6,June,2,Profile,4,Capital Acquisitions Tax,16037
2017,6,June,2,Profile,5,Stamps,81254
2017,6,June,2,Profile,6,Income Tax,1431980
2017,6,June,2,Profile,7,Corporation Tax,1647584
2017,6,June,2,Profile,8,Valued Added Tax,129699
2017,6,June,2,Profile,10,Local Property Tax,20620
2017,7,July,1,Actual Outturn,1,Customs,31510
2017,7,July,1,Actual Outturn,2,Excise Duty,539410
2017,7,July,1,Actual Outturn,3,Capital Gains Tax,25826
2017,7,July,1,Actual Outturn,4,Capital Acquisitions Tax,18933
2017,7,July,1,Actual Outturn,5,Stamps,108209
2017,7,July,1,Actual Outturn,6,Income Tax,1674365
2017,7,July,1,Actual Outturn,7,Corporation Tax,86313
2017,7,July,1,Actual Outturn,8,Valued Added Tax,1887231
2017,7,July,1,Actual Outturn,9,Training and Employment Levy,218
2017,7,July,1,Actual Outturn,10,Local Property Tax,21003
2017,7,July,1,Actual Outturn,20,Unallocated Tax Receipts,3985
2017,7,July,2,Profile,1,Customs,29241
2017,7,July,2,Profile,2,Excise Duty,498978
2017,7,July,2,Profile,3,Capital Gains Tax,14151
2017,7,July,2,Profile,4,Capital Acquisitions Tax,20417
2017,7,July,2,Profile,5,Stamps,127075
2017,7,July,2,Profile,6,Income Tax,1668881
2017,7,July,2,Profile,7,Corporation Tax,120555
2017,7,July,2,Profile,8,Valued Added Tax,2015738
2017,7,July,2,Profile,10,Local Property Tax,21126
2017,8,August,1,Actual Outturn,1,Customs,32866
2017,8,August,1,Actual Outturn,2,Excise Duty,441258
2017,8,August,1,Actual Outturn,3,Capital Gains Tax,16141
2017,8,August,1,Actual Outturn,4,Capital Acquisitions Tax,23241
2017,8,August,1,Actual Outturn,5,Stamps,85089
2017,8,August,1,Actual Outturn,6,Income Tax,1496762
2017,8,August,1,Actual Outturn,7,Corporation Tax,322202
2017,8,August,1,Actual Outturn,8,Valued Added Tax,233500
2017,8,August,1,Actual Outturn,9,Training and Employment Levy,0
2017,8,August,1,Actual Outturn,10,Local Property Tax,21619
2017,8,August,1,Actual Outturn,20,Unallocated Tax Receipts,-8715
2017,8,August,2,Profile,1,Customs,29587
2017,8,August,2,Profile,2,Excise Duty,506104
2017,8,August,2,Profile,3,Capital Gains Tax,10107
2017,8,August,2,Profile,4,Capital Acquisitions Tax,20064
2017,8,August,2,Profile,5,Stamps,94894
2017,8,August,2,Profile,6,Income Tax,1509917
2017,8,August,2,Profile,7,Corporation Tax,242048
2017,8,August,2,Profile,8,Valued Added Tax,211670
2017,8,August,2,Profile,10,Local Property Tax,18620
2017,9,September,1,Actual Outturn,1,Customs,27936
2017,9,September,1,Actual Outturn,2,Excise Duty,452998
2017,9,September,1,Actual Outturn,3,Capital Gains Tax,18465
2017,9,September,1,Actual Outturn,4,Capital Acquisitions Tax,33066
2017,9,September,1,Actual Outturn,5,Stamps,68134
2017,9,September,1,Actual Outturn,6,Income Tax,1388315
2017,9,September,1,Actual Outturn,7,Corporation Tax,741524
2017,9,September,1,Actual Outturn,8,Valued Added Tax,1991911
2017,9,September,1,Actual Outturn,9,Training and Employment Levy,79
2017,9,September,1,Actual Outturn,10,Local Property Tax,19965
2017,9,September,1,Actual Outturn,20,Unallocated Tax Receipts,-1336
2017,9,September,2,Profile,1,Customs,39442
2017,9,September,2,Profile,2,Excise Duty,460733
2017,9,September,2,Profile,3,Capital Gains Tax,12005
2017,9,September,2,Profile,4,Capital Acquisitions Tax,24721
2017,9,September,2,Profile,5,Stamps,72743
2017,9,September,2,Profile,6,Income Tax,1354992
2017,9,September,2,Profile,7,Corporation Tax,638227
2017,9,September,2,Profile,8,Valued Added Tax,2123617
2017,9,September,2,Profile,10,Local Property Tax,18098
2017,10,October,1,Actual Outturn,1,Customs,31999
2017,10,October,1,Actual Outturn,2,Excise Duty,732811
2017,10,October,1,Actual Outturn,3,Capital Gains Tax,24312
2017,10,October,1,Actual Outturn,4,Capital Acquisitions Tax,91805
2017,10,October,1,Actual Outturn,5,Stamps,255591
2017,10,October,1,Actual Outturn,6,Income Tax,1645626
2017,10,October,1,Actual Outturn,7,Corporation Tax,752650
2017,10,October,1,Actual Outturn,8,Valued Added Tax,200821
2017,10,October,1,Actual Outturn,9,Training and Employment Levy,14
2017,10,October,1,Actual Outturn,10,Local Property Tax,23048
2017,10,October,1,Actual Outturn,20,Unallocated Tax Receipts,10362
2017,10,October,2,Profile,1,Customs,35058
2017,10,October,2,Profile,2,Excise Duty,567966
2017,10,October,2,Profile,3,Capital Gains Tax,18426
2017,10,October,2,Profile,4,Capital Acquisitions Tax,71185
2017,10,October,2,Profile,5,Stamps,237817
2017,10,October,2,Profile,6,Income Tax,1611117
2017,10,October,2,Profile,7,Corporation Tax,706025
2017,10,October,2,Profile,8,Valued Added Tax,282774
2017,10,October,2,Profile,10,Local Property Tax,19941
2017,11,November,1,Actual Outturn,1,Customs,27200
2017,11,November,1,Actual Outturn,2,Excise Duty,622908
2017,11,November,1,Actual Outturn,3,Capital Gains Tax,70401
2017,11,November,1,Actual Outturn,4,Capital Acquisitions Tax,187666
2017,11,November,1,Actual Outturn,5,Stamps,85357
2017,11,November,1,Actual Outturn,6,Income Tax,3032294
2017,11,November,1,Actual Outturn,7,Corporation Tax,2230817
2017,11,November,1,Actual Outturn,8,Valued Added Tax,2004229
2017,11,November,1,Actual Outturn,9,Training and Employment Levy,9
2017,11,November,1,Actual Outturn,10,Local Property Tax,48573
2017,11,November,1,Actual Outturn,20,Unallocated Tax Receipts,-8425
2017,11,November,2,Profile,1,Customs,33646
2017,11,November,2,Profile,2,Excise Duty,556330
2017,11,November,2,Profile,3,Capital Gains Tax,72203
2017,11,November,2,Profile,4,Capital Acquisitions Tax,188049
2017,11,November,2,Profile,5,Stamps,117451
2017,11,November,2,Profile,6,Income Tax,3129800
2017,11,November,2,Profile,7,Corporation Tax,2050269
2017,11,November,2,Profile,8,Valued Added Tax,1920767
2017,11,November,2,Profile,10,Local Property Tax,46919
2017,12,December  ,1,Actual Outturn,1,Customs,28200
2017,12,December  ,1,Actual Outturn,2,Excise Duty,353148
2017,12,December  ,1,Actual Outturn,3,Capital Gains Tax,539161
2017,12,December  ,1,Actual Outturn,4,Capital Acquisitions Tax,14765
2017,12,December  ,1,Actual Outturn,5,Stamps,137076
2017,12,December  ,1,Actual Outturn,6,Income Tax,1726211
2017,12,December  ,1,Actual Outturn,7,Corporation Tax,548348
2017,12,December  ,1,Actual Outturn,8,Valued Added Tax,79741
2017,12,December  ,1,Actual Outturn,9,Training and Employment Levy,10
2017,12,December  ,1,Actual Outturn,10,Local Property Tax,43106
2017,12,December  ,1,Actual Outturn,20,Unallocated Tax Receipts,-20746
2017,12,December  ,2,Profile,1,Customs,27823
2017,12,December  ,2,Profile,2,Excise Duty,528539
2017,12,December  ,2,Profile,3,Capital Gains Tax,461934
2017,12,December  ,2,Profile,4,Capital Acquisitions Tax,21023
2017,12,December  ,2,Profile,5,Stamps,156308
2017,12,December  ,2,Profile,6,Income Tax,1711219
2017,12,December  ,2,Profile,7,Corporation Tax,458156
2017,12,December  ,2,Profile,8,Valued Added Tax,116863
2017,12,December  ,2,Profile,10,Local Property Tax,42953
2018,1,January,1,Actual Outturn,1,Customs,16736
2018,1,January,1,Actual Outturn,2,Excise Duty,477925
2018,1,January,1,Actual Outturn,3,Capital Gains Tax,61640
2018,1,January,1,Actual Outturn,4,Capital Acquisitions Tax,12876
2018,1,January,1,Actual Outturn,5,Stamps,124107
2018,1,January,1,Actual Outturn,6,Income Tax,1750432
2018,1,January,1,Actual Outturn,7,Corporation Tax,24941
2018,1,January,1,Actual Outturn,8,Valued Added Tax,2445116
2018,1,January,1,Actual Outturn,9,Training and Employment Levy,0
2018,1,January,1,Actual Outturn,10,Local Property Tax,0
2018,1,January,1,Actual Outturn,20,Unallocated Tax Receipts,18303
2018,1,January,1,Actual Outturn,21,Motor Vehicle Duties,86820
2018,1,January,2,Profile,1,Customs,17000
2018,1,January,2,Profile,2,Excise Duty,478000
2018,1,January,2,Profile,3,Capital Gains Tax,62000
2018,1,January,2,Profile,4,Capital Acquisitions Tax,13000
2018,1,January,2,Profile,5,Stamps,124000
2018,1,January,2,Profile,6,Income Tax,1760000
2018,1,January,2,Profile,7,Corporation Tax,25000
2018,1,January,2,Profile,8,Valued Added Tax,2454000
2018,1,January,2,Profile,21,Motor Vehicle Duties,87000
2018,2,February,1,Actual Outturn,1,Customs,35500
2018,2,February,1,Actual Outturn,2,Excise Duty,379208
2018,2,February,1,Actual Outturn,3,Capital Gains Tax,67150
2018,2,February,1,Actual Outturn,4,Capital Acquisitions Tax,14039
2018,2,February,1,Actual Outturn,5,Stamps,104580
2018,2,February,1,Actual Outturn,6,Income Tax,1583595
2018,2,February,1,Actual Outturn,7,Corporation Tax,188333
2018,2,February,1,Actual Outturn,8,Valued Added Tax,320538
2018,2,February,1,Actual Outturn,9,Training and Employment Levy,0
2018,2,February,1,Actual Outturn,10,Local Property Tax,0
2018,2,February,1,Actual Outturn,20,Unallocated Tax Receipts,18569
2018,2,February,1,Actual Outturn,21,Motor Vehicle Duties,83170
2018,2,February,2,Profile,1,Customs,25000
2018,2,February,2,Profile,2,Excise Duty,373000
2018,2,February,2,Profile,3,Capital Gains Tax,62000
2018,2,February,2,Profile,4,Capital Acquisitions Tax,12000
2018,2,February,2,Profile,5,Stamps,115000
2018,2,February,2,Profile,6,Income Tax,1566000
2018,2,February,2,Profile,7,Corporation Tax,205000
2018,2,February,2,Profile,8,Valued Added Tax,390000
2018,2,February,2,Profile,21,Motor Vehicle Duties,88000
2018,3,March,1,Actual Outturn,1,Customs,27500
2018,3,March,1,Actual Outturn,2,Excise Duty,376365
2018,3,March,1,Actual Outturn,3,Capital Gains Tax,10478
2018,3,March,1,Actual Outturn,4,Capital Acquisitions Tax,13641
2018,3,March,1,Actual Outturn,5,Stamps,72990
2018,3,March,1,Actual Outturn,6,Income Tax,1334321
2018,3,March,1,Actual Outturn,7,Corporation Tax,318965
2018,3,March,1,Actual Outturn,8,Valued Added Tax,1910321
2018,3,March,1,Actual Outturn,9,Training and Employment Levy,0
2018,3,March,1,Actual Outturn,10,Local Property Tax,0
2018,3,March,1,Actual Outturn,20,Unallocated Tax Receipts,-12448
2018,3,March,1,Actual Outturn,21,Motor Vehicle Duties,86557
2018,3,March,2,Profile,1,Customs,28000
2018,3,March,2,Profile,2,Excise Duty,445000
2018,3,March,2,Profile,3,Capital Gains Tax,9000
2018,3,March,2,Profile,4,Capital Acquisitions Tax,14000
2018,3,March,2,Profile,5,Stamps,102000
2018,3,March,2,Profile,6,Income Tax,1422000
2018,3,March,2,Profile,7,Corporation Tax,307000
2018,3,March,2,Profile,8,Valued Added Tax,1817000
2018,3,March,2,Profile,21,Motor Vehicle Duties,93000
2018,4,April,1,Actual Outturn,1,Customs,20000
2018,4,April,1,Actual Outturn,2,Excise Duty,427711
2018,4,April,1,Actual Outturn,3,Capital Gains Tax,11502
2018,4,April,1,Actual Outturn,4,Capital Acquisitions Tax,14565
2018,4,April,1,Actual Outturn,5,Stamps,100040
2018,4,April,1,Actual Outturn,6,Income Tax,1867278
2018,4,April,1,Actual Outturn,7,Corporation Tax,85400
2018,4,April,1,Actual Outturn,8,Valued Added Tax,168242
2018,4,April,1,Actual Outturn,9,Training and Employment Levy,0
2018,4,April,1,Actual Outturn,10,Local Property Tax,0
2018,4,April,1,Actual Outturn,20,Unallocated Tax Receipts,685
2018,4,April,1,Actual Outturn,21,Motor Vehicle Duties,89716
2018,4,April,2,Profile,1,Customs,29000
2018,4,April,2,Profile,2,Excise Duty,421000
2018,4,April,2,Profile,3,Capital Gains Tax,12000
2018,4,April,2,Profile,4,Capital Acquisitions Tax,17000
2018,4,April,2,Profile,5,Stamps,104000
2018,4,April,2,Profile,6,Income Tax,1861000
2018,4,April,2,Profile,7,Corporation Tax,101000
2018,4,April,2,Profile,8,Valued Added Tax,215000
2018,4,April,2,Profile,21,Motor Vehicle Duties,85000
2018,5,May,1,Actual Outturn,1,Customs,23000
2018,5,May,1,Actual Outturn,2,Excise Duty,413638
2018,5,May,1,Actual Outturn,3,Capital Gains Tax,11352
2018,5,May,1,Actual Outturn,4,Capital Acquisitions Tax,18274
2018,5,May,1,Actual Outturn,5,Stamps,137022
2018,5,May,1,Actual Outturn,6,Income Tax,1554469
2018,5,May,1,Actual Outturn,7,Corporation Tax,1463440
2018,5,May,1,Actual Outturn,8,Valued Added Tax,2071797
2018,5,May,1,Actual Outturn,9,Training and Employment Levy,0
2018,5,May,1,Actual Outturn,10,Local Property Tax,0
2018,5,May,1,Actual Outturn,20,Unallocated Tax Receipts,24212
2018,5,May,1,Actual Outturn,21,Motor Vehicle Duties,89392
2018,5,May,2,Profile,1,Customs,28000
2018,5,May,2,Profile,2,Excise Duty,426000
2018,5,May,2,Profile,3,Capital Gains Tax,8000
2018,5,May,2,Profile,4,Capital Acquisitions Tax,19000
2018,5,May,2,Profile,5,Stamps,117000
2018,5,May,2,Profile,6,Income Tax,1500000
2018,5,May,2,Profile,7,Corporation Tax,1196000
2018,5,May,2,Profile,8,Valued Added Tax,2146000
2018,5,May,2,Profile,21,Motor Vehicle Duties,88000
2018,6,June,1,Actual Outturn,1,Customs,23700
2018,6,June,1,Actual Outturn,2,Excise Duty,396409
2018,6,June,1,Actual Outturn,3,Capital Gains Tax,10303
2018,6,June,1,Actual Outturn,4,Capital Acquisitions Tax,19637
2018,6,June,1,Actual Outturn,5,Stamps,85643
2018,6,June,1,Actual Outturn,6,Income Tax,1653037
2018,6,June,1,Actual Outturn,7,Corporation Tax,1951806
2018,6,June,1,Actual Outturn,8,Valued Added Tax,184681
2018,6,June,1,Actual Outturn,9,Training and Employment Levy,0
2018,6,June,1,Actual Outturn,10,Local Property Tax,0
2018,6,June,1,Actual Outturn,20,Unallocated Tax Receipts,-7400
2018,6,June,1,Actual Outturn,21,Motor Vehicle Duties,78797
2018,6,June,2,Profile,1,Customs,26000
2018,6,June,2,Profile,2,Excise Duty,516000
2018,6,June,2,Profile,3,Capital Gains Tax,8000
2018,6,June,2,Profile,4,Capital Acquisitions Tax,17000
2018,6,June,2,Profile,5,Stamps,100000
2018,6,June,2,Profile,6,Income Tax,1542000
2018,6,June,2,Profile,7,Corporation Tax,1864000
2018,6,June,2,Profile,8,Valued Added Tax,148000
2018,6,June,2,Profile,21,Motor Vehicle Duties,84000
2018,7,July,1,Actual Outturn,1,Customs,25900
2018,7,July,1,Actual Outturn,2,Excise Duty,525248
2018,7,July,1,Actual Outturn,3,Capital Gains Tax,15104
2018,7,July,1,Actual Outturn,4,Capital Acquisitions Tax,23235
2018,7,July,1,Actual Outturn,5,Stamps,134440
2018,7,July,1,Actual Outturn,6,Income Tax,1703770
2018,7,July,1,Actual Outturn,7,Corporation Tax,149868
2018,7,July,1,Actual Outturn,8,Valued Added Tax,2086326
2018,7,July,1,Actual Outturn,9,Training and Employment Levy,0
2018,7,July,1,Actual Outturn,10,Local Property Tax,0
2018,7,July,1,Actual Outturn,20,Unallocated Tax Receipts,-8121
2018,7,July,1,Actual Outturn,21,Motor Vehicle Duties,92693
2018,7,July,2,Profile,1,Customs,31000
2018,7,July,2,Profile,2,Excise Duty,540000
2018,7,July,2,Profile,3,Capital Gains Tax,17000
2018,7,July,2,Profile,4,Capital Acquisitions Tax,21000
2018,7,July,2,Profile,5,Stamps,148000
2018,7,July,2,Profile,6,Income Tax,1783000
2018,7,July,2,Profile,7,Corporation Tax,106000
2018,7,July,2,Profile,8,Valued Added Tax,2007000
2018,7,July,2,Profile,21,Motor Vehicle Duties,90000
2018,8,August,1,Actual Outturn,1,Customs,29500
2018,8,August,1,Actual Outturn,2,Excise Duty,478182
2018,8,August,1,Actual Outturn,3,Capital Gains Tax,13126
2018,8,August,1,Actual Outturn,4,Capital Acquisitions Tax,27110
2018,8,August,1,Actual Outturn,5,Stamps,111010
2018,8,August,1,Actual Outturn,6,Income Tax,1604556
2018,8,August,1,Actual Outturn,7,Corporation Tax,183218
2018,8,August,1,Actual Outturn,8,Valued Added Tax,194620
2018,8,August,1,Actual Outturn,9,Training and Employment Levy,0
2018,8,August,1,Actual Outturn,10,Local Property Tax,0
2018,8,August,1,Actual Outturn,20,Unallocated Tax Receipts,13952
2018,8,August,1,Actual Outturn,21,Motor Vehicle Duties,77108
2018,8,August,2,Profile,1,Customs,33000
2018,8,August,2,Profile,2,Excise Duty,525000
2018,8,August,2,Profile,3,Capital Gains Tax,11000
2018,8,August,2,Profile,4,Capital Acquisitions Tax,22000
2018,8,August,2,Profile,5,Stamps,126000
2018,8,August,2,Profile,6,Income Tax,1639000
2018,8,August,2,Profile,7,Corporation Tax,285000
2018,8,August,2,Profile,8,Valued Added Tax,287000
2018,8,August,2,Profile,21,Motor Vehicle Duties,80000
2018,9,September,1,Actual Outturn,1,Customs,37700
2018,9,September,1,Actual Outturn,2,Excise Duty,404774
2018,9,September,1,Actual Outturn,3,Capital Gains Tax,22359
2018,9,September,1,Actual Outturn,4,Capital Acquisitions Tax,31299
2018,9,September,1,Actual Outturn,5,Stamps,69583
2018,9,September,1,Actual Outturn,6,Income Tax,1483078
2018,9,September,1,Actual Outturn,7,Corporation Tax,792815
2018,9,September,1,Actual Outturn,8,Valued Added Tax,2188989
2018,9,September,1,Actual Outturn,9,Training and Employment Levy,0
2018,9,September,1,Actual Outturn,10,Local Property Tax,0
2018,9,September,1,Actual Outturn,20,Unallocated Tax Receipts,5244
2018,9,September,1,Actual Outturn,21,Motor Vehicle Duties,71533
2018,9,September,2,Profile,1,Customs,35000
2018,9,September,2,Profile,2,Excise Duty,494000
2018,9,September,2,Profile,3,Capital Gains Tax,16000
2018,9,September,2,Profile,4,Capital Acquisitions Tax,29000
2018,9,September,2,Profile,5,Stamps,103000
2018,9,September,2,Profile,6,Income Tax,1470000
2018,9,September,2,Profile,7,Corporation Tax,763000
2018,9,September,2,Profile,8,Valued Added Tax,2147000
2018,9,September,2,Profile,21,Motor Vehicle Duties,77000
2018,10,October,1,Actual Outturn,1,Customs,30000
2018,10,October,1,Actual Outturn,2,Excise Duty,539603
2018,10,October,1,Actual Outturn,3,Capital Gains Tax,62608
2018,10,October,1,Actual Outturn,4,Capital Acquisitions Tax,113837
2018,10,October,1,Actual Outturn,5,Stamps,271106
2018,10,October,1,Actual Outturn,6,Income Tax,1733822
2018,10,October,1,Actual Outturn,7,Corporation Tax,1578909
2018,10,October,1,Actual Outturn,8,Valued Added Tax,240677
2018,10,October,1,Actual Outturn,9,Training and Employment Levy,0
2018,10,October,1,Actual Outturn,10,Local Property Tax,0
2018,10,October,1,Actual Outturn,20,Unallocated Tax Receipts,-17243
2018,10,October,1,Actual Outturn,21,Motor Vehicle Duties,81028
2018,10,October,2,Profile,1,Customs,33000
2018,10,October,2,Profile,2,Excise Duty,562000
2018,10,October,2,Profile,3,Capital Gains Tax,21000
2018,10,October,2,Profile,4,Capital Acquisitions Tax,82000
2018,10,October,2,Profile,5,Stamps,319000
2018,10,October,2,Profile,6,Income Tax,1735000
2018,10,October,2,Profile,7,Corporation Tax,806000
2018,10,October,2,Profile,8,Valued Added Tax,290000
2018,10,October,2,Profile,21,Motor Vehicle Duties,65000
2018,11,November,1,Actual Outturn,1,Customs,36200
2018,11,November,1,Actual Outturn,2,Excise Duty,577713
2018,11,November,1,Actual Outturn,3,Capital Gains Tax,90716
2018,11,November,1,Actual Outturn,4,Capital Acquisitions Tax,212523
2018,11,November,1,Actual Outturn,5,Stamps,102669
2018,11,November,1,Actual Outturn,6,Income Tax,3186201
2018,11,November,1,Actual Outturn,7,Corporation Tax,2708794
2018,11,November,1,Actual Outturn,8,Valued Added Tax,2269139
2018,11,November,1,Actual Outturn,9,Training and Employment Levy,0
2018,11,November,1,Actual Outturn,10,Local Property Tax,0
2018,11,November,1,Actual Outturn,20,Unallocated Tax Receipts,18272
2018,11,November,1,Actual Outturn,21,Motor Vehicle Duties,70616
2018,11,November,2,Profile,1,Customs,32000
2018,11,November,2,Profile,2,Excise Duty,536000
2018,11,November,2,Profile,3,Capital Gains Tax,71000
2018,11,November,2,Profile,4,Capital Acquisitions Tax,204000
2018,11,November,2,Profile,5,Stamps,125000
2018,11,November,2,Profile,6,Income Tax,3270000
2018,11,November,2,Profile,7,Corporation Tax,2239000
2018,11,November,2,Profile,8,Valued Added Tax,2086000
2018,11,November,2,Profile,21,Motor Vehicle Duties,79000
2018,12,December  ,1,Actual Outturn,1,Customs,26900
2018,12,December  ,1,Actual Outturn,2,Excise Duty,421047
2018,12,December  ,1,Actual Outturn,3,Capital Gains Tax,617168
2018,12,December  ,1,Actual Outturn,4,Capital Acquisitions Tax,21452
2018,12,December  ,1,Actual Outturn,5,Stamps,140115
2018,12,December  ,1,Actual Outturn,6,Income Tax,1787134
2018,12,December  ,1,Actual Outturn,7,Corporation Tax,938707
2018,12,December  ,1,Actual Outturn,8,Valued Added Tax,153882
2018,12,December  ,1,Actual Outturn,9,Training and Employment Levy,0
2018,12,December  ,1,Actual Outturn,10,Local Property Tax,0
2018,12,December  ,1,Actual Outturn,20,Unallocated Tax Receipts,-54025
2018,12,December  ,1,Actual Outturn,21,Motor Vehicle Duties,69088
2018,12,December  ,2,Profile,1,Customs,29000
2018,12,December  ,2,Profile,2,Excise Duty,504000
2018,12,December  ,2,Profile,3,Capital Gains Tax,547000
2018,12,December  ,2,Profile,4,Capital Acquisitions Tax,20000
2018,12,December  ,2,Profile,5,Stamps,186000
2018,12,December  ,2,Profile,6,Income Tax,1898000
2018,12,December  ,2,Profile,7,Corporation Tax,607000
2018,12,December  ,2,Profile,8,Valued Added Tax,104000
2018,12,December  ,2,Profile,21,Motor Vehicle Duties,68000
2019,1,January,1,Actual Outturn,1,Customs,26900
2019,1,January,1,Actual Outturn,2,Excise Duty,463855
2019,1,January,1,Actual Outturn,3,Capital Gains Tax,72599
2019,1,January,1,Actual Outturn,4,Capital Acquisitions Tax,14467
2019,1,January,1,Actual Outturn,5,Stamps,140968
2019,1,January,1,Actual Outturn,6,Income Tax,1883147
2019,1,January,1,Actual Outturn,7,Corporation Tax,-102006
2019,1,January,1,Actual Outturn,8,Valued Added Tax,2729975
2019,1,January,1,Actual Outturn,9,Training and Employment Levy,0
2019,1,January,1,Actual Outturn,10,Local Property Tax,0
2019,1,January,1,Actual Outturn,20,Unallocated Tax Receipts,45055
2019,1,January,1,Actual Outturn,21,Motor Vehicle Duties,94920
2019,1,January,2,Profile,1,Customs,27000
2019,1,January,2,Profile,2,Excise Duty,464000
2019,1,January,2,Profile,3,Capital Gains Tax,73000
2019,1,January,2,Profile,4,Capital Acquisitions Tax,14000
2019,1,January,2,Profile,5,Stamps,141000
2019,1,January,2,Profile,6,Income Tax,1906000
2019,1,January,2,Profile,7,Corporation Tax,-102000
2019,1,January,2,Profile,8,Valued Added Tax,2753000
2019,1,January,2,Profile,21,Motor Vehicle Duties,95000
2019,2,February,1,Actual Outturn,1,Customs,42100
2019,2,February,1,Actual Outturn,2,Excise Duty,390619
2019,2,February,1,Actual Outturn,3,Capital Gains Tax,80468
2019,2,February,1,Actual Outturn,4,Capital Acquisitions Tax,12137
2019,2,February,1,Actual Outturn,5,Stamps,90963
2019,2,February,1,Actual Outturn,6,Income Tax,1588884
2019,2,February,1,Actual Outturn,7,Corporation Tax,271958
2019,2,February,1,Actual Outturn,8,Valued Added Tax,172388
2019,2,February,1,Actual Outturn,9,Training and Employment Levy,0
2019,2,February,1,Actual Outturn,10,Local Property Tax,0
2019,2,February,1,Actual Outturn,20,Unallocated Tax Receipts,2491
2019,2,February,1,Actual Outturn,21,Motor Vehicle Duties,84530
2019,2,February,2,Profile,1,Customs,27000
2019,2,February,2,Profile,2,Excise Duty,401000
2019,2,February,2,Profile,3,Capital Gains Tax,65000
2019,2,February,2,Profile,4,Capital Acquisitions Tax,13000
2019,2,February,2,Profile,5,Stamps,100000
2019,2,February,2,Profile,6,Income Tax,1745000
2019,2,February,2,Profile,7,Corporation Tax,78000
2019,2,February,2,Profile,8,Valued Added Tax,275000
2019,2,February,2,Profile,21,Motor Vehicle Duties,82000
2019,3,March,1,Actual Outturn,1,Customs,21400
2019,3,March,1,Actual Outturn,2,Excise Duty,520327
2019,3,March,1,Actual Outturn,3,Capital Gains Tax,21854
2019,3,March,1,Actual Outturn,4,Capital Acquisitions Tax,20829
2019,3,March,1,Actual Outturn,5,Stamps,92520
2019,3,March,1,Actual Outturn,6,Income Tax,1501195
2019,3,March,1,Actual Outturn,7,Corporation Tax,353698
2019,3,March,1,Actual Outturn,8,Valued Added Tax,2083169
2019,3,March,1,Actual Outturn,9,Training and Employment Levy,0
2019,3,March,1,Actual Outturn,10,Local Property Tax,0
2019,3,March,1,Actual Outturn,20,Unallocated Tax Receipts,-12277
2019,3,March,1,Actual Outturn,21,Motor Vehicle Duties,86228
2019,3,March,2,Profile,1,Customs,29000
2019,3,March,2,Profile,2,Excise Duty,480000
2019,3,March,2,Profile,3,Capital Gains Tax,13000
2019,3,March,2,Profile,4,Capital Acquisitions Tax,14000
2019,3,March,2,Profile,5,Stamps,108000
2019,3,March,2,Profile,6,Income Tax,1493000
2019,3,March,2,Profile,7,Corporation Tax,281000
2019,3,March,2,Profile,8,Valued Added Tax,1979000
2019,3,March,2,Profile,21,Motor Vehicle Duties,85000
2019,4,April,1,Actual Outturn,1,Customs,15910
2019,4,April,1,Actual Outturn,2,Excise Duty,592544
2019,4,April,1,Actual Outturn,3,Capital Gains Tax,15751
2019,4,April,1,Actual Outturn,4,Capital Acquisitions Tax,15704
2019,4,April,1,Actual Outturn,5,Stamps,103710
2019,4,April,1,Actual Outturn,6,Income Tax,1991781
2019,4,April,1,Actual Outturn,7,Corporation Tax,-55683
2019,4,April,1,Actual Outturn,8,Valued Added Tax,6171
2019,4,April,1,Actual Outturn,9,Training and Employment Levy,0
2019,4,April,1,Actual Outturn,10,Local Property Tax,0
2019,4,April,1,Actual Outturn,20,Unallocated Tax Receipts,-785
2019,4,April,1,Actual Outturn,21,Motor Vehicle Duties,90397
2019,4,April,2,Profile,1,Customs,28000
2019,4,April,2,Profile,2,Excise Duty,481000
2019,4,April,2,Profile,3,Capital Gains Tax,9000
2019,4,April,2,Profile,4,Capital Acquisitions Tax,19000
2019,4,April,2,Profile,5,Stamps,114000
2019,4,April,2,Profile,6,Income Tax,1994000
2019,4,April,2,Profile,7,Corporation Tax,54000
2019,4,April,2,Profile,8,Valued Added Tax,175000
2019,4,April,2,Profile,21,Motor Vehicle Duties,84000
2019,5,May,1,Actual Outturn,1,Customs,24200
2019,5,May,1,Actual Outturn,2,Excise Duty,480281
2019,5,May,1,Actual Outturn,3,Capital Gains Tax,19831
2019,5,May,1,Actual Outturn,4,Capital Acquisitions Tax,17944
2019,5,May,1,Actual Outturn,5,Stamps,95172
2019,5,May,1,Actual Outturn,6,Income Tax,1759855
2019,5,May,1,Actual Outturn,7,Corporation Tax,1339372
2019,5,May,1,Actual Outturn,8,Valued Added Tax,2316022
2019,5,May,1,Actual Outturn,9,Training and Employment Levy,0
2019,5,May,1,Actual Outturn,10,Local Property Tax,0
2019,5,May,1,Actual Outturn,20,Unallocated Tax Receipts,2808
2019,5,May,1,Actual Outturn,21,Motor Vehicle Duties,84118
2019,5,May,2,Profile,1,Customs,27000
2019,5,May,2,Profile,2,Excise Duty,479000
2019,5,May,2,Profile,3,Capital Gains Tax,12000
2019,5,May,2,Profile,4,Capital Acquisitions Tax,21000
2019,5,May,2,Profile,5,Stamps,138000
2019,5,May,2,Profile,6,Income Tax,1643000
2019,5,May,2,Profile,7,Corporation Tax,1729000
2019,5,May,2,Profile,8,Valued Added Tax,2237000
2019,5,May,2,Profile,21,Motor Vehicle Duties,81000
2019,6,June,1,Actual Outturn,1,Customs,28300
2019,6,June,1,Actual Outturn,2,Excise Duty,473278
2019,6,June,1,Actual Outturn,3,Capital Gains Tax,15978
2019,6,June,1,Actual Outturn,4,Capital Acquisitions Tax,19575
2019,6,June,1,Actual Outturn,5,Stamps,78450
2019,6,June,1,Actual Outturn,6,Income Tax,1767166
2019,6,June,1,Actual Outturn,7,Corporation Tax,2366657
2019,6,June,1,Actual Outturn,8,Valued Added Tax,138124
2019,6,June,1,Actual Outturn,9,Training and Employment Levy,0
2019,6,June,1,Actual Outturn,10,Local Property Tax,0
2019,6,June,1,Actual Outturn,20,Unallocated Tax Receipts,-2644
2019,6,June,1,Actual Outturn,21,Motor Vehicle Duties,75653
2019,6,June,2,Profile,1,Customs,27000
2019,6,June,2,Profile,2,Excise Duty,486000
2019,6,June,2,Profile,3,Capital Gains Tax,10000
2019,6,June,2,Profile,4,Capital Acquisitions Tax,18000
2019,6,June,2,Profile,5,Stamps,92000
2019,6,June,2,Profile,6,Income Tax,1758000
2019,6,June,2,Profile,7,Corporation Tax,2193000
2019,6,June,2,Profile,8,Valued Added Tax,174000
2019,6,June,2,Profile,21,Motor Vehicle Duties,76000
2019,7,July,1,Actual Outturn,1,Customs,23300
2019,7,July,1,Actual Outturn,2,Excise Duty,504963
2019,7,July,1,Actual Outturn,3,Capital Gains Tax,17419
2019,7,July,1,Actual Outturn,4,Capital Acquisitions Tax,24448
2019,7,July,1,Actual Outturn,5,Stamps,142469
2019,7,July,1,Actual Outturn,6,Income Tax,1727396
2019,7,July,1,Actual Outturn,7,Corporation Tax,436700
2019,7,July,1,Actual Outturn,8,Valued Added Tax,2302655
2019,7,July,1,Actual Outturn,9,Training and Employment Levy,3
2019,7,July,1,Actual Outturn,10,Local Property Tax,0
2019,7,July,1,Actual Outturn,20,Unallocated Tax Receipts,2691
2019,7,July,1,Actual Outturn,21,Motor Vehicle Duties,91470
2019,7,July,2,Profile,1,Customs,31000
2019,7,July,2,Profile,2,Excise Duty,507000
2019,7,July,2,Profile,3,Capital Gains Tax,14000
2019,7,July,2,Profile,4,Capital Acquisitions Tax,22000
2019,7,July,2,Profile,5,Stamps,160000
2019,7,July,2,Profile,6,Income Tax,1869000
2019,7,July,2,Profile,7,Corporation Tax,168000
2019,7,July,2,Profile,8,Valued Added Tax,2177000
2019,7,July,2,Profile,21,Motor Vehicle Duties,87000
2019,8,August,1,Actual Outturn,1,Customs,36000
2019,8,August,1,Actual Outturn,2,Excise Duty,490083
2019,8,August,1,Actual Outturn,3,Capital Gains Tax,19971
2019,8,August,1,Actual Outturn,4,Capital Acquisitions Tax,27329
2019,8,August,1,Actual Outturn,5,Stamps,117039
2019,8,August,1,Actual Outturn,6,Income Tax,1860798
2019,8,August,1,Actual Outturn,7,Corporation Tax,317786
2019,8,August,1,Actual Outturn,8,Valued Added Tax,152903
2019,8,August,1,Actual Outturn,9,Training and Employment Levy,8
2019,8,August,1,Actual Outturn,10,Local Property Tax,0
2019,8,August,1,Actual Outturn,20,Unallocated Tax Receipts,8735
2019,8,August,1,Actual Outturn,21,Motor Vehicle Duties,75045
2019,8,August,2,Profile,1,Customs,32000
2019,8,August,2,Profile,2,Excise Duty,505000
2019,8,August,2,Profile,3,Capital Gains Tax,15000
2019,8,August,2,Profile,4,Capital Acquisitions Tax,24000
2019,8,August,2,Profile,5,Stamps,124000
2019,8,August,2,Profile,6,Income Tax,1720000
2019,8,August,2,Profile,7,Corporation Tax,213000
2019,8,August,2,Profile,8,Valued Added Tax,274000
2019,8,August,2,Profile,21,Motor Vehicle Duties,76000
2019,9,September,1,Actual Outturn,1,Customs,33600
2019,9,September,1,Actual Outturn,2,Excise Duty,448921
2019,9,September,1,Actual Outturn,3,Capital Gains Tax,29783
2019,9,September,1,Actual Outturn,4,Capital Acquisitions Tax,30637
2019,9,September,1,Actual Outturn,5,Stamps,104739
2019,9,September,1,Actual Outturn,6,Income Tax,1672076
2019,9,September,1,Actual Outturn,7,Corporation Tax,910098
2019,9,September,1,Actual Outturn,8,Valued Added Tax,2411107
2019,9,September,1,Actual Outturn,9,Training and Employment Levy,5
2019,9,September,1,Actual Outturn,10,Local Property Tax,0
2019,9,September,1,Actual Outturn,20,Unallocated Tax Receipts,13570
2019,9,September,1,Actual Outturn,21,Motor Vehicle Duties,76067
2019,9,September,2,Profile,1,Customs,38000
2019,9,September,2,Profile,2,Excise Duty,473000
2019,9,September,2,Profile,3,Capital Gains Tax,24000
2019,9,September,2,Profile,4,Capital Acquisitions Tax,32000
2019,9,September,2,Profile,5,Stamps,89000
2019,9,September,2,Profile,6,Income Tax,1583000
2019,9,September,2,Profile,7,Corporation Tax,667000
2019,9,September,2,Profile,8,Valued Added Tax,2314000
2019,9,September,2,Profile,21,Motor Vehicle Duties,70000
2019,10,October,1,Actual Outturn,1,Customs,36300
2019,10,October,1,Actual Outturn,2,Excise Duty,530083
2019,10,October,1,Actual Outturn,3,Capital Gains Tax,33577
2019,10,October,1,Actual Outturn,4,Capital Acquisitions Tax,96427
2019,10,October,1,Actual Outturn,5,Stamps,290538
2019,10,October,1,Actual Outturn,6,Income Tax,1836902
2019,10,October,1,Actual Outturn,7,Corporation Tax,1046634
2019,10,October,1,Actual Outturn,8,Valued Added Tax,240127
2019,10,October,1,Actual Outturn,9,Training and Employment Levy,6
2019,10,October,1,Actual Outturn,10,Local Property Tax,0
2019,10,October,1,Actual Outturn,20,Unallocated Tax Receipts,7584
2019,10,October,1,Actual Outturn,21,Motor Vehicle Duties,74223
2019,10,October,2,Profile,1,Customs,34000
2019,10,October,2,Profile,2,Excise Duty,538000
2019,10,October,2,Profile,3,Capital Gains Tax,29000
2019,10,October,2,Profile,4,Capital Acquisitions Tax,94000
2019,10,October,2,Profile,5,Stamps,299000
2019,10,October,2,Profile,6,Income Tax,1854000
2019,10,October,2,Profile,7,Corporation Tax,945000
2019,10,October,2,Profile,8,Valued Added Tax,293000
2019,10,October,2,Profile,21,Motor Vehicle Duties,74000
2019,11,November,1,Actual Outturn,1,Customs,32400
2019,11,November,1,Actual Outturn,2,Excise Duty,455869
2019,11,November,1,Actual Outturn,3,Capital Gains Tax,87527
2019,11,November,1,Actual Outturn,4,Capital Acquisitions Tax,236880
2019,11,November,1,Actual Outturn,5,Stamps,126463
2019,11,November,1,Actual Outturn,6,Income Tax,3529388
2019,11,November,1,Actual Outturn,7,Corporation Tax,3123079
2019,11,November,1,Actual Outturn,8,Valued Added Tax,2286933
2019,11,November,1,Actual Outturn,9,Training and Employment Levy,1
2019,11,November,1,Actual Outturn,10,Local Property Tax,0
2019,11,November,1,Actual Outturn,20,Unallocated Tax Receipts,-21837
2019,11,November,1,Actual Outturn,21,Motor Vehicle Duties,60749
2019,11,November,2,Profile,1,Customs,36000
2019,11,November,2,Profile,2,Excise Duty,550000
2019,11,November,2,Profile,3,Capital Gains Tax,82000
2019,11,November,2,Profile,4,Capital Acquisitions Tax,203000
2019,11,November,2,Profile,5,Stamps,128000
2019,11,November,2,Profile,6,Income Tax,3379000
2019,11,November,2,Profile,7,Corporation Tax,2375000
2019,11,November,2,Profile,8,Valued Added Tax,2359000
2019,11,November,2,Profile,21,Motor Vehicle Duties,65000
2019,12,December  ,1,Actual Outturn,1,Customs,28100
2019,12,December  ,1,Actual Outturn,2,Excise Duty,589544
2019,12,December  ,1,Actual Outturn,3,Capital Gains Tax,660298
2019,12,December  ,1,Actual Outturn,4,Capital Acquisitions Tax,16603
2019,12,December  ,1,Actual Outturn,5,Stamps,131883
2019,12,December  ,1,Actual Outturn,6,Income Tax,1815904
2019,12,December  ,1,Actual Outturn,7,Corporation Tax,879279
2019,12,December  ,1,Actual Outturn,8,Valued Added Tax,278030
2019,12,December  ,1,Actual Outturn,9,Training and Employment Levy,3
2019,12,December  ,1,Actual Outturn,10,Local Property Tax,0
2019,12,December  ,1,Actual Outturn,20,Unallocated Tax Receipts,-45391
2019,12,December  ,1,Actual Outturn,21,Motor Vehicle Duties,68699
2019,12,December  ,2,Profile,1,Customs,29000
2019,12,December  ,2,Profile,2,Excise Duty,576000
2019,12,December  ,2,Profile,3,Capital Gains Tax,654000
2019,12,December  ,2,Profile,4,Capital Acquisitions Tax,19000
2019,12,December  ,2,Profile,5,Stamps,183000
2019,12,December  ,2,Profile,6,Income Tax,1961000
2019,12,December  ,2,Profile,7,Corporation Tax,879000
2019,12,December  ,2,Profile,8,Valued Added Tax,129000
2019,12,December  ,2,Profile,21,Motor Vehicle Duties,65000
2020,1,January,1,Actual Outturn,1,Customs,23800
2020,1,January,1,Actual Outturn,2,Excise Duty,511968
2020,1,January,1,Actual Outturn,3,Capital Gains Tax,67571
2020,1,January,1,Actual Outturn,4,Capital Acquisitions Tax,23180
2020,1,January,1,Actual Outturn,5,Stamps,143626
2020,1,January,1,Actual Outturn,6,Income Tax,2197999
2020,1,January,1,Actual Outturn,7,Corporation Tax,115914
2020,1,January,1,Actual Outturn,8,Valued Added Tax,2701541
2020,1,January,1,Actual Outturn,9,Training and Employment Levy,0
2020,1,January,1,Actual Outturn,10,Local Property Tax,0
2020,1,January,1,Actual Outturn,20,Unallocated Tax Receipts,29989
2020,1,January,1,Actual Outturn,21,Motor Vehicle Duties,91235
2020,2,February,1,Actual Outturn,1,Customs,28600
2020,2,February,1,Actual Outturn,2,Excise Duty,369066
2020,2,February,1,Actual Outturn,3,Capital Gains Tax,84591
2020,2,February,1,Actual Outturn,4,Capital Acquisitions Tax,5796
2020,2,February,1,Actual Outturn,5,Stamps,134351
2020,2,February,1,Actual Outturn,6,Income Tax,1779739
2020,2,February,1,Actual Outturn,7,Corporation Tax,466603
2020,2,February,1,Actual Outturn,8,Valued Added Tax,355337
2020,2,February,1,Actual Outturn,9,Training and Employment Levy,0
2020,2,February,1,Actual Outturn,10,Local Property Tax,0
2020,2,February,1,Actual Outturn,20,Unallocated Tax Receipts,18066
2020,2,February,1,Actual Outturn,21,Motor Vehicle Duties,79460
2020,3,March,1,Actual Outturn,1,Customs,26000
2020,3,March,1,Actual Outturn,2,Excise Duty,401936
2020,3,March,1,Actual Outturn,3,Capital Gains Tax,27675
2020,3,March,1,Actual Outturn,4,Capital Acquisitions Tax,13470
2020,3,March,1,Actual Outturn,5,Stamps,124664
2020,3,March,1,Actual Outturn,6,Income Tax,1665252
2020,3,March,1,Actual Outturn,7,Corporation Tax,287454
2020,3,March,1,Actual Outturn,8,Valued Added Tax,1080257
2020,3,March,1,Actual Outturn,9,Training and Employment Levy,0
2020,3,March,1,Actual Outturn,10,Local Property Tax,0
2020,3,March,1,Actual Outturn,20,Unallocated Tax Receipts,-5039
2020,3,March,1,Actual Outturn,21,Motor Vehicle Duties,82820
2020,4,April,1,Actual Outturn,1,Customs,21700
2020,4,April,1,Actual Outturn,2,Excise Duty,308709
2020,4,April,1,Actual Outturn,3,Capital Gains Tax,16245
2020,4,April,1,Actual Outturn,4,Capital Acquisitions Tax,15037
2020,4,April,1,Actual Outturn,5,Stamps,118965
2020,4,April,1,Actual Outturn,6,Income Tax,1876840
2020,4,April,1,Actual Outturn,7,Corporation Tax,32597
2020,4,April,1,Actual Outturn,8,Valued Added Tax,86448
2020,4,April,1,Actual Outturn,9,Training and Employment Levy,0
2020,4,April,1,Actual Outturn,10,Local Property Tax,0
2020,4,April,1,Actual Outturn,20,Unallocated Tax Receipts,-449
2020,4,April,1,Actual Outturn,21,Motor Vehicle Duties,76118
2020,5,May,1,Actual Outturn,1,Customs,18900
2020,5,May,1,Actual Outturn,2,Excise Duty,306408
2020,5,May,1,Actual Outturn,3,Capital Gains Tax,17530
2020,5,May,1,Actual Outturn,4,Capital Acquisitions Tax,15888
2020,5,May,1,Actual Outturn,5,Stamps,90548
2020,5,May,1,Actual Outturn,6,Income Tax,1623121
2020,5,May,1,Actual Outturn,7,Corporation Tax,2563439
2020,5,May,1,Actual Outturn,8,Valued Added Tax,1496398
2020,5,May,1,Actual Outturn,9,Training and Employment Levy,0
2020,5,May,1,Actual Outturn,10,Local Property Tax,0
2020,5,May,1,Actual Outturn,20,Unallocated Tax Receipts,12438
2020,5,May,1,Actual Outturn,21,Motor Vehicle Duties,72945
2020,6,June,1,Actual Outturn,1,Customs,13500
2020,6,June,1,Actual Outturn,2,Excise Duty,325969
2020,6,June,1,Actual Outturn,3,Capital Gains Tax,28675
2020,6,June,1,Actual Outturn,4,Capital Acquisitions Tax,22507
2020,6,June,1,Actual Outturn,5,Stamps,72047
2020,6,June,1,Actual Outturn,6,Income Tax,1399041
2020,6,June,1,Actual Outturn,7,Corporation Tax,2428936
2020,6,June,1,Actual Outturn,8,Valued Added Tax,201368
2020,6,June,1,Actual Outturn,9,Training and Employment Levy,0
2020,6,June,1,Actual Outturn,10,Local Property Tax,0
2020,6,June,1,Actual Outturn,20,Unallocated Tax Receipts,580820
2020,6,June,1,Actual Outturn,21,Motor Vehicle Duties,87130
2020,7,July,1,Actual Outturn,1,Customs,12950
2020,7,July,1,Actual Outturn,2,Excise Duty,597910
2020,7,July,1,Actual Outturn,3,Capital Gains Tax,20318
2020,7,July,1,Actual Outturn,4,Capital Acquisitions Tax,20648
2020,7,July,1,Actual Outturn,5,Stamps,113449
2020,7,July,1,Actual Outturn,6,Income Tax,1589177
2020,7,July,1,Actual Outturn,7,Corporation Tax,165325
2020,7,July,1,Actual Outturn,8,Valued Added Tax,1610916
2020,7,July,1,Actual Outturn,9,Training and Employment Levy,0
2020,7,July,1,Actual Outturn,10,Local Property Tax,0
2020,7,July,1,Actual Outturn,20,Unallocated Tax Receipts,69959
2020,7,July,1,Actual Outturn,21,Motor Vehicle Duties,89754
2020,8,August,1,Actual Outturn,1,Customs,18900
2020,8,August,1,Actual Outturn,2,Excise Duty,514623
2020,8,August,1,Actual Outturn,3,Capital Gains Tax,16307
2020,8,August,1,Actual Outturn,4,Capital Acquisitions Tax,19207
2020,8,August,1,Actual Outturn,5,Stamps,72286
2020,8,August,1,Actual Outturn,6,Income Tax,1754732
2020,8,August,1,Actual Outturn,7,Corporation Tax,417787
2020,8,August,1,Actual Outturn,8,Valued Added Tax,261493
2020,8,August,1,Actual Outturn,9,Training and Employment Levy,0
2020,8,August,1,Actual Outturn,10,Local Property Tax,0
2020,8,August,1,Actual Outturn,20,Unallocated Tax Receipts,-57054
2020,8,August,1,Actual Outturn,21,Motor Vehicle Duties,76447
2020,9,September,1,Actual Outturn,1,Customs,21000
2020,9,September,1,Actual Outturn,2,Excise Duty,457384
2020,9,September,1,Actual Outturn,3,Capital Gains Tax,19935
2020,9,September,1,Actual Outturn,4,Capital Acquisitions Tax,55768
2020,9,September,1,Actual Outturn,5,Stamps,65153
2020,9,September,1,Actual Outturn,6,Income Tax,1543125
2020,9,September,1,Actual Outturn,7,Corporation Tax,991217
2020,9,September,1,Actual Outturn,8,Valued Added Tax,2074689
2020,9,September,1,Actual Outturn,9,Training and Employment Levy,0
2020,9,September,1,Actual Outturn,10,Local Property Tax,0
2020,9,September,1,Actual Outturn,20,Unallocated Tax Receipts,15661
2020,9,September,1,Actual Outturn,21,Motor Vehicle Duties,75887
2020,10,October,1,Actual Outturn,1,Customs,30300
2020,10,October,1,Actual Outturn,2,Excise Duty,507439
2020,10,October,1,Actual Outturn,3,Capital Gains Tax,47341
2020,10,October,1,Actual Outturn,4,Capital Acquisitions Tax,64121
2020,10,October,1,Actual Outturn,5,Stamps,834900
2020,10,October,1,Actual Outturn,6,Income Tax,1584319
2020,10,October,1,Actual Outturn,7,Corporation Tax,197895
2020,10,October,1,Actual Outturn,8,Valued Added Tax,274936
2020,10,October,1,Actual Outturn,9,Training and Employment Levy,0
2020,10,October,1,Actual Outturn,10,Local Property Tax,0
2020,10,October,1,Actual Outturn,20,Unallocated Tax Receipts,-578145
2020,10,October,1,Actual Outturn,21,Motor Vehicle Duties,77982
2020,11,November,1,Actual Outturn,1,Customs,33300
2020,11,November,1,Actual Outturn,2,Excise Duty,506030
2020,11,November,1,Actual Outturn,3,Capital Gains Tax,78022
2020,11,November,1,Actual Outturn,4,Capital Acquisitions Tax,85572
2020,11,November,1,Actual Outturn,5,Stamps,137220
2020,11,November,1,Actual Outturn,6,Income Tax,2511171
2020,11,November,1,Actual Outturn,7,Corporation Tax,3049501
2020,11,November,1,Actual Outturn,8,Valued Added Tax,2071889
2020,11,November,1,Actual Outturn,9,Training and Employment Levy,4
2020,11,November,1,Actual Outturn,10,Local Property Tax,0
2020,11,November,1,Actual Outturn,20,Unallocated Tax Receipts,-13277
2020,11,November,1,Actual Outturn,21,Motor Vehicle Duties,61768
2020,12,December  ,1,Actual Outturn,1,Customs,26700
2020,12,December  ,1,Actual Outturn,2,Excise Duty,640364
2020,12,December  ,1,Actual Outturn,3,Capital Gains Tax,527110
2020,12,December  ,1,Actual Outturn,4,Capital Acquisitions Tax,152621
2020,12,December  ,1,Actual Outturn,5,Stamps,182730
2020,12,December  ,1,Actual Outturn,6,Income Tax,3186317
2020,12,December  ,1,Actual Outturn,7,Corporation Tax,1116100
2020,12,December  ,1,Actual Outturn,8,Valued Added Tax,208285
2020,12,December  ,1,Actual Outturn,9,Training and Employment Levy,0
2020,12,December  ,1,Actual Outturn,10,Local Property Tax,0
2020,12,December  ,1,Actual Outturn,20,Unallocated Tax Receipts,-72969
2020,12,December  ,1,Actual Outturn,21,Motor Vehicle Duties,67684
2021,1,January,1,Actual Outturn,1,Customs,29900
2021,1,January,1,Actual Outturn,2,Excise Duty,409525
2021,1,January,1,Actual Outturn,3,Capital Gains Tax,-32740
2021,1,January,1,Actual Outturn,4,Capital Acquisitions Tax,19106
2021,1,January,1,Actual Outturn,5,Stamps,94475
2021,1,January,1,Actual Outturn,6,Income Tax,2283423
2021,1,January,1,Actual Outturn,7,Corporation Tax,57462
2021,1,January,1,Actual Outturn,8,Valued Added Tax,2358553
2021,1,January,1,Actual Outturn,9,Training and Employment Levy,0
2021,1,January,1,Actual Outturn,10,Local Property Tax,0
2021,1,January,1,Actual Outturn,20,Unallocated Tax Receipts,85472
2021,1,January,1,Actual Outturn,21,Motor Vehicle Duties,82571
2021,2,February,1,Actual Outturn,1,Customs,38200
2021,2,February,1,Actual Outturn,2,Excise Duty,340878
2021,2,February,1,Actual Outturn,3,Capital Gains Tax,87522
2021,2,February,1,Actual Outturn,4,Capital Acquisitions Tax,19539
2021,2,February,1,Actual Outturn,5,Stamps,112837
2021,2,February,1,Actual Outturn,6,Income Tax,1750786
2021,2,February,1,Actual Outturn,7,Corporation Tax,292686
2021,2,February,1,Actual Outturn,8,Valued Added Tax,298026
2021,2,February,1,Actual Outturn,9,Training and Employment Levy,22
2021,2,February,1,Actual Outturn,10,Local Property Tax,0
2021,2,February,1,Actual Outturn,20,Unallocated Tax Receipts,-6538
2021,2,February,1,Actual Outturn,21,Motor Vehicle Duties,78908
2021,3,March,1,Actual Outturn,1,Customs,46000
2021,3,March,1,Actual Outturn,2,Excise Duty,456930
2021,3,March,1,Actual Outturn,3,Capital Gains Tax,23537
2021,3,March,1,Actual Outturn,4,Capital Acquisitions Tax,22881
2021,3,March,1,Actual Outturn,5,Stamps,150291
2021,3,March,1,Actual Outturn,6,Income Tax,1835221
2021,3,March,1,Actual Outturn,7,Corporation Tax,232813
2021,3,March,1,Actual Outturn,8,Valued Added Tax,1827490
2021,3,March,1,Actual Outturn,9,Training and Employment Levy,0
2021,3,March,1,Actual Outturn,10,Local Property Tax,0
2021,3,March,1,Actual Outturn,20,Unallocated Tax Receipts,-17623
2021,3,March,1,Actual Outturn,21,Motor Vehicle Duties,88457
2021,4,April,1,Actual Outturn,1,Customs,35139
2021,4,April,1,Actual Outturn,2,Excise Duty,484350
2021,4,April,1,Actual Outturn,3,Capital Gains Tax,17032
2021,4,April,1,Actual Outturn,4,Capital Acquisitions Tax,20123
2021,4,April,1,Actual Outturn,5,Stamps,114872
2021,4,April,1,Actual Outturn,6,Income Tax,2119736
2021,4,April,1,Actual Outturn,7,Corporation Tax,-10765
2021,4,April,1,Actual Outturn,8,Valued Added Tax,198197
2021,4,April,1,Actual Outturn,9,Training and Employment Levy,0
2021,4,April,1,Actual Outturn,10,Local Property Tax,0
2021,4,April,1,Actual Outturn,20,Unallocated Tax Receipts,15520
2021,4,April,1,Actual Outturn,21,Motor Vehicle Duties,76639
2021,5,May,1,Actual Outturn,1,Customs,46261
2021,5,May,1,Actual Outturn,2,Excise Duty,412169
2021,5,May,1,Actual Outturn,3,Capital Gains Tax,24109
2021,5,May,1,Actual Outturn,4,Capital Acquisitions Tax,23437
2021,5,May,1,Actual Outturn,5,Stamps,122815
2021,5,May,1,Actual Outturn,6,Income Tax,2176501
2021,5,May,1,Actual Outturn,7,Corporation Tax,2367534
2021,5,May,1,Actual Outturn,8,Valued Added Tax,2296065
2021,5,May,1,Actual Outturn,9,Training and Employment Levy,0
2021,5,May,1,Actual Outturn,10,Local Property Tax,0
2021,5,May,1,Actual Outturn,20,Unallocated Tax Receipts,-2714
2021,5,May,1,Actual Outturn,21,Motor Vehicle Duties,75748
2021,6,June,1,Actual Outturn,1,Customs,42700
2021,6,June,1,Actual Outturn,2,Excise Duty,432487
2021,6,June,1,Actual Outturn,3,Capital Gains Tax,37172
2021,6,June,1,Actual Outturn,4,Capital Acquisitions Tax,23916
2021,6,June,1,Actual Outturn,5,Stamps,135421
2021,6,June,1,Actual Outturn,6,Income Tax,2041956
2021,6,June,1,Actual Outturn,7,Corporation Tax,2802989
2021,6,June,1,Actual Outturn,8,Valued Added Tax,225129
2021,6,June,1,Actual Outturn,9,Training and Employment Levy,17
2021,6,June,1,Actual Outturn,10,Local Property Tax,0
2021,6,June,1,Actual Outturn,20,Unallocated Tax Receipts,-1428
2021,6,June,1,Actual Outturn,21,Motor Vehicle Duties,81664
2021,7,July,1,Actual Outturn,1,Customs,36100
2021,7,July,1,Actual Outturn,2,Excise Duty,529298
2021,7,July,1,Actual Outturn,3,Capital Gains Tax,50268
2021,7,July,1,Actual Outturn,4,Capital Acquisitions Tax,33868
2021,7,July,1,Actual Outturn,5,Stamps,131276
2021,7,July,1,Actual Outturn,6,Income Tax,2094933
2021,7,July,1,Actual Outturn,7,Corporation Tax,215876
2021,7,July,1,Actual Outturn,8,Valued Added Tax,2475515
2021,7,July,1,Actual Outturn,9,Training and Employment Levy,0
2021,7,July,1,Actual Outturn,10,Local Property Tax,0
2021,7,July,1,Actual Outturn,20,Unallocated Tax Receipts,45454
2021,7,July,1,Actual Outturn,21,Motor Vehicle Duties,82241
2021,8,August,1,Actual Outturn,1,Customs,38500
2021,8,August,1,Actual Outturn,2,Excise Duty,548813
2021,8,August,1,Actual Outturn,3,Capital Gains Tax,66047
2021,8,August,1,Actual Outturn,4,Capital Acquisitions Tax,29986
2021,8,August,1,Actual Outturn,5,Stamps,132602
2021,8,August,1,Actual Outturn,6,Income Tax,2213303
2021,8,August,1,Actual Outturn,7,Corporation Tax,1043325
2021,8,August,1,Actual Outturn,8,Valued Added Tax,137238
2021,8,August,1,Actual Outturn,9,Training and Employment Levy,0
2021,8,August,1,Actual Outturn,10,Local Property Tax,0
2021,8,August,1,Actual Outturn,20,Unallocated Tax Receipts,-41331
2021,8,August,1,Actual Outturn,21,Motor Vehicle Duties,76967
2021,9,September,1,Actual Outturn,1,Customs,42600
2021,9,September,1,Actual Outturn,2,Excise Duty,460784
2021,9,September,1,Actual Outturn,3,Capital Gains Tax,59224
2021,9,September,1,Actual Outturn,4,Capital Acquisitions Tax,36295
2021,9,September,1,Actual Outturn,5,Stamps,148929
2021,9,September,1,Actual Outturn,6,Income Tax,1929369
2021,9,September,1,Actual Outturn,7,Corporation Tax,1054830
2021,9,September,1,Actual Outturn,8,Valued Added Tax,2622796
2021,9,September,1,Actual Outturn,9,Training and Employment Levy,0
2021,9,September,1,Actual Outturn,10,Local Property Tax,0
2021,9,September,1,Actual Outturn,20,Unallocated Tax Receipts,-7269
2021,9,September,1,Actual Outturn,21,Motor Vehicle Duties,75786
2021,10,October,1,Actual Outturn,1,Customs,47600
2021,10,October,1,Actual Outturn,2,Excise Duty,545897
2021,10,October,1,Actual Outturn,3,Capital Gains Tax,124737
2021,10,October,1,Actual Outturn,4,Capital Acquisitions Tax,81087
2021,10,October,1,Actual Outturn,5,Stamps,272361
2021,10,October,1,Actual Outturn,6,Income Tax,2223334
2021,10,October,1,Actual Outturn,7,Corporation Tax,1493728
2021,10,October,1,Actual Outturn,8,Valued Added Tax,168922
2021,10,October,1,Actual Outturn,9,Training and Employment Levy,0
2021,10,October,1,Actual Outturn,10,Local Property Tax,0
2021,10,October,1,Actual Outturn,20,Unallocated Tax Receipts,56054
2021,10,October,1,Actual Outturn,21,Motor Vehicle Duties,66888
2021,11,November,1,Actual Outturn,1,Customs,61500
2021,11,November,1,Actual Outturn,2,Excise Duty,642791
2021,11,November,1,Actual Outturn,3,Capital Gains Tax,146773
2021,11,November,1,Actual Outturn,4,Capital Acquisitions Tax,240896
2021,11,November,1,Actual Outturn,5,Stamps,-160467
2021,11,November,1,Actual Outturn,6,Income Tax,3783987
2021,11,November,1,Actual Outturn,7,Corporation Tax,4000825
2021,11,November,1,Actual Outturn,8,Valued Added Tax,2579507
2021,11,November,1,Actual Outturn,9,Training and Employment Levy,10
2021,11,November,1,Actual Outturn,10,Local Property Tax,0
2021,11,November,1,Actual Outturn,20,Unallocated Tax Receipts,-20214
2021,11,November,1,Actual Outturn,21,Motor Vehicle Duties,59767
2021,12,December  ,1,Actual Outturn,1,Customs,61636
2021,12,December  ,1,Actual Outturn,2,Excise Duty,574786
2021,12,December  ,1,Actual Outturn,3,Capital Gains Tax,1037999
2021,12,December  ,1,Actual Outturn,4,Capital Acquisitions Tax,30198
2021,12,December  ,1,Actual Outturn,5,Stamps,227408
2021,12,December  ,1,Actual Outturn,6,Income Tax,2214099
2021,12,December  ,1,Actual Outturn,7,Corporation Tax,1773123
2021,12,December  ,1,Actual Outturn,8,Valued Added Tax,253659
2021,12,December  ,1,Actual Outturn,9,Training and Employment Levy,0
2021,12,December  ,1,Actual Outturn,10,Local Property Tax,0
2021,12,December  ,1,Actual Outturn,20,Unallocated Tax Receipts,-105383
2021,12,December  ,1,Actual Outturn,21,Motor Vehicle Duties,61441
2022,1,January,1,Actual Outturn,1,Customs,50000
2022,1,January,1,Actual Outturn,2,Excise Duty,402412
2022,1,January,1,Actual Outturn,3,Capital Gains Tax,70408
2022,1,January,1,Actual Outturn,4,Capital Acquisitions Tax,19891
2022,1,January,1,Actual Outturn,5,Stamps,120339
2022,1,January,1,Actual Outturn,6,Income Tax,2587569
2022,1,January,1,Actual Outturn,7,Corporation Tax,81276
2022,1,January,1,Actual Outturn,8,Valued Added Tax,3107722
2022,1,January,1,Actual Outturn,9,Training and Employment Levy,0
2022,1,January,1,Actual Outturn,10,Local Property Tax,0
2022,1,January,1,Actual Outturn,20,Unallocated Tax Receipts,136264
2022,1,January,1,Actual Outturn,21,Motor Vehicle Duties,86812
2022,2,February,1,Actual Outturn,1,Customs,61900
2022,2,February,1,Actual Outturn,2,Excise Duty,384526
2022,2,February,1,Actual Outturn,3,Capital Gains Tax,181232
2022,2,February,1,Actual Outturn,4,Capital Acquisitions Tax,20862
2022,2,February,1,Actual Outturn,5,Stamps,134667
2022,2,February,1,Actual Outturn,6,Income Tax,2123360
2022,2,February,1,Actual Outturn,7,Corporation Tax,219460
2022,2,February,1,Actual Outturn,8,Valued Added Tax,260849
2022,2,February,1,Actual Outturn,9,Training and Employment Levy,6
2022,2,February,1,Actual Outturn,10,Local Property Tax,0
2022,2,February,1,Actual Outturn,20,Unallocated Tax Receipts,-12164
2022,2,February,1,Actual Outturn,21,Motor Vehicle Duties,76226
2022,3,March,1,Actual Outturn,1,Customs,47800
2022,3,March,1,Actual Outturn,2,Excise Duty,426781
2022,3,March,1,Actual Outturn,3,Capital Gains Tax,24075
2022,3,March,1,Actual Outturn,4,Capital Acquisitions Tax,22499
2022,3,March,1,Actual Outturn,5,Stamps,120774
2022,3,March,1,Actual Outturn,6,Income Tax,2101230
2022,3,March,1,Actual Outturn,7,Corporation Tax,1588733
2022,3,March,1,Actual Outturn,8,Valued Added Tax,2482287
2022,3,March,1,Actual Outturn,9,Training and Employment Levy,0
2022,3,March,1,Actual Outturn,10,Local Property Tax,0
2022,3,March,1,Actual Outturn,20,Unallocated Tax Receipts,215524
2022,3,March,1,Actual Outturn,21,Motor Vehicle Duties,80501
2022,4,April,1,Actual Outturn,1,Customs,43900
2022,4,April,1,Actual Outturn,2,Excise Duty,526070
2022,4,April,1,Actual Outturn,3,Capital Gains Tax,37901
2022,4,April,1,Actual Outturn,4,Capital Acquisitions Tax,20643
2022,4,April,1,Actual Outturn,5,Stamps,162244
2022,4,April,1,Actual Outturn,6,Income Tax,2723602
2022,4,April,1,Actual Outturn,7,Corporation Tax,398516
2022,4,April,1,Actual Outturn,8,Valued Added Tax,191664
2022,4,April,1,Actual Outturn,9,Training and Employment Levy,0
2022,4,April,1,Actual Outturn,10,Local Property Tax,0
2022,4,April,1,Actual Outturn,20,Unallocated Tax Receipts,-253852
2022,4,April,1,Actual Outturn,21,Motor Vehicle Duties,73816
2022,5,May,1,Actual Outturn,1,Customs,49300
2022,5,May,1,Actual Outturn,2,Excise Duty,405702
2022,5,May,1,Actual Outturn,3,Capital Gains Tax,54744
2022,5,May,1,Actual Outturn,4,Capital Acquisitions Tax,19776
2022,5,May,1,Actual Outturn,5,Stamps,116840
2022,5,May,1,Actual Outturn,6,Income Tax,2363842
2022,5,May,1,Actual Outturn,7,Corporation Tax,2912028
2022,5,May,1,Actual Outturn,8,Valued Added Tax,2929814
2022,5,May,1,Actual Outturn,9,Training and Employment Levy,0
2022,5,May,1,Actual Outturn,10,Local Property Tax,0
2022,5,May,1,Actual Outturn,20,Unallocated Tax Receipts,-19712
2022,5,May,1,Actual Outturn,21,Motor Vehicle Duties,78909
2022,6,June,1,Actual Outturn,1,Customs,46100
2022,6,June,1,Actual Outturn,2,Excise Duty,440443
2022,6,June,1,Actual Outturn,3,Capital Gains Tax,46377
2022,6,June,1,Actual Outturn,4,Capital Acquisitions Tax,28582
2022,6,June,1,Actual Outturn,5,Stamps,141904
2022,6,June,1,Actual Outturn,6,Income Tax,2357694
2022,6,June,1,Actual Outturn,7,Corporation Tax,3579633
2022,6,June,1,Actual Outturn,8,Valued Added Tax,115680
2022,6,June,1,Actual Outturn,9,Training and Employment Levy,0
2022,6,June,1,Actual Outturn,10,Local Property Tax,0
2022,6,June,1,Actual Outturn,20,Unallocated Tax Receipts,-13271
2022,6,June,1,Actual Outturn,21,Motor Vehicle Duties,81497
2022,7,July,1,Actual Outturn,1,Customs,50600
2022,7,July,1,Actual Outturn,2,Excise Duty,474928
2022,7,July,1,Actual Outturn,3,Capital Gains Tax,71869
2022,7,July,1,Actual Outturn,4,Capital Acquisitions Tax,25243
2022,7,July,1,Actual Outturn,5,Stamps,298711
2022,7,July,1,Actual Outturn,6,Income Tax,2486268
2022,7,July,1,Actual Outturn,7,Corporation Tax,232191
2022,7,July,1,Actual Outturn,8,Valued Added Tax,2794045
2022,7,July,1,Actual Outturn,9,Training and Employment Levy,0
2022,7,July,1,Actual Outturn,10,Local Property Tax,0
2022,7,July,1,Actual Outturn,20,Unallocated Tax Receipts,51886
2022,7,July,1,Actual Outturn,21,Motor Vehicle Duties,79833
2022,8,August,1,Actual Outturn,1,Customs,47200
2022,8,August,1,Actual Outturn,2,Excise Duty,512166
2022,8,August,1,Actual Outturn,3,Capital Gains Tax,90602
2022,8,August,1,Actual Outturn,4,Capital Acquisitions Tax,29222
2022,8,August,1,Actual Outturn,5,Stamps,151680
2022,8,August,1,Actual Outturn,6,Income Tax,2420480
2022,8,August,1,Actual Outturn,7,Corporation Tax,2785380
2022,8,August,1,Actual Outturn,8,Valued Added Tax,275943
2022,8,August,1,Actual Outturn,9,Training and Employment Levy,0
2022,8,August,1,Actual Outturn,10,Local Property Tax,0
2022,8,August,1,Actual Outturn,20,Unallocated Tax Receipts,-32127
2022,8,August,1,Actual Outturn,21,Motor Vehicle Duties,81250
2022,9,September,1,Actual Outturn,1,Customs,58100
2022,9,September,1,Actual Outturn,2,Excise Duty,414718
2022,9,September,1,Actual Outturn,3,Capital Gains Tax,11360
2022,9,September,1,Actual Outturn,4,Capital Acquisitions Tax,34904
2022,9,September,1,Actual Outturn,5,Stamps,99620
2022,9,September,1,Actual Outturn,6,Income Tax,2210775
2022,9,September,1,Actual Outturn,7,Corporation Tax,2034091
2022,9,September,1,Actual Outturn,8,Valued Added Tax,3124333
2022,9,September,1,Actual Outturn,9,Training and Employment Levy,0
2022,9,September,1,Actual Outturn,10,Local Property Tax,0
2022,9,September,1,Actual Outturn,20,Unallocated Tax Receipts,722
2022,9,September,1,Actual Outturn,21,Motor Vehicle Duties,73914
2022,10,October,1,Actual Outturn,1,Customs,56200
2022,10,October,1,Actual Outturn,2,Excise Duty,551384
2022,10,October,1,Actual Outturn,3,Capital Gains Tax,76832
2022,10,October,1,Actual Outturn,4,Capital Acquisitions Tax,99314
2022,10,October,1,Actual Outturn,5,Stamps,188130
2022,10,October,1,Actual Outturn,6,Income Tax,2497359
2022,10,October,1,Actual Outturn,7,Corporation Tax,2327297
2022,10,October,1,Actual Outturn,8,Valued Added Tax,177730
2022,10,October,1,Actual Outturn,9,Training and Employment Levy,0
2022,10,October,1,Actual Outturn,10,Local Property Tax,0
2022,10,October,1,Actual Outturn,20,Unallocated Tax Receipts,11356
2022,10,October,1,Actual Outturn,21,Motor Vehicle Duties,71844
